Handle,Title,Body (HTML),Vendor,Type,Tags,Published,Option1 Name,Option1 Value,Option2 Name,Option2 Value,Variant SKU,Variant Inventory Tracker,Variant Inventory Qty,Variant Inventory Policy,Variant Fulfillment Service,Variant Price,Variant Compare At Price,Variant Requires Shipping,Variant Taxable,Variant Image,Image Src,Image Position,Image Alt Text,Status,Metafield: custom.badge [single_line_text_field],Metafield: custom.product_story [multi_line_text_field],Metafield: custom.product_3d_model [single_line_text_field],Metafield: custom.color_data [json]
nova-oversized-hoodie,NOVA Oversized Hoodie,"<p>A 420 GSM brushed fleece hoodie. Dropped shoulder, weighted hem, and a hood that holds its shape after the first wash.</p><p>Made in small batches, so no two pieces read exactly alike.</p>",NØVA,Hoodie,"street, unisex, drop, limited",TRUE,Color,Grey,Size,XS,NOVA-NOVAOVERSI-GRE-XS,shopify,19,deny,manual,4399.00,,TRUE,TRUE,https://raw.githubusercontent.com/Shivam3-max/nova/main/import/images/nova-hoodie-grey.png,https://raw.githubusercontent.com/Shivam3-max/nova/main/import/images/nova-hoodie-grey.png,1,NOVA Oversized Hoodie — Grey,active,LIMITED,Milled in Tiruppur. The shoulder is drafted four centimetres past the natural line so the silhouette falls rather than clings.,hoodie,"[{""name"":""Grey"",""swatch"":""#8a8c92"",""art"":""nova-hoodie-grey""},{""name"":""Charcoal"",""swatch"":""#2c2d32"",""art"":""nova-hoodie-charcoal""},{""name"":""Black"",""swatch"":""#131316"",""art"":""nova-hoodie-black""}]"
nova-oversized-hoodie,,,,,,,Color,Grey,Size,S,NOVA-NOVAOVERSI-GRE-S,shopify,19,deny,manual,4399.00,,TRUE,TRUE,https://raw.githubusercontent.com/Shivam3-max/nova/main/import/images/nova-hoodie-grey.png,https://raw.githubusercontent.com/Shivam3-max/nova/main/import/images/nova-hoodie-charcoal.png,2,NOVA Oversized Hoodie — Charcoal,,,,,
nova-oversized-hoodie,,,,,,,Color,Grey,Size,M,NOVA-NOVAOVERSI-GRE-M,shopify,19,deny,manual,4399.00,,TRUE,TRUE,https://raw.githubusercontent.com/Shivam3-max/nova/main/import/images/nova-hoodie-grey.png,https://raw.githubusercontent.com/Shivam3-max/nova/main/import/images/nova-hoodie-black.png,3,NOVA Oversized Hoodie — Black,,,,,
nova-oversized-hoodie,,,,,,,Color,Grey,Size,L,NOVA-NOVAOVERSI-GRE-L,shopify,19,deny,manual,4399.00,,TRUE,TRUE,https://raw.githubusercontent.com/Shivam3-max/nova/main/import/images/nova-hoodie-grey.png,,,,,,,,
nova-oversized-hoodie,,,,,,,Color,Grey,Size,XL,NOVA-NOVAOVERSI-GRE-XL,shopify,19,deny,manual,4399.00,,TRUE,TRUE,https://raw.githubusercontent.com/Shivam3-max/nova/main/import/images/nova-hoodie-grey.png,,,,,,,,
nova-oversized-hoodie,,,,,,,Color,Grey,Size,XXL,NOVA-NOVAOVERSI-GRE-XXL,shopify,19,deny,manual,4399.00,,TRUE,TRUE,https://raw.githubusercontent.com/Shivam3-max/nova/main/import/images/nova-hoodie-grey.png,,,,,,,,
nova-oversized-hoodie,,,,,,,Color,Charcoal,Size,XS,NOVA-NOVAOVERSI-CHA-XS,shopify,19,deny,manual,4399.00,,TRUE,TRUE,https://raw.githubusercontent.com/Shivam3-max/nova/main/import/images/nova-hoodie-charcoal.png,,,,,,,,
nova-oversized-hoodie,,,,,,,Color,Charcoal,Size,S,NOVA-NOVAOVERSI-CHA-S,shopify,19,deny,manual,4399.00,,TRUE,TRUE,https://raw.githubusercontent.com/Shivam3-max/nova/main/import/images/nova-hoodie-charcoal.png,,,,,,,,
nova-oversized-hoodie,,,,,,,Color,Charcoal,Size,M,NOVA-NOVAOVERSI-CHA-M,shopify,19,deny,manual,4399.00,,TRUE,TRUE,https://raw.githubusercontent.com/Shivam3-max/nova/main/import/images/nova-hoodie-charcoal.png,,,,,,,,
nova-oversized-hoodie,,,,,,,Color,Charcoal,Size,L,NOVA-NOVAOVERSI-CHA-L,shopify,19,deny,manual,4399.00,,TRUE,TRUE,https://raw.githubusercontent.com/Shivam3-max/nova/main/import/images/nova-hoodie-charcoal.png,,,,,,,,
nova-oversized-hoodie,,,,,,,Color,Charcoal,Size,XL,NOVA-NOVAOVERSI-CHA-XL,shopify,19,deny,manual,4399.00,,TRUE,TRUE,https://raw.githubusercontent.com/Shivam3-max/nova/main/import/images/nova-hoodie-charcoal.png,,,,,,,,
nova-oversized-hoodie,,,,,,,Color,Charcoal,Size,XXL,NOVA-NOVAOVERSI-CHA-XXL,shopify,19,deny,manual,4399.00,,TRUE,TRUE,https://raw.githubusercontent.com/Shivam3-max/nova/main/import/images/nova-hoodie-charcoal.png,,,,,,,,
nova-oversized-hoodie,,,,,,,Color,Black,Size,XS,NOVA-NOVAOVERSI-BLA-XS,shopify,19,deny,manual,4399.00,,TRUE,TRUE,https://raw.githubusercontent.com/Shivam3-max/nova/main/import/images/nova-hoodie-black.png,,,,,,,,
nova-oversized-hoodie,,,,,,,Color,Black,Size,S,NOVA-NOVAOVERSI-BLA-S,shopify,19,deny,manual,4399.00,,TRUE,TRUE,https://raw.githubusercontent.com/Shivam3-max/nova/main/import/images/nova-hoodie-black.png,,,,,,,,
nova-oversized-hoodie,,,,,,,Color,Black,Size,M,NOVA-NOVAOVERSI-BLA-M,shopify,19,deny,manual,4399.00,,TRUE,TRUE,https://raw.githubusercontent.com/Shivam3-max/nova/main/import/images/nova-hoodie-black.png,,,,,,,,
nova-oversized-hoodie,,,,,,,Color,Black,Size,L,NOVA-NOVAOVERSI-BLA-L,shopify,19,deny,manual,4399.00,,TRUE,TRUE,https://raw.githubusercontent.com/Shivam3-max/nova/main/import/images/nova-hoodie-black.png,,,,,,,,
nova-oversized-hoodie,,,,,,,Color,Black,Size,XL,NOVA-NOVAOVERSI-BLA-XL,shopify,19,deny,manual,4399.00,,TRUE,TRUE,https://raw.githubusercontent.com/Shivam3-max/nova/main/import/images/nova-hoodie-black.png,,,,,,,,
nova-oversized-hoodie,,,,,,,Color,Black,Size,XXL,NOVA-NOVAOVERSI-BLA-XXL,shopify,0,deny,manual,4399.00,,TRUE,TRUE,https://raw.githubusercontent.com/Shivam3-max/nova/main/import/images/nova-hoodie-black.png,,,,,,,,
nova-atlas-hoodie,NOVA Atlas Hoodie,"<p>A 420 GSM brushed fleece hoodie. Dropped shoulder, weighted hem, and a hood that holds its shape after the first wash.</p><p>Made in small batches, so no two pieces read exactly alike.</p>",NØVA,Hoodie,"street, unisex",TRUE,Color,Grey,Size,XS,NOVA-NOVAATLASH-GRE-XS,shopify,37,deny,manual,3599.00,4499.00,TRUE,TRUE,https://raw.githubusercontent.com/Shivam3-max/nova/main/import/images/nova-hoodie-grey.png,https://raw.githubusercontent.com/Shivam3-max/nova/main/import/images/nova-hoodie-grey.png,1,NOVA Atlas Hoodie — Grey,active,,Milled in Tiruppur. The shoulder is drafted four centimetres past the natural line so the silhouette falls rather than clings.,hoodie,"[{""name"":""Grey"",""swatch"":""#8a8c92"",""art"":""nova-hoodie-grey""},{""name"":""Charcoal"",""swatch"":""#2c2d32"",""art"":""nova-hoodie-charcoal""}]"
nova-atlas-hoodie,,,,,,,Color,Grey,Size,S,NOVA-NOVAATLASH-GRE-S,shopify,37,deny,manual,3599.00,4499.00,TRUE,TRUE,https://raw.githubusercontent.com/Shivam3-max/nova/main/import/images/nova-hoodie-grey.png,https://raw.githubusercontent.com/Shivam3-max/nova/main/import/images/nova-hoodie-charcoal.png,2,NOVA Atlas Hoodie — Charcoal,,,,,
nova-atlas-hoodie,,,,,,,Color,Grey,Size,M,NOVA-NOVAATLASH-GRE-M,shopify,37,deny,manual,3599.00,4499.00,TRUE,TRUE,https://raw.githubusercontent.com/Shivam3-max/nova/main/import/images/nova-hoodie-grey.png,,,,,,,,
nova-atlas-hoodie,,,,,,,Color,Grey,Size,L,NOVA-NOVAATLASH-GRE-L,shopify,37,deny,manual,3599.00,4499.00,TRUE,TRUE,https://raw.githubusercontent.com/Shivam3-max/nova/main/import/images/nova-hoodie-grey.png,,,,,,,,
nova-atlas-hoodie,,,,,,,Color,Grey,Size,XL,NOVA-NOVAATLASH-GRE-XL,shopify,37,deny,manual,3599.00,4499.00,TRUE,TRUE,https://raw.githubusercontent.com/Shivam3-max/nova/main/import/images/nova-hoodie-grey.png,,,,,,,,
nova-atlas-hoodie,,,,,,,Color,Grey,Size,XXL,NOVA-NOVAATLASH-GRE-XXL,shopify,37,deny,manual,3599.00,4499.00,TRUE,TRUE,https://raw.githubusercontent.com/Shivam3-max/nova/main/import/images/nova-hoodie-grey.png,,,,,,,,
nova-atlas-hoodie,,,,,,,Color,Charcoal,Size,XS,NOVA-NOVAATLASH-CHA-XS,shopify,37,deny,manual,3599.00,4499.00,TRUE,TRUE,https://raw.githubusercontent.com/Shivam3-max/nova/main/import/images/nova-hoodie-charcoal.png,,,,,,,,
nova-atlas-hoodie,,,,,,,Color,Charcoal,Size,S,NOVA-NOVAATLASH-CHA-S,shopify,37,deny,manual,3599.00,4499.00,TRUE,TRUE,https://raw.githubusercontent.com/Shivam3-max/nova/main/import/images/nova-hoodie-charcoal.png,,,,,,,,
nova-atlas-hoodie,,,,,,,Color,Charcoal,Size,M,NOVA-NOVAATLASH-CHA-M,shopify,37,deny,manual,3599.00,4499.00,TRUE,TRUE,https://raw.githubusercontent.com/Shivam3-max/nova/main/import/images/nova-hoodie-charcoal.png,,,,,,,,
nova-atlas-hoodie,,,,,,,Color,Charcoal,Size,L,NOVA-NOVAATLASH-CHA-L,shopify,37,deny,manual,3599.00,4499.00,TRUE,TRUE,https://raw.githubusercontent.com/Shivam3-max/nova/main/import/images/nova-hoodie-charcoal.png,,,,,,,,
nova-atlas-hoodie,,,,,,,Color,Charcoal,Size,XL,NOVA-NOVAATLASH-CHA-XL,shopify,37,deny,manual,3599.00,4499.00,TRUE,TRUE,https://raw.githubusercontent.com/Shivam3-max/nova/main/import/images/nova-hoodie-charcoal.png,,,,,,,,
nova-atlas-hoodie,,,,,,,Color,Charcoal,Size,XXL,NOVA-NOVAATLASH-CHA-XXL,shopify,0,deny,manual,3599.00,4499.00,TRUE,TRUE,https://raw.githubusercontent.com/Shivam3-max/nova/main/import/images/nova-hoodie-charcoal.png,,,,,,,,
nova-terrain-hoodie,NOVA Terrain Hoodie,"<p>A 480 GSM loopback cotton hoodie. Dropped shoulder, weighted hem, and a hood that holds its shape after the first wash.</p><p>Made in small batches, so no two pieces read exactly alike.</p>",NØVA,Hoodie,"street, unisex",TRUE,Color,Charcoal,Size,XS,NOVA-NOVATERRAI-CHA-XS,shopify,107,deny,manual,3699.00,,TRUE,TRUE,https://raw.githubusercontent.com/Shivam3-max/nova/main/import/images/nova-hoodie-charcoal.png,https://raw.githubusercontent.com/Shivam3-max/nova/main/import/images/nova-hoodie-charcoal.png,1,NOVA Terrain Hoodie — Charcoal,active,,Milled in Tiruppur. The shoulder is drafted four centimetres past the natural line so the silhouette falls rather than clings.,hoodie,"[{""name"":""Charcoal"",""swatch"":""#2c2d32"",""art"":""nova-hoodie-charcoal""},{""name"":""Black"",""swatch"":""#131316"",""art"":""nova-hoodie-black""},{""name"":""Bone"",""swatch"":""#e3ded4"",""art"":""nova-hoodie-bone""}]"
nova-terrain-hoodie,,,,,,,Color,Charcoal,Size,S,NOVA-NOVATERRAI-CHA-S,shopify,107,deny,manual,3699.00,,TRUE,TRUE,https://raw.githubusercontent.com/Shivam3-max/nova/main/import/images/nova-hoodie-charcoal.png,https://raw.githubusercontent.com/Shivam3-max/nova/main/import/images/nova-hoodie-black.png,2,NOVA Terrain Hoodie — Black,,,,,
nova-terrain-hoodie,,,,,,,Color,Charcoal,Size,M,NOVA-NOVATERRAI-CHA-M,shopify,107,deny,manual,3699.00,,TRUE,TRUE,https://raw.githubusercontent.com/Shivam3-max/nova/main/import/images/nova-hoodie-charcoal.png,https://raw.githubusercontent.com/Shivam3-max/nova/main/import/images/nova-hoodie-bone.png,3,NOVA Terrain Hoodie — Bone,,,,,
nova-terrain-hoodie,,,,,,,Color,Charcoal,Size,L,NOVA-NOVATERRAI-CHA-L,shopify,107,deny,manual,3699.00,,TRUE,TRUE,https://raw.githubusercontent.com/Shivam3-max/nova/main/import/images/nova-hoodie-charcoal.png,,,,,,,,
nova-terrain-hoodie,,,,,,,Color,Charcoal,Size,XL,NOVA-NOVATERRAI-CHA-XL,shopify,107,deny,manual,3699.00,,TRUE,TRUE,https://raw.githubusercontent.com/Shivam3-max/nova/main/import/images/nova-hoodie-charcoal.png,,,,,,,,
nova-terrain-hoodie,,,,,,,Color,Charcoal,Size,XXL,NOVA-NOVATERRAI-CHA-XXL,shopify,107,deny,manual,3699.00,,TRUE,TRUE,https://raw.githubusercontent.com/Shivam3-max/nova/main/import/images/nova-hoodie-charcoal.png,,,,,,,,
nova-terrain-hoodie,,,,,,,Color,Black,Size,XS,NOVA-NOVATERRAI-BLA-XS,shopify,107,deny,manual,3699.00,,TRUE,TRUE,https://raw.githubusercontent.com/Shivam3-max/nova/main/import/images/nova-hoodie-black.png,,,,,,,,
nova-terrain-hoodie,,,,,,,Color,Black,Size,S,NOVA-NOVATERRAI-BLA-S,shopify,107,deny,manual,3699.00,,TRUE,TRUE,https://raw.githubusercontent.com/Shivam3-max/nova/main/import/images/nova-hoodie-black.png,,,,,,,,
nova-terrain-hoodie,,,,,,,Color,Black,Size,M,NOVA-NOVATERRAI-BLA-M,shopify,107,deny,manual,3699.00,,TRUE,TRUE,https://raw.githubusercontent.com/Shivam3-max/nova/main/import/images/nova-hoodie-black.png,,,,,,,,
nova-terrain-hoodie,,,,,,,Color,Black,Size,L,NOVA-NOVATERRAI-BLA-L,shopify,107,deny,manual,3699.00,,TRUE,TRUE,https://raw.githubusercontent.com/Shivam3-max/nova/main/import/images/nova-hoodie-black.png,,,,,,,,
nova-terrain-hoodie,,,,,,,Color,Black,Size,XL,NOVA-NOVATERRAI-BLA-XL,shopify,107,deny,manual,3699.00,,TRUE,TRUE,https://raw.githubusercontent.com/Shivam3-max/nova/main/import/images/nova-hoodie-black.png,,,,,,,,
nova-terrain-hoodie,,,,,,,Color,Black,Size,XXL,NOVA-NOVATERRAI-BLA-XXL,shopify,107,deny,manual,3699.00,,TRUE,TRUE,https://raw.githubusercontent.com/Shivam3-max/nova/main/import/images/nova-hoodie-black.png,,,,,,,,
nova-terrain-hoodie,,,,,,,Color,Bone,Size,XS,NOVA-NOVATERRAI-BON-XS,shopify,107,deny,manual,3699.00,,TRUE,TRUE,https://raw.githubusercontent.com/Shivam3-max/nova/main/import/images/nova-hoodie-bone.png,,,,,,,,
nova-terrain-hoodie,,,,,,,Color,Bone,Size,S,NOVA-NOVATERRAI-BON-S,shopify,107,deny,manual,3699.00,,TRUE,TRUE,https://raw.githubusercontent.com/Shivam3-max/nova/main/import/images/nova-hoodie-bone.png,,,,,,,,
nova-terrain-hoodie,,,,,,,Color,Bone,Size,M,NOVA-NOVATERRAI-BON-M,shopify,107,deny,manual,3699.00,,TRUE,TRUE,https://raw.githubusercontent.com/Shivam3-max/nova/main/import/images/nova-hoodie-bone.png,,,,,,,,
nova-terrain-hoodie,,,,,,,Color,Bone,Size,L,NOVA-NOVATERRAI-BON-L,shopify,107,deny,manual,3699.00,,TRUE,TRUE,https://raw.githubusercontent.com/Shivam3-max/nova/main/import/images/nova-hoodie-bone.png,,,,,,,,
nova-terrain-hoodie,,,,,,,Color,Bone,Size,XL,NOVA-NOVATERRAI-BON-XL,shopify,107,deny,manual,3699.00,,TRUE,TRUE,https://raw.githubusercontent.com/Shivam3-max/nova/main/import/images/nova-hoodie-bone.png,,,,,,,,
nova-terrain-hoodie,,,,,,,Color,Bone,Size,XXL,NOVA-NOVATERRAI-BON-XXL,shopify,0,deny,manual,3699.00,,TRUE,TRUE,https://raw.githubusercontent.com/Shivam3-max/nova/main/import/images/nova-hoodie-bone.png,,,,,,,,
nova-vector-hoodie,NOVA Vector Hoodie,"<p>A garment-dyed french terry hoodie. Dropped shoulder, weighted hem, and a hood that holds its shape after the first wash.</p><p>Made in small batches, so no two pieces read exactly alike.</p>",NØVA,Hoodie,"street, unisex",TRUE,Color,Grey,Size,XS,NOVA-NOVAVECTOR-GRE-XS,shopify,100,deny,manual,4099.00,,TRUE,TRUE,https://raw.githubusercontent.com/Shivam3-max/nova/main/import/images/nova-hoodie-grey.png,https://raw.githubusercontent.com/Shivam3-max/nova/main/import/images/nova-hoodie-grey.png,1,NOVA Vector Hoodie — Grey,active,,Milled in Tiruppur. The shoulder is drafted four centimetres past the natural line so the silhouette falls rather than clings.,hoodie,"[{""name"":""Grey"",""swatch"":""#8a8c92"",""art"":""nova-hoodie-grey""},{""name"":""Charcoal"",""swatch"":""#2c2d32"",""art"":""nova-hoodie-charcoal""},{""name"":""Black"",""swatch"":""#131316"",""art"":""nova-hoodie-black""}]"
nova-vector-hoodie,,,,,,,Color,Grey,Size,S,NOVA-NOVAVECTOR-GRE-S,shopify,100,deny,manual,4099.00,,TRUE,TRUE,https://raw.githubusercontent.com/Shivam3-max/nova/main/import/images/nova-hoodie-grey.png,https://raw.githubusercontent.com/Shivam3-max/nova/main/import/images/nova-hoodie-charcoal.png,2,NOVA Vector Hoodie — Charcoal,,,,,
nova-vector-hoodie,,,,,,,Color,Grey,Size,M,NOVA-NOVAVECTOR-GRE-M,shopify,100,deny,manual,4099.00,,TRUE,TRUE,https://raw.githubusercontent.com/Shivam3-max/nova/main/import/images/nova-hoodie-grey.png,https://raw.githubusercontent.com/Shivam3-max/nova/main/import/images/nova-hoodie-black.png,3,NOVA Vector Hoodie — Black,,,,,
nova-vector-hoodie,,,,,,,Color,Grey,Size,L,NOVA-NOVAVECTOR-GRE-L,shopify,100,deny,manual,4099.00,,TRUE,TRUE,https://raw.githubusercontent.com/Shivam3-max/nova/main/import/images/nova-hoodie-grey.png,,,,,,,,
nova-vector-hoodie,,,,,,,Color,Grey,Size,XL,NOVA-NOVAVECTOR-GRE-XL,shopify,100,deny,manual,4099.00,,TRUE,TRUE,https://raw.githubusercontent.com/Shivam3-max/nova/main/import/images/nova-hoodie-grey.png,,,,,,,,
nova-vector-hoodie,,,,,,,Color,Grey,Size,XXL,NOVA-NOVAVECTOR-GRE-XXL,shopify,100,deny,manual,4099.00,,TRUE,TRUE,https://raw.githubusercontent.com/Shivam3-max/nova/main/import/images/nova-hoodie-grey.png,,,,,,,,
nova-vector-hoodie,,,,,,,Color,Charcoal,Size,XS,NOVA-NOVAVECTOR-CHA-XS,shopify,100,deny,manual,4099.00,,TRUE,TRUE,https://raw.githubusercontent.com/Shivam3-max/nova/main/import/images/nova-hoodie-charcoal.png,,,,,,,,
nova-vector-hoodie,,,,,,,Color,Charcoal,Size,S,NOVA-NOVAVECTOR-CHA-S,shopify,100,deny,manual,4099.00,,TRUE,TRUE,https://raw.githubusercontent.com/Shivam3-max/nova/main/import/images/nova-hoodie-charcoal.png,,,,,,,,
nova-vector-hoodie,,,,,,,Color,Charcoal,Size,M,NOVA-NOVAVECTOR-CHA-M,shopify,100,deny,manual,4099.00,,TRUE,TRUE,https://raw.githubusercontent.com/Shivam3-max/nova/main/import/images/nova-hoodie-charcoal.png,,,,,,,,
nova-vector-hoodie,,,,,,,Color,Charcoal,Size,L,NOVA-NOVAVECTOR-CHA-L,shopify,100,deny,manual,4099.00,,TRUE,TRUE,https://raw.githubusercontent.com/Shivam3-max/nova/main/import/images/nova-hoodie-charcoal.png,,,,,,,,
nova-vector-hoodie,,,,,,,Color,Charcoal,Size,XL,NOVA-NOVAVECTOR-CHA-XL,shopify,100,deny,manual,4099.00,,TRUE,TRUE,https://raw.githubusercontent.com/Shivam3-max/nova/main/import/images/nova-hoodie-charcoal.png,,,,,,,,
nova-vector-hoodie,,,,,,,Color,Charcoal,Size,XXL,NOVA-NOVAVECTOR-CHA-XXL,shopify,100,deny,manual,4099.00,,TRUE,TRUE,https://raw.githubusercontent.com/Shivam3-max/nova/main/import/images/nova-hoodie-charcoal.png,,,,,,,,
nova-vector-hoodie,,,,,,,Color,Black,Size,XS,NOVA-NOVAVECTOR-BLA-XS,shopify,100,deny,manual,4099.00,,TRUE,TRUE,https://raw.githubusercontent.com/Shivam3-max/nova/main/import/images/nova-hoodie-black.png,,,,,,,,
nova-vector-hoodie,,,,,,,Color,Black,Size,S,NOVA-NOVAVECTOR-BLA-S,shopify,100,deny,manual,4099.00,,TRUE,TRUE,https://raw.githubusercontent.com/Shivam3-max/nova/main/import/images/nova-hoodie-black.png,,,,,,,,
nova-vector-hoodie,,,,,,,Color,Black,Size,M,NOVA-NOVAVECTOR-BLA-M,shopify,100,deny,manual,4099.00,,TRUE,TRUE,https://raw.githubusercontent.com/Shivam3-max/nova/main/import/images/nova-hoodie-black.png,,,,,,,,
nova-vector-hoodie,,,,,,,Color,Black,Size,L,NOVA-NOVAVECTOR-BLA-L,shopify,100,deny,manual,4099.00,,TRUE,TRUE,https://raw.githubusercontent.com/Shivam3-max/nova/main/import/images/nova-hoodie-black.png,,,,,,,,
nova-vector-hoodie,,,,,,,Color,Black,Size,XL,NOVA-NOVAVECTOR-BLA-XL,shopify,100,deny,manual,4099.00,,TRUE,TRUE,https://raw.githubusercontent.com/Shivam3-max/nova/main/import/images/nova-hoodie-black.png,,,,,,,,
nova-vector-hoodie,,,,,,,Color,Black,Size,XXL,NOVA-NOVAVECTOR-BLA-XXL,shopify,0,deny,manual,4099.00,,TRUE,TRUE,https://raw.githubusercontent.com/Shivam3-max/nova/main/import/images/nova-hoodie-black.png,,,,,,,,
nova-halo-hoodie,NOVA Halo Hoodie,"<p>A 480 GSM loopback cotton hoodie. Dropped shoulder, weighted hem, and a hood that holds its shape after the first wash.</p><p>Made in small batches, so no two pieces read exactly alike.</p>",NØVA,Hoodie,"street, unisex",TRUE,Color,Black,Size,XS,NOVA-NOVAHALOHO-BLA-XS,shopify,58,deny,manual,3299.00,4099.00,TRUE,TRUE,https://raw.githubusercontent.com/Shivam3-max/nova/main/import/images/nova-hoodie-black.png,https://raw.githubusercontent.com/Shivam3-max/nova/main/import/images/nova-hoodie-black.png,1,NOVA Halo Hoodie — Black,active,,Milled in Tiruppur. The shoulder is drafted four centimetres past the natural line so the silhouette falls rather than clings.,hoodie,"[{""name"":""Black"",""swatch"":""#131316"",""art"":""nova-hoodie-black""},{""name"":""Bone"",""swatch"":""#e3ded4"",""art"":""nova-hoodie-bone""},{""name"":""Grey"",""swatch"":""#8a8c92"",""art"":""nova-hoodie-grey""}]"
nova-halo-hoodie,,,,,,,Color,Black,Size,S,NOVA-NOVAHALOHO-BLA-S,shopify,58,deny,manual,3299.00,4099.00,TRUE,TRUE,https://raw.githubusercontent.com/Shivam3-max/nova/main/import/images/nova-hoodie-black.png,https://raw.githubusercontent.com/Shivam3-max/nova/main/import/images/nova-hoodie-bone.png,2,NOVA Halo Hoodie — Bone,,,,,
nova-halo-hoodie,,,,,,,Color,Black,Size,M,NOVA-NOVAHALOHO-BLA-M,shopify,58,deny,manual,3299.00,4099.00,TRUE,TRUE,https://raw.githubusercontent.com/Shivam3-max/nova/main/import/images/nova-hoodie-black.png,https://raw.githubusercontent.com/Shivam3-max/nova/main/import/images/nova-hoodie-grey.png,3,NOVA Halo Hoodie — Grey,,,,,
nova-halo-hoodie,,,,,,,Color,Black,Size,L,NOVA-NOVAHALOHO-BLA-L,shopify,58,deny,manual,3299.00,4099.00,TRUE,TRUE,https://raw.githubusercontent.com/Shivam3-max/nova/main/import/images/nova-hoodie-black.png,,,,,,,,
nova-halo-hoodie,,,,,,,Color,Black,Size,XL,NOVA-NOVAHALOHO-BLA-XL,shopify,58,deny,manual,3299.00,4099.00,TRUE,TRUE,https://raw.githubusercontent.com/Shivam3-max/nova/main/import/images/nova-hoodie-black.png,,,,,,,,
nova-halo-hoodie,,,,,,,Color,Black,Size,XXL,NOVA-NOVAHALOHO-BLA-XXL,shopify,58,deny,manual,3299.00,4099.00,TRUE,TRUE,https://raw.githubusercontent.com/Shivam3-max/nova/main/import/images/nova-hoodie-black.png,,,,,,,,
nova-halo-hoodie,,,,,,,Color,Bone,Size,XS,NOVA-NOVAHALOHO-BON-XS,shopify,58,deny,manual,3299.00,4099.00,TRUE,TRUE,https://raw.githubusercontent.com/Shivam3-max/nova/main/import/images/nova-hoodie-bone.png,,,,,,,,
nova-halo-hoodie,,,,,,,Color,Bone,Size,S,NOVA-NOVAHALOHO-BON-S,shopify,58,deny,manual,3299.00,4099.00,TRUE,TRUE,https://raw.githubusercontent.com/Shivam3-max/nova/main/import/images/nova-hoodie-bone.png,,,,,,,,
nova-halo-hoodie,,,,,,,Color,Bone,Size,M,NOVA-NOVAHALOHO-BON-M,shopify,58,deny,manual,3299.00,4099.00,TRUE,TRUE,https://raw.githubusercontent.com/Shivam3-max/nova/main/import/images/nova-hoodie-bone.png,,,,,,,,
nova-halo-hoodie,,,,,,,Color,Bone,Size,L,NOVA-NOVAHALOHO-BON-L,shopify,58,deny,manual,3299.00,4099.00,TRUE,TRUE,https://raw.githubusercontent.com/Shivam3-max/nova/main/import/images/nova-hoodie-bone.png,,,,,,,,
nova-halo-hoodie,,,,,,,Color,Bone,Size,XL,NOVA-NOVAHALOHO-BON-XL,shopify,58,deny,manual,3299.00,4099.00,TRUE,TRUE,https://raw.githubusercontent.com/Shivam3-max/nova/main/import/images/nova-hoodie-bone.png,,,,,,,,
nova-halo-hoodie,,,,,,,Color,Bone,Size,XXL,NOVA-NOVAHALOHO-BON-XXL,shopify,58,deny,manual,3299.00,4099.00,TRUE,TRUE,https://raw.githubusercontent.com/Shivam3-max/nova/main/import/images/nova-hoodie-bone.png,,,,,,,,
nova-halo-hoodie,,,,,,,Color,Grey,Size,XS,NOVA-NOVAHALOHO-GRE-XS,shopify,58,deny,manual,3299.00,4099.00,TRUE,TRUE,https://raw.githubusercontent.com/Shivam3-max/nova/main/import/images/nova-hoodie-grey.png,,,,,,,,
nova-halo-hoodie,,,,,,,Color,Grey,Size,S,NOVA-NOVAHALOHO-GRE-S,shopify,58,deny,manual,3299.00,4099.00,TRUE,TRUE,https://raw.githubusercontent.com/Shivam3-max/nova/main/import/images/nova-hoodie-grey.png,,,,,,,,
nova-halo-hoodie,,,,,,,Color,Grey,Size,M,NOVA-NOVAHALOHO-GRE-M,shopify,58,deny,manual,3299.00,4099.00,TRUE,TRUE,https://raw.githubusercontent.com/Shivam3-max/nova/main/import/images/nova-hoodie-grey.png,,,,,,,,
nova-halo-hoodie,,,,,,,Color,Grey,Size,L,NOVA-NOVAHALOHO-GRE-L,shopify,58,deny,manual,3299.00,4099.00,TRUE,TRUE,https://raw.githubusercontent.com/Shivam3-max/nova/main/import/images/nova-hoodie-grey.png,,,,,,,,
nova-halo-hoodie,,,,,,,Color,Grey,Size,XL,NOVA-NOVAHALOHO-GRE-XL,shopify,58,deny,manual,3299.00,4099.00,TRUE,TRUE,https://raw.githubusercontent.com/Shivam3-max/nova/main/import/images/nova-hoodie-grey.png,,,,,,,,
nova-halo-hoodie,,,,,,,Color,Grey,Size,XXL,NOVA-NOVAHALOHO-GRE-XXL,shopify,0,deny,manual,3299.00,4099.00,TRUE,TRUE,https://raw.githubusercontent.com/Shivam3-max/nova/main/import/images/nova-hoodie-grey.png,,,,,,,,
nova-onyx-hoodie,NOVA Onyx Hoodie,"<p>A 420 GSM brushed fleece hoodie. Dropped shoulder, weighted hem, and a hood that holds its shape after the first wash.</p><p>Made in small batches, so no two pieces read exactly alike.</p>",NØVA,Hoodie,"street, unisex",TRUE,Color,Charcoal,Size,XS,NOVA-NOVAONYXHO-CHA-XS,shopify,64,deny,manual,3699.00,4599.00,TRUE,TRUE,https://raw.githubusercontent.com/Shivam3-max/nova/main/import/images/nova-hoodie-charcoal.png,https://raw.githubusercontent.com/Shivam3-max/nova/main/import/images/nova-hoodie-charcoal.png,1,NOVA Onyx Hoodie — Charcoal,active,,Milled in Tiruppur. The shoulder is drafted four centimetres past the natural line so the silhouette falls rather than clings.,hoodie,"[{""name"":""Charcoal"",""swatch"":""#2c2d32"",""art"":""nova-hoodie-charcoal""},{""name"":""Black"",""swatch"":""#131316"",""art"":""nova-hoodie-black""},{""name"":""Bone"",""swatch"":""#e3ded4"",""art"":""nova-hoodie-bone""}]"
nova-onyx-hoodie,,,,,,,Color,Charcoal,Size,S,NOVA-NOVAONYXHO-CHA-S,shopify,64,deny,manual,3699.00,4599.00,TRUE,TRUE,https://raw.githubusercontent.com/Shivam3-max/nova/main/import/images/nova-hoodie-charcoal.png,https://raw.githubusercontent.com/Shivam3-max/nova/main/import/images/nova-hoodie-black.png,2,NOVA Onyx Hoodie — Black,,,,,
nova-onyx-hoodie,,,,,,,Color,Charcoal,Size,M,NOVA-NOVAONYXHO-CHA-M,shopify,64,deny,manual,3699.00,4599.00,TRUE,TRUE,https://raw.githubusercontent.com/Shivam3-max/nova/main/import/images/nova-hoodie-charcoal.png,https://raw.githubusercontent.com/Shivam3-max/nova/main/import/images/nova-hoodie-bone.png,3,NOVA Onyx Hoodie — Bone,,,,,
nova-onyx-hoodie,,,,,,,Color,Charcoal,Size,L,NOVA-NOVAONYXHO-CHA-L,shopify,64,deny,manual,3699.00,4599.00,TRUE,TRUE,https://raw.githubusercontent.com/Shivam3-max/nova/main/import/images/nova-hoodie-charcoal.png,,,,,,,,
nova-onyx-hoodie,,,,,,,Color,Charcoal,Size,XL,NOVA-NOVAONYXHO-CHA-XL,shopify,64,deny,manual,3699.00,4599.00,TRUE,TRUE,https://raw.githubusercontent.com/Shivam3-max/nova/main/import/images/nova-hoodie-charcoal.png,,,,,,,,
nova-onyx-hoodie,,,,,,,Color,Charcoal,Size,XXL,NOVA-NOVAONYXHO-CHA-XXL,shopify,64,deny,manual,3699.00,4599.00,TRUE,TRUE,https://raw.githubusercontent.com/Shivam3-max/nova/main/import/images/nova-hoodie-charcoal.png,,,,,,,,
nova-onyx-hoodie,,,,,,,Color,Black,Size,XS,NOVA-NOVAONYXHO-BLA-XS,shopify,64,deny,manual,3699.00,4599.00,TRUE,TRUE,https://raw.githubusercontent.com/Shivam3-max/nova/main/import/images/nova-hoodie-black.png,,,,,,,,
nova-onyx-hoodie,,,,,,,Color,Black,Size,S,NOVA-NOVAONYXHO-BLA-S,shopify,64,deny,manual,3699.00,4599.00,TRUE,TRUE,https://raw.githubusercontent.com/Shivam3-max/nova/main/import/images/nova-hoodie-black.png,,,,,,,,
nova-onyx-hoodie,,,,,,,Color,Black,Size,M,NOVA-NOVAONYXHO-BLA-M,shopify,64,deny,manual,3699.00,4599.00,TRUE,TRUE,https://raw.githubusercontent.com/Shivam3-max/nova/main/import/images/nova-hoodie-black.png,,,,,,,,
nova-onyx-hoodie,,,,,,,Color,Black,Size,L,NOVA-NOVAONYXHO-BLA-L,shopify,64,deny,manual,3699.00,4599.00,TRUE,TRUE,https://raw.githubusercontent.com/Shivam3-max/nova/main/import/images/nova-hoodie-black.png,,,,,,,,
nova-onyx-hoodie,,,,,,,Color,Black,Size,XL,NOVA-NOVAONYXHO-BLA-XL,shopify,64,deny,manual,3699.00,4599.00,TRUE,TRUE,https://raw.githubusercontent.com/Shivam3-max/nova/main/import/images/nova-hoodie-black.png,,,,,,,,
nova-onyx-hoodie,,,,,,,Color,Black,Size,XXL,NOVA-NOVAONYXHO-BLA-XXL,shopify,64,deny,manual,3699.00,4599.00,TRUE,TRUE,https://raw.githubusercontent.com/Shivam3-max/nova/main/import/images/nova-hoodie-black.png,,,,,,,,
nova-onyx-hoodie,,,,,,,Color,Bone,Size,XS,NOVA-NOVAONYXHO-BON-XS,shopify,64,deny,manual,3699.00,4599.00,TRUE,TRUE,https://raw.githubusercontent.com/Shivam3-max/nova/main/import/images/nova-hoodie-bone.png,,,,,,,,
nova-onyx-hoodie,,,,,,,Color,Bone,Size,S,NOVA-NOVAONYXHO-BON-S,shopify,64,deny,manual,3699.00,4599.00,TRUE,TRUE,https://raw.githubusercontent.com/Shivam3-max/nova/main/import/images/nova-hoodie-bone.png,,,,,,,,
nova-onyx-hoodie,,,,,,,Color,Bone,Size,M,NOVA-NOVAONYXHO-BON-M,shopify,64,deny,manual,3699.00,4599.00,TRUE,TRUE,https://raw.githubusercontent.com/Shivam3-max/nova/main/import/images/nova-hoodie-bone.png,,,,,,,,
nova-onyx-hoodie,,,,,,,Color,Bone,Size,L,NOVA-NOVAONYXHO-BON-L,shopify,64,deny,manual,3699.00,4599.00,TRUE,TRUE,https://raw.githubusercontent.com/Shivam3-max/nova/main/import/images/nova-hoodie-bone.png,,,,,,,,
nova-onyx-hoodie,,,,,,,Color,Bone,Size,XL,NOVA-NOVAONYXHO-BON-XL,shopify,64,deny,manual,3699.00,4599.00,TRUE,TRUE,https://raw.githubusercontent.com/Shivam3-max/nova/main/import/images/nova-hoodie-bone.png,,,,,,,,
nova-onyx-hoodie,,,,,,,Color,Bone,Size,XXL,NOVA-NOVAONYXHO-BON-XXL,shopify,0,deny,manual,3699.00,4599.00,TRUE,TRUE,https://raw.githubusercontent.com/Shivam3-max/nova/main/import/images/nova-hoodie-bone.png,,,,,,,,
nova-drift-hoodie,NOVA Drift Hoodie,"<p>A garment-dyed french terry hoodie. Dropped shoulder, weighted hem, and a hood that holds its shape after the first wash.</p><p>Made in small batches, so no two pieces read exactly alike.</p>",NØVA,Hoodie,"street, unisex",TRUE,Color,Grey,Size,XS,NOVA-NOVADRIFTH-GRE-XS,shopify,43,deny,manual,4499.00,,TRUE,TRUE,https://raw.githubusercontent.com/Shivam3-max/nova/main/import/images/nova-hoodie-grey.png,https://raw.githubusercontent.com/Shivam3-max/nova/main/import/images/nova-hoodie-grey.png,1,NOVA Drift Hoodie — Grey,active,,Milled in Tiruppur. The shoulder is drafted four centimetres past the natural line so the silhouette falls rather than clings.,hoodie,"[{""name"":""Grey"",""swatch"":""#8a8c92"",""art"":""nova-hoodie-grey""},{""name"":""Charcoal"",""swatch"":""#2c2d32"",""art"":""nova-hoodie-charcoal""}]"
nova-drift-hoodie,,,,,,,Color,Grey,Size,S,NOVA-NOVADRIFTH-GRE-S,shopify,43,deny,manual,4499.00,,TRUE,TRUE,https://raw.githubusercontent.com/Shivam3-max/nova/main/import/images/nova-hoodie-grey.png,https://raw.githubusercontent.com/Shivam3-max/nova/main/import/images/nova-hoodie-charcoal.png,2,NOVA Drift Hoodie — Charcoal,,,,,
nova-drift-hoodie,,,,,,,Color,Grey,Size,M,NOVA-NOVADRIFTH-GRE-M,shopify,43,deny,manual,4499.00,,TRUE,TRUE,https://raw.githubusercontent.com/Shivam3-max/nova/main/import/images/nova-hoodie-grey.png,,,,,,,,
nova-drift-hoodie,,,,,,,Color,Grey,Size,L,NOVA-NOVADRIFTH-GRE-L,shopify,43,deny,manual,4499.00,,TRUE,TRUE,https://raw.githubusercontent.com/Shivam3-max/nova/main/import/images/nova-hoodie-grey.png,,,,,,,,
nova-drift-hoodie,,,,,,,Color,Grey,Size,XL,NOVA-NOVADRIFTH-GRE-XL,shopify,43,deny,manual,4499.00,,TRUE,TRUE,https://raw.githubusercontent.com/Shivam3-max/nova/main/import/images/nova-hoodie-grey.png,,,,,,,,
nova-drift-hoodie,,,,,,,Color,Grey,Size,XXL,NOVA-NOVADRIFTH-GRE-XXL,shopify,43,deny,manual,4499.00,,TRUE,TRUE,https://raw.githubusercontent.com/Shivam3-max/nova/main/import/images/nova-hoodie-grey.png,,,,,,,,
nova-drift-hoodie,,,,,,,Color,Charcoal,Size,XS,NOVA-NOVADRIFTH-CHA-XS,shopify,43,deny,manual,4499.00,,TRUE,TRUE,https://raw.githubusercontent.com/Shivam3-max/nova/main/import/images/nova-hoodie-charcoal.png,,,,,,,,
nova-drift-hoodie,,,,,,,Color,Charcoal,Size,S,NOVA-NOVADRIFTH-CHA-S,shopify,43,deny,manual,4499.00,,TRUE,TRUE,https://raw.githubusercontent.com/Shivam3-max/nova/main/import/images/nova-hoodie-charcoal.png,,,,,,,,
nova-drift-hoodie,,,,,,,Color,Charcoal,Size,M,NOVA-NOVADRIFTH-CHA-M,shopify,43,deny,manual,4499.00,,TRUE,TRUE,https://raw.githubusercontent.com/Shivam3-max/nova/main/import/images/nova-hoodie-charcoal.png,,,,,,,,
nova-drift-hoodie,,,,,,,Color,Charcoal,Size,L,NOVA-NOVADRIFTH-CHA-L,shopify,43,deny,manual,4499.00,,TRUE,TRUE,https://raw.githubusercontent.com/Shivam3-max/nova/main/import/images/nova-hoodie-charcoal.png,,,,,,,,
nova-drift-hoodie,,,,,,,Color,Charcoal,Size,XL,NOVA-NOVADRIFTH-CHA-XL,shopify,43,deny,manual,4499.00,,TRUE,TRUE,https://raw.githubusercontent.com/Shivam3-max/nova/main/import/images/nova-hoodie-charcoal.png,,,,,,,,
nova-drift-hoodie,,,,,,,Color,Charcoal,Size,XXL,NOVA-NOVADRIFTH-CHA-XXL,shopify,0,deny,manual,4499.00,,TRUE,TRUE,https://raw.githubusercontent.com/Shivam3-max/nova/main/import/images/nova-hoodie-charcoal.png,,,,,,,,
nova-signature-tee,NOVA Signature Tee,"<p>A 240 GSM combed cotton tee. Tubular body, ribbed collar that stays flat, cut boxy but never cropped.</p><p>Made in small batches, so no two pieces read exactly alike.</p>",NØVA,T-Shirt,"street, unisex",TRUE,Color,Black,Size,XS,NOVA-NOVASIGNAT-BLA-XS,shopify,78,deny,manual,1599.00,,TRUE,TRUE,https://raw.githubusercontent.com/Shivam3-max/nova/main/import/images/nova-tee-black.png,https://raw.githubusercontent.com/Shivam3-max/nova/main/import/images/nova-tee-black.png,1,NOVA Signature Tee — Black,active,NEW,"Combed and ring-spun, pre-shrunk twice, so the length you buy is the length you keep.",tee,"[{""name"":""Black"",""swatch"":""#131316"",""art"":""nova-tee-black""},{""name"":""Sand"",""swatch"":""#c6bcab"",""art"":""nova-tee-sand""}]"
nova-signature-tee,,,,,,,Color,Black,Size,S,NOVA-NOVASIGNAT-BLA-S,shopify,78,deny,manual,1599.00,,TRUE,TRUE,https://raw.githubusercontent.com/Shivam3-max/nova/main/import/images/nova-tee-black.png,https://raw.githubusercontent.com/Shivam3-max/nova/main/import/images/nova-tee-sand.png,2,NOVA Signature Tee — Sand,,,,,
nova-signature-tee,,,,,,,Color,Black,Size,M,NOVA-NOVASIGNAT-BLA-M,shopify,78,deny,manual,1599.00,,TRUE,TRUE,https://raw.githubusercontent.com/Shivam3-max/nova/main/import/images/nova-tee-black.png,,,,,,,,
nova-signature-tee,,,,,,,Color,Black,Size,L,NOVA-NOVASIGNAT-BLA-L,shopify,78,deny,manual,1599.00,,TRUE,TRUE,https://raw.githubusercontent.com/Shivam3-max/nova/main/import/images/nova-tee-black.png,,,,,,,,
nova-signature-tee,,,,,,,Color,Black,Size,XL,NOVA-NOVASIGNAT-BLA-XL,shopify,78,deny,manual,1599.00,,TRUE,TRUE,https://raw.githubusercontent.com/Shivam3-max/nova/main/import/images/nova-tee-black.png,,,,,,,,
nova-signature-tee,,,,,,,Color,Black,Size,XXL,NOVA-NOVASIGNAT-BLA-XXL,shopify,78,deny,manual,1599.00,,TRUE,TRUE,https://raw.githubusercontent.com/Shivam3-max/nova/main/import/images/nova-tee-black.png,,,,,,,,
nova-signature-tee,,,,,,,Color,Sand,Size,XS,NOVA-NOVASIGNAT-SAN-XS,shopify,78,deny,manual,1599.00,,TRUE,TRUE,https://raw.githubusercontent.com/Shivam3-max/nova/main/import/images/nova-tee-sand.png,,,,,,,,
nova-signature-tee,,,,,,,Color,Sand,Size,S,NOVA-NOVASIGNAT-SAN-S,shopify,78,deny,manual,1599.00,,TRUE,TRUE,https://raw.githubusercontent.com/Shivam3-max/nova/main/import/images/nova-tee-sand.png,,,,,,,,
nova-signature-tee,,,,,,,Color,Sand,Size,M,NOVA-NOVASIGNAT-SAN-M,shopify,78,deny,manual,1599.00,,TRUE,TRUE,https://raw.githubusercontent.com/Shivam3-max/nova/main/import/images/nova-tee-sand.png,,,,,,,,
nova-signature-tee,,,,,,,Color,Sand,Size,L,NOVA-NOVASIGNAT-SAN-L,shopify,78,deny,manual,1599.00,,TRUE,TRUE,https://raw.githubusercontent.com/Shivam3-max/nova/main/import/images/nova-tee-sand.png,,,,,,,,
nova-signature-tee,,,,,,,Color,Sand,Size,XL,NOVA-NOVASIGNAT-SAN-XL,shopify,78,deny,manual,1599.00,,TRUE,TRUE,https://raw.githubusercontent.com/Shivam3-max/nova/main/import/images/nova-tee-sand.png,,,,,,,,
nova-signature-tee,,,,,,,Color,Sand,Size,XXL,NOVA-NOVASIGNAT-SAN-XXL,shopify,0,deny,manual,1599.00,,TRUE,TRUE,https://raw.githubusercontent.com/Shivam3-max/nova/main/import/images/nova-tee-sand.png,,,,,,,,
nova-prism-tee,NOVA Prism Tee,"<p>A 240 GSM combed cotton tee. Tubular body, ribbed collar that stays flat, cut boxy but never cropped.</p><p>Made in small batches, so no two pieces read exactly alike.</p>",NØVA,T-Shirt,"street, unisex",TRUE,Color,Off White,Size,XS,NOVA-NOVAPRISMT-OFF-XS,shopify,56,deny,manual,2299.00,,TRUE,TRUE,https://raw.githubusercontent.com/Shivam3-max/nova/main/import/images/nova-tee-offwhite.png,https://raw.githubusercontent.com/Shivam3-max/nova/main/import/images/nova-tee-offwhite.png,1,NOVA Prism Tee — Off White,active,,"Combed and ring-spun, pre-shrunk twice, so the length you buy is the length you keep.",tee,"[{""name"":""Off White"",""swatch"":""#f0eeea"",""art"":""nova-tee-offwhite""},{""name"":""Black"",""swatch"":""#131316"",""art"":""nova-tee-black""},{""name"":""Sand"",""swatch"":""#c6bcab"",""art"":""nova-tee-sand""}]"
nova-prism-tee,,,,,,,Color,Off White,Size,S,NOVA-NOVAPRISMT-OFF-S,shopify,56,deny,manual,2299.00,,TRUE,TRUE,https://raw.githubusercontent.com/Shivam3-max/nova/main/import/images/nova-tee-offwhite.png,https://raw.githubusercontent.com/Shivam3-max/nova/main/import/images/nova-tee-black.png,2,NOVA Prism Tee — Black,,,,,
nova-prism-tee,,,,,,,Color,Off White,Size,M,NOVA-NOVAPRISMT-OFF-M,shopify,56,deny,manual,2299.00,,TRUE,TRUE,https://raw.githubusercontent.com/Shivam3-max/nova/main/import/images/nova-tee-offwhite.png,https://raw.githubusercontent.com/Shivam3-max/nova/main/import/images/nova-tee-sand.png,3,NOVA Prism Tee — Sand,,,,,
nova-prism-tee,,,,,,,Color,Off White,Size,L,NOVA-NOVAPRISMT-OFF-L,shopify,56,deny,manual,2299.00,,TRUE,TRUE,https://raw.githubusercontent.com/Shivam3-max/nova/main/import/images/nova-tee-offwhite.png,,,,,,,,
nova-prism-tee,,,,,,,Color,Off White,Size,XL,NOVA-NOVAPRISMT-OFF-XL,shopify,56,deny,manual,2299.00,,TRUE,TRUE,https://raw.githubusercontent.com/Shivam3-max/nova/main/import/images/nova-tee-offwhite.png,,,,,,,,
nova-prism-tee,,,,,,,Color,Off White,Size,XXL,NOVA-NOVAPRISMT-OFF-XXL,shopify,56,deny,manual,2299.00,,TRUE,TRUE,https://raw.githubusercontent.com/Shivam3-max/nova/main/import/images/nova-tee-offwhite.png,,,,,,,,
nova-prism-tee,,,,,,,Color,Black,Size,XS,NOVA-NOVAPRISMT-BLA-XS,shopify,56,deny,manual,2299.00,,TRUE,TRUE,https://raw.githubusercontent.com/Shivam3-max/nova/main/import/images/nova-tee-black.png,,,,,,,,
nova-prism-tee,,,,,,,Color,Black,Size,S,NOVA-NOVAPRISMT-BLA-S,shopify,56,deny,manual,2299.00,,TRUE,TRUE,https://raw.githubusercontent.com/Shivam3-max/nova/main/import/images/nova-tee-black.png,,,,,,,,
nova-prism-tee,,,,,,,Color,Black,Size,M,NOVA-NOVAPRISMT-BLA-M,shopify,56,deny,manual,2299.00,,TRUE,TRUE,https://raw.githubusercontent.com/Shivam3-max/nova/main/import/images/nova-tee-black.png,,,,,,,,
nova-prism-tee,,,,,,,Color,Black,Size,L,NOVA-NOVAPRISMT-BLA-L,shopify,56,deny,manual,2299.00,,TRUE,TRUE,https://raw.githubusercontent.com/Shivam3-max/nova/main/import/images/nova-tee-black.png,,,,,,,,
nova-prism-tee,,,,,,,Color,Black,Size,XL,NOVA-NOVAPRISMT-BLA-XL,shopify,56,deny,manual,2299.00,,TRUE,TRUE,https://raw.githubusercontent.com/Shivam3-max/nova/main/import/images/nova-tee-black.png,,,,,,,,
nova-prism-tee,,,,,,,Color,Black,Size,XXL,NOVA-NOVAPRISMT-BLA-XXL,shopify,56,deny,manual,2299.00,,TRUE,TRUE,https://raw.githubusercontent.com/Shivam3-max/nova/main/import/images/nova-tee-black.png,,,,,,,,
nova-prism-tee,,,,,,,Color,Sand,Size,XS,NOVA-NOVAPRISMT-SAN-XS,shopify,56,deny,manual,2299.00,,TRUE,TRUE,https://raw.githubusercontent.com/Shivam3-max/nova/main/import/images/nova-tee-sand.png,,,,,,,,
nova-prism-tee,,,,,,,Color,Sand,Size,S,NOVA-NOVAPRISMT-SAN-S,shopify,56,deny,manual,2299.00,,TRUE,TRUE,https://raw.githubusercontent.com/Shivam3-max/nova/main/import/images/nova-tee-sand.png,,,,,,,,
nova-prism-tee,,,,,,,Color,Sand,Size,M,NOVA-NOVAPRISMT-SAN-M,shopify,56,deny,manual,2299.00,,TRUE,TRUE,https://raw.githubusercontent.com/Shivam3-max/nova/main/import/images/nova-tee-sand.png,,,,,,,,
nova-prism-tee,,,,,,,Color,Sand,Size,L,NOVA-NOVAPRISMT-SAN-L,shopify,56,deny,manual,2299.00,,TRUE,TRUE,https://raw.githubusercontent.com/Shivam3-max/nova/main/import/images/nova-tee-sand.png,,,,,,,,
nova-prism-tee,,,,,,,Color,Sand,Size,XL,NOVA-NOVAPRISMT-SAN-XL,shopify,56,deny,manual,2299.00,,TRUE,TRUE,https://raw.githubusercontent.com/Shivam3-max/nova/main/import/images/nova-tee-sand.png,,,,,,,,
nova-prism-tee,,,,,,,Color,Sand,Size,XXL,NOVA-NOVAPRISMT-SAN-XXL,shopify,0,deny,manual,2299.00,,TRUE,TRUE,https://raw.githubusercontent.com/Shivam3-max/nova/main/import/images/nova-tee-sand.png,,,,,,,,
nova-nomad-tee,NOVA Nomad Tee,"<p>A 240 GSM combed cotton tee. Tubular body, ribbed collar that stays flat, cut boxy but never cropped.</p><p>Made in small batches, so no two pieces read exactly alike.</p>",NØVA,T-Shirt,"street, unisex, drop",TRUE,Color,Off White,Size,XS,NOVA-NOVANOMADT-OFF-XS,shopify,33,deny,manual,1999.00,,TRUE,TRUE,https://raw.githubusercontent.com/Shivam3-max/nova/main/import/images/nova-tee-offwhite.png,https://raw.githubusercontent.com/Shivam3-max/nova/main/import/images/nova-tee-offwhite.png,1,NOVA Nomad Tee — Off White,active,DROP 01,"Combed and ring-spun, pre-shrunk twice, so the length you buy is the length you keep.",tee,"[{""name"":""Off White"",""swatch"":""#f0eeea"",""art"":""nova-tee-offwhite""},{""name"":""Black"",""swatch"":""#131316"",""art"":""nova-tee-black""},{""name"":""Sand"",""swatch"":""#c6bcab"",""art"":""nova-tee-sand""}]"
nova-nomad-tee,,,,,,,Color,Off White,Size,S,NOVA-NOVANOMADT-OFF-S,shopify,33,deny,manual,1999.00,,TRUE,TRUE,https://raw.githubusercontent.com/Shivam3-max/nova/main/import/images/nova-tee-offwhite.png,https://raw.githubusercontent.com/Shivam3-max/nova/main/import/images/nova-tee-black.png,2,NOVA Nomad Tee — Black,,,,,
nova-nomad-tee,,,,,,,Color,Off White,Size,M,NOVA-NOVANOMADT-OFF-M,shopify,33,deny,manual,1999.00,,TRUE,TRUE,https://raw.githubusercontent.com/Shivam3-max/nova/main/import/images/nova-tee-offwhite.png,https://raw.githubusercontent.com/Shivam3-max/nova/main/import/images/nova-tee-sand.png,3,NOVA Nomad Tee — Sand,,,,,
nova-nomad-tee,,,,,,,Color,Off White,Size,L,NOVA-NOVANOMADT-OFF-L,shopify,33,deny,manual,1999.00,,TRUE,TRUE,https://raw.githubusercontent.com/Shivam3-max/nova/main/import/images/nova-tee-offwhite.png,,,,,,,,
nova-nomad-tee,,,,,,,Color,Off White,Size,XL,NOVA-NOVANOMADT-OFF-XL,shopify,33,deny,manual,1999.00,,TRUE,TRUE,https://raw.githubusercontent.com/Shivam3-max/nova/main/import/images/nova-tee-offwhite.png,,,,,,,,
nova-nomad-tee,,,,,,,Color,Off White,Size,XXL,NOVA-NOVANOMADT-OFF-XXL,shopify,33,deny,manual,1999.00,,TRUE,TRUE,https://raw.githubusercontent.com/Shivam3-max/nova/main/import/images/nova-tee-offwhite.png,,,,,,,,
nova-nomad-tee,,,,,,,Color,Black,Size,XS,NOVA-NOVANOMADT-BLA-XS,shopify,33,deny,manual,1999.00,,TRUE,TRUE,https://raw.githubusercontent.com/Shivam3-max/nova/main/import/images/nova-tee-black.png,,,,,,,,
nova-nomad-tee,,,,,,,Color,Black,Size,S,NOVA-NOVANOMADT-BLA-S,shopify,33,deny,manual,1999.00,,TRUE,TRUE,https://raw.githubusercontent.com/Shivam3-max/nova/main/import/images/nova-tee-black.png,,,,,,,,
nova-nomad-tee,,,,,,,Color,Black,Size,M,NOVA-NOVANOMADT-BLA-M,shopify,33,deny,manual,1999.00,,TRUE,TRUE,https://raw.githubusercontent.com/Shivam3-max/nova/main/import/images/nova-tee-black.png,,,,,,,,
nova-nomad-tee,,,,,,,Color,Black,Size,L,NOVA-NOVANOMADT-BLA-L,shopify,33,deny,manual,1999.00,,TRUE,TRUE,https://raw.githubusercontent.com/Shivam3-max/nova/main/import/images/nova-tee-black.png,,,,,,,,
nova-nomad-tee,,,,,,,Color,Black,Size,XL,NOVA-NOVANOMADT-BLA-XL,shopify,33,deny,manual,1999.00,,TRUE,TRUE,https://raw.githubusercontent.com/Shivam3-max/nova/main/import/images/nova-tee-black.png,,,,,,,,
nova-nomad-tee,,,,,,,Color,Black,Size,XXL,NOVA-NOVANOMADT-BLA-XXL,shopify,33,deny,manual,1999.00,,TRUE,TRUE,https://raw.githubusercontent.com/Shivam3-max/nova/main/import/images/nova-tee-black.png,,,,,,,,
nova-nomad-tee,,,,,,,Color,Sand,Size,XS,NOVA-NOVANOMADT-SAN-XS,shopify,33,deny,manual,1999.00,,TRUE,TRUE,https://raw.githubusercontent.com/Shivam3-max/nova/main/import/images/nova-tee-sand.png,,,,,,,,
nova-nomad-tee,,,,,,,Color,Sand,Size,S,NOVA-NOVANOMADT-SAN-S,shopify,33,deny,manual,1999.00,,TRUE,TRUE,https://raw.githubusercontent.com/Shivam3-max/nova/main/import/images/nova-tee-sand.png,,,,,,,,
nova-nomad-tee,,,,,,,Color,Sand,Size,M,NOVA-NOVANOMADT-SAN-M,shopify,33,deny,manual,1999.00,,TRUE,TRUE,https://raw.githubusercontent.com/Shivam3-max/nova/main/import/images/nova-tee-sand.png,,,,,,,,
nova-nomad-tee,,,,,,,Color,Sand,Size,L,NOVA-NOVANOMADT-SAN-L,shopify,33,deny,manual,1999.00,,TRUE,TRUE,https://raw.githubusercontent.com/Shivam3-max/nova/main/import/images/nova-tee-sand.png,,,,,,,,
nova-nomad-tee,,,,,,,Color,Sand,Size,XL,NOVA-NOVANOMADT-SAN-XL,shopify,33,deny,manual,1999.00,,TRUE,TRUE,https://raw.githubusercontent.com/Shivam3-max/nova/main/import/images/nova-tee-sand.png,,,,,,,,
nova-nomad-tee,,,,,,,Color,Sand,Size,XXL,NOVA-NOVANOMADT-SAN-XXL,shopify,0,deny,manual,1999.00,,TRUE,TRUE,https://raw.githubusercontent.com/Shivam3-max/nova/main/import/images/nova-tee-sand.png,,,,,,,,
nova-vertex-tee,NOVA Vertex Tee,"<p>A compact-spun supima tee. Tubular body, ribbed collar that stays flat, cut boxy but never cropped.</p><p>Made in small batches, so no two pieces read exactly alike.</p>",NØVA,T-Shirt,"street, unisex",TRUE,Color,Off White,Size,XS,NOVA-NOVAVERTEX-OFF-XS,shopify,97,deny,manual,1599.00,,TRUE,TRUE,https://raw.githubusercontent.com/Shivam3-max/nova/main/import/images/nova-tee-offwhite.png,https://raw.githubusercontent.com/Shivam3-max/nova/main/import/images/nova-tee-offwhite.png,1,NOVA Vertex Tee — Off White,active,,"Combed and ring-spun, pre-shrunk twice, so the length you buy is the length you keep.",tee,"[{""name"":""Off White"",""swatch"":""#f0eeea"",""art"":""nova-tee-offwhite""},{""name"":""Black"",""swatch"":""#131316"",""art"":""nova-tee-black""},{""name"":""Sand"",""swatch"":""#c6bcab"",""art"":""nova-tee-sand""}]"
nova-vertex-tee,,,,,,,Color,Off White,Size,S,NOVA-NOVAVERTEX-OFF-S,shopify,97,deny,manual,1599.00,,TRUE,TRUE,https://raw.githubusercontent.com/Shivam3-max/nova/main/import/images/nova-tee-offwhite.png,https://raw.githubusercontent.com/Shivam3-max/nova/main/import/images/nova-tee-black.png,2,NOVA Vertex Tee — Black,,,,,
nova-vertex-tee,,,,,,,Color,Off White,Size,M,NOVA-NOVAVERTEX-OFF-M,shopify,97,deny,manual,1599.00,,TRUE,TRUE,https://raw.githubusercontent.com/Shivam3-max/nova/main/import/images/nova-tee-offwhite.png,https://raw.githubusercontent.com/Shivam3-max/nova/main/import/images/nova-tee-sand.png,3,NOVA Vertex Tee — Sand,,,,,
nova-vertex-tee,,,,,,,Color,Off White,Size,L,NOVA-NOVAVERTEX-OFF-L,shopify,97,deny,manual,1599.00,,TRUE,TRUE,https://raw.githubusercontent.com/Shivam3-max/nova/main/import/images/nova-tee-offwhite.png,,,,,,,,
nova-vertex-tee,,,,,,,Color,Off White,Size,XL,NOVA-NOVAVERTEX-OFF-XL,shopify,97,deny,manual,1599.00,,TRUE,TRUE,https://raw.githubusercontent.com/Shivam3-max/nova/main/import/images/nova-tee-offwhite.png,,,,,,,,
nova-vertex-tee,,,,,,,Color,Off White,Size,XXL,NOVA-NOVAVERTEX-OFF-XXL,shopify,97,deny,manual,1599.00,,TRUE,TRUE,https://raw.githubusercontent.com/Shivam3-max/nova/main/import/images/nova-tee-offwhite.png,,,,,,,,
nova-vertex-tee,,,,,,,Color,Black,Size,XS,NOVA-NOVAVERTEX-BLA-XS,shopify,97,deny,manual,1599.00,,TRUE,TRUE,https://raw.githubusercontent.com/Shivam3-max/nova/main/import/images/nova-tee-black.png,,,,,,,,
nova-vertex-tee,,,,,,,Color,Black,Size,S,NOVA-NOVAVERTEX-BLA-S,shopify,97,deny,manual,1599.00,,TRUE,TRUE,https://raw.githubusercontent.com/Shivam3-max/nova/main/import/images/nova-tee-black.png,,,,,,,,
nova-vertex-tee,,,,,,,Color,Black,Size,M,NOVA-NOVAVERTEX-BLA-M,shopify,97,deny,manual,1599.00,,TRUE,TRUE,https://raw.githubusercontent.com/Shivam3-max/nova/main/import/images/nova-tee-black.png,,,,,,,,
nova-vertex-tee,,,,,,,Color,Black,Size,L,NOVA-NOVAVERTEX-BLA-L,shopify,97,deny,manual,1599.00,,TRUE,TRUE,https://raw.githubusercontent.com/Shivam3-max/nova/main/import/images/nova-tee-black.png,,,,,,,,
nova-vertex-tee,,,,,,,Color,Black,Size,XL,NOVA-NOVAVERTEX-BLA-XL,shopify,97,deny,manual,1599.00,,TRUE,TRUE,https://raw.githubusercontent.com/Shivam3-max/nova/main/import/images/nova-tee-black.png,,,,,,,,
nova-vertex-tee,,,,,,,Color,Black,Size,XXL,NOVA-NOVAVERTEX-BLA-XXL,shopify,97,deny,manual,1599.00,,TRUE,TRUE,https://raw.githubusercontent.com/Shivam3-max/nova/main/import/images/nova-tee-black.png,,,,,,,,
nova-vertex-tee,,,,,,,Color,Sand,Size,XS,NOVA-NOVAVERTEX-SAN-XS,shopify,97,deny,manual,1599.00,,TRUE,TRUE,https://raw.githubusercontent.com/Shivam3-max/nova/main/import/images/nova-tee-sand.png,,,,,,,,
nova-vertex-tee,,,,,,,Color,Sand,Size,S,NOVA-NOVAVERTEX-SAN-S,shopify,97,deny,manual,1599.00,,TRUE,TRUE,https://raw.githubusercontent.com/Shivam3-max/nova/main/import/images/nova-tee-sand.png,,,,,,,,
nova-vertex-tee,,,,,,,Color,Sand,Size,M,NOVA-NOVAVERTEX-SAN-M,shopify,97,deny,manual,1599.00,,TRUE,TRUE,https://raw.githubusercontent.com/Shivam3-max/nova/main/import/images/nova-tee-sand.png,,,,,,,,
nova-vertex-tee,,,,,,,Color,Sand,Size,L,NOVA-NOVAVERTEX-SAN-L,shopify,97,deny,manual,1599.00,,TRUE,TRUE,https://raw.githubusercontent.com/Shivam3-max/nova/main/import/images/nova-tee-sand.png,,,,,,,,
nova-vertex-tee,,,,,,,Color,Sand,Size,XL,NOVA-NOVAVERTEX-SAN-XL,shopify,97,deny,manual,1599.00,,TRUE,TRUE,https://raw.githubusercontent.com/Shivam3-max/nova/main/import/images/nova-tee-sand.png,,,,,,,,
nova-vertex-tee,,,,,,,Color,Sand,Size,XXL,NOVA-NOVAVERTEX-SAN-XXL,shopify,0,deny,manual,1599.00,,TRUE,TRUE,https://raw.githubusercontent.com/Shivam3-max/nova/main/import/images/nova-tee-sand.png,,,,,,,,
nova-ridge-tee,NOVA Ridge Tee,"<p>A 240 GSM combed cotton tee. Tubular body, ribbed collar that stays flat, cut boxy but never cropped.</p><p>Made in small batches, so no two pieces read exactly alike.</p>",NØVA,T-Shirt,"street, unisex",TRUE,Color,Sand,Size,XS,NOVA-NOVARIDGET-SAN-XS,shopify,73,deny,manual,1999.00,,TRUE,TRUE,https://raw.githubusercontent.com/Shivam3-max/nova/main/import/images/nova-tee-sand.png,https://raw.githubusercontent.com/Shivam3-max/nova/main/import/images/nova-tee-sand.png,1,NOVA Ridge Tee — Sand,active,,"Combed and ring-spun, pre-shrunk twice, so the length you buy is the length you keep.",tee,"[{""name"":""Sand"",""swatch"":""#c6bcab"",""art"":""nova-tee-sand""},{""name"":""Off White"",""swatch"":""#f0eeea"",""art"":""nova-tee-offwhite""},{""name"":""Black"",""swatch"":""#131316"",""art"":""nova-tee-black""}]"
nova-ridge-tee,,,,,,,Color,Sand,Size,S,NOVA-NOVARIDGET-SAN-S,shopify,73,deny,manual,1999.00,,TRUE,TRUE,https://raw.githubusercontent.com/Shivam3-max/nova/main/import/images/nova-tee-sand.png,https://raw.githubusercontent.com/Shivam3-max/nova/main/import/images/nova-tee-offwhite.png,2,NOVA Ridge Tee — Off White,,,,,
nova-ridge-tee,,,,,,,Color,Sand,Size,M,NOVA-NOVARIDGET-SAN-M,shopify,73,deny,manual,1999.00,,TRUE,TRUE,https://raw.githubusercontent.com/Shivam3-max/nova/main/import/images/nova-tee-sand.png,https://raw.githubusercontent.com/Shivam3-max/nova/main/import/images/nova-tee-black.png,3,NOVA Ridge Tee — Black,,,,,
nova-ridge-tee,,,,,,,Color,Sand,Size,L,NOVA-NOVARIDGET-SAN-L,shopify,73,deny,manual,1999.00,,TRUE,TRUE,https://raw.githubusercontent.com/Shivam3-max/nova/main/import/images/nova-tee-sand.png,,,,,,,,
nova-ridge-tee,,,,,,,Color,Sand,Size,XL,NOVA-NOVARIDGET-SAN-XL,shopify,73,deny,manual,1999.00,,TRUE,TRUE,https://raw.githubusercontent.com/Shivam3-max/nova/main/import/images/nova-tee-sand.png,,,,,,,,
nova-ridge-tee,,,,,,,Color,Sand,Size,XXL,NOVA-NOVARIDGET-SAN-XXL,shopify,73,deny,manual,1999.00,,TRUE,TRUE,https://raw.githubusercontent.com/Shivam3-max/nova/main/import/images/nova-tee-sand.png,,,,,,,,
nova-ridge-tee,,,,,,,Color,Off White,Size,XS,NOVA-NOVARIDGET-OFF-XS,shopify,73,deny,manual,1999.00,,TRUE,TRUE,https://raw.githubusercontent.com/Shivam3-max/nova/main/import/images/nova-tee-offwhite.png,,,,,,,,
nova-ridge-tee,,,,,,,Color,Off White,Size,S,NOVA-NOVARIDGET-OFF-S,shopify,73,deny,manual,1999.00,,TRUE,TRUE,https://raw.githubusercontent.com/Shivam3-max/nova/main/import/images/nova-tee-offwhite.png,,,,,,,,
nova-ridge-tee,,,,,,,Color,Off White,Size,M,NOVA-NOVARIDGET-OFF-M,shopify,73,deny,manual,1999.00,,TRUE,TRUE,https://raw.githubusercontent.com/Shivam3-max/nova/main/import/images/nova-tee-offwhite.png,,,,,,,,
nova-ridge-tee,,,,,,,Color,Off White,Size,L,NOVA-NOVARIDGET-OFF-L,shopify,73,deny,manual,1999.00,,TRUE,TRUE,https://raw.githubusercontent.com/Shivam3-max/nova/main/import/images/nova-tee-offwhite.png,,,,,,,,
nova-ridge-tee,,,,,,,Color,Off White,Size,XL,NOVA-NOVARIDGET-OFF-XL,shopify,73,deny,manual,1999.00,,TRUE,TRUE,https://raw.githubusercontent.com/Shivam3-max/nova/main/import/images/nova-tee-offwhite.png,,,,,,,,
nova-ridge-tee,,,,,,,Color,Off White,Size,XXL,NOVA-NOVARIDGET-OFF-XXL,shopify,73,deny,manual,1999.00,,TRUE,TRUE,https://raw.githubusercontent.com/Shivam3-max/nova/main/import/images/nova-tee-offwhite.png,,,,,,,,
nova-ridge-tee,,,,,,,Color,Black,Size,XS,NOVA-NOVARIDGET-BLA-XS,shopify,73,deny,manual,1999.00,,TRUE,TRUE,https://raw.githubusercontent.com/Shivam3-max/nova/main/import/images/nova-tee-black.png,,,,,,,,
nova-ridge-tee,,,,,,,Color,Black,Size,S,NOVA-NOVARIDGET-BLA-S,shopify,73,deny,manual,1999.00,,TRUE,TRUE,https://raw.githubusercontent.com/Shivam3-max/nova/main/import/images/nova-tee-black.png,,,,,,,,
nova-ridge-tee,,,,,,,Color,Black,Size,M,NOVA-NOVARIDGET-BLA-M,shopify,73,deny,manual,1999.00,,TRUE,TRUE,https://raw.githubusercontent.com/Shivam3-max/nova/main/import/images/nova-tee-black.png,,,,,,,,
nova-ridge-tee,,,,,,,Color,Black,Size,L,NOVA-NOVARIDGET-BLA-L,shopify,73,deny,manual,1999.00,,TRUE,TRUE,https://raw.githubusercontent.com/Shivam3-max/nova/main/import/images/nova-tee-black.png,,,,,,,,
nova-ridge-tee,,,,,,,Color,Black,Size,XL,NOVA-NOVARIDGET-BLA-XL,shopify,73,deny,manual,1999.00,,TRUE,TRUE,https://raw.githubusercontent.com/Shivam3-max/nova/main/import/images/nova-tee-black.png,,,,,,,,
nova-ridge-tee,,,,,,,Color,Black,Size,XXL,NOVA-NOVARIDGET-BLA-XXL,shopify,0,deny,manual,1999.00,,TRUE,TRUE,https://raw.githubusercontent.com/Shivam3-max/nova/main/import/images/nova-tee-black.png,,,,,,,,
nova-ember-tee,NOVA Ember Tee,"<p>A compact-spun supima tee. Tubular body, ribbed collar that stays flat, cut boxy but never cropped.</p><p>Made in small batches, so no two pieces read exactly alike.</p>",NØVA,T-Shirt,"street, unisex",TRUE,Color,Black,Size,XS,NOVA-NOVAEMBERT-BLA-XS,shopify,70,deny,manual,1999.00,,TRUE,TRUE,https://raw.githubusercontent.com/Shivam3-max/nova/main/import/images/nova-tee-black.png,https://raw.githubusercontent.com/Shivam3-max/nova/main/import/images/nova-tee-black.png,1,NOVA Ember Tee — Black,active,,"Combed and ring-spun, pre-shrunk twice, so the length you buy is the length you keep.",tee,"[{""name"":""Black"",""swatch"":""#131316"",""art"":""nova-tee-black""},{""name"":""Sand"",""swatch"":""#c6bcab"",""art"":""nova-tee-sand""}]"
nova-ember-tee,,,,,,,Color,Black,Size,S,NOVA-NOVAEMBERT-BLA-S,shopify,70,deny,manual,1999.00,,TRUE,TRUE,https://raw.githubusercontent.com/Shivam3-max/nova/main/import/images/nova-tee-black.png,https://raw.githubusercontent.com/Shivam3-max/nova/main/import/images/nova-tee-sand.png,2,NOVA Ember Tee — Sand,,,,,
nova-ember-tee,,,,,,,Color,Black,Size,M,NOVA-NOVAEMBERT-BLA-M,shopify,70,deny,manual,1999.00,,TRUE,TRUE,https://raw.githubusercontent.com/Shivam3-max/nova/main/import/images/nova-tee-black.png,,,,,,,,
nova-ember-tee,,,,,,,Color,Black,Size,L,NOVA-NOVAEMBERT-BLA-L,shopify,70,deny,manual,1999.00,,TRUE,TRUE,https://raw.githubusercontent.com/Shivam3-max/nova/main/import/images/nova-tee-black.png,,,,,,,,
nova-ember-tee,,,,,,,Color,Black,Size,XL,NOVA-NOVAEMBERT-BLA-XL,shopify,70,deny,manual,1999.00,,TRUE,TRUE,https://raw.githubusercontent.com/Shivam3-max/nova/main/import/images/nova-tee-black.png,,,,,,,,
nova-ember-tee,,,,,,,Color,Black,Size,XXL,NOVA-NOVAEMBERT-BLA-XXL,shopify,70,deny,manual,1999.00,,TRUE,TRUE,https://raw.githubusercontent.com/Shivam3-max/nova/main/import/images/nova-tee-black.png,,,,,,,,
nova-ember-tee,,,,,,,Color,Sand,Size,XS,NOVA-NOVAEMBERT-SAN-XS,shopify,70,deny,manual,1999.00,,TRUE,TRUE,https://raw.githubusercontent.com/Shivam3-max/nova/main/import/images/nova-tee-sand.png,,,,,,,,
nova-ember-tee,,,,,,,Color,Sand,Size,S,NOVA-NOVAEMBERT-SAN-S,shopify,70,deny,manual,1999.00,,TRUE,TRUE,https://raw.githubusercontent.com/Shivam3-max/nova/main/import/images/nova-tee-sand.png,,,,,,,,
nova-ember-tee,,,,,,,Color,Sand,Size,M,NOVA-NOVAEMBERT-SAN-M,shopify,70,deny,manual,1999.00,,TRUE,TRUE,https://raw.githubusercontent.com/Shivam3-max/nova/main/import/images/nova-tee-sand.png,,,,,,,,
nova-ember-tee,,,,,,,Color,Sand,Size,L,NOVA-NOVAEMBERT-SAN-L,shopify,70,deny,manual,1999.00,,TRUE,TRUE,https://raw.githubusercontent.com/Shivam3-max/nova/main/import/images/nova-tee-sand.png,,,,,,,,
nova-ember-tee,,,,,,,Color,Sand,Size,XL,NOVA-NOVAEMBERT-SAN-XL,shopify,70,deny,manual,1999.00,,TRUE,TRUE,https://raw.githubusercontent.com/Shivam3-max/nova/main/import/images/nova-tee-sand.png,,,,,,,,
nova-ember-tee,,,,,,,Color,Sand,Size,XXL,NOVA-NOVAEMBERT-SAN-XXL,shopify,0,deny,manual,1999.00,,TRUE,TRUE,https://raw.githubusercontent.com/Shivam3-max/nova/main/import/images/nova-tee-sand.png,,,,,,,,
nova-slate-tee,NOVA Slate Tee,"<p>A 210 GSM slub jersey tee. Tubular body, ribbed collar that stays flat, cut boxy but never cropped.</p><p>Made in small batches, so no two pieces read exactly alike.</p>",NØVA,T-Shirt,"street, unisex, limited",TRUE,Color,Off White,Size,XS,NOVA-NOVASLATET-OFF-XS,shopify,29,deny,manual,2399.00,,TRUE,TRUE,https://raw.githubusercontent.com/Shivam3-max/nova/main/import/images/nova-tee-offwhite.png,https://raw.githubusercontent.com/Shivam3-max/nova/main/import/images/nova-tee-offwhite.png,1,NOVA Slate Tee — Off White,active,LIMITED,"Combed and ring-spun, pre-shrunk twice, so the length you buy is the length you keep.",tee,"[{""name"":""Off White"",""swatch"":""#f0eeea"",""art"":""nova-tee-offwhite""},{""name"":""Black"",""swatch"":""#131316"",""art"":""nova-tee-black""}]"
nova-slate-tee,,,,,,,Color,Off White,Size,S,NOVA-NOVASLATET-OFF-S,shopify,29,deny,manual,2399.00,,TRUE,TRUE,https://raw.githubusercontent.com/Shivam3-max/nova/main/import/images/nova-tee-offwhite.png,https://raw.githubusercontent.com/Shivam3-max/nova/main/import/images/nova-tee-black.png,2,NOVA Slate Tee — Black,,,,,
nova-slate-tee,,,,,,,Color,Off White,Size,M,NOVA-NOVASLATET-OFF-M,shopify,29,deny,manual,2399.00,,TRUE,TRUE,https://raw.githubusercontent.com/Shivam3-max/nova/main/import/images/nova-tee-offwhite.png,,,,,,,,
nova-slate-tee,,,,,,,Color,Off White,Size,L,NOVA-NOVASLATET-OFF-L,shopify,29,deny,manual,2399.00,,TRUE,TRUE,https://raw.githubusercontent.com/Shivam3-max/nova/main/import/images/nova-tee-offwhite.png,,,,,,,,
nova-slate-tee,,,,,,,Color,Off White,Size,XL,NOVA-NOVASLATET-OFF-XL,shopify,29,deny,manual,2399.00,,TRUE,TRUE,https://raw.githubusercontent.com/Shivam3-max/nova/main/import/images/nova-tee-offwhite.png,,,,,,,,
nova-slate-tee,,,,,,,Color,Off White,Size,XXL,NOVA-NOVASLATET-OFF-XXL,shopify,29,deny,manual,2399.00,,TRUE,TRUE,https://raw.githubusercontent.com/Shivam3-max/nova/main/import/images/nova-tee-offwhite.png,,,,,,,,
nova-slate-tee,,,,,,,Color,Black,Size,XS,NOVA-NOVASLATET-BLA-XS,shopify,29,deny,manual,2399.00,,TRUE,TRUE,https://raw.githubusercontent.com/Shivam3-max/nova/main/import/images/nova-tee-black.png,,,,,,,,
nova-slate-tee,,,,,,,Color,Black,Size,S,NOVA-NOVASLATET-BLA-S,shopify,29,deny,manual,2399.00,,TRUE,TRUE,https://raw.githubusercontent.com/Shivam3-max/nova/main/import/images/nova-tee-black.png,,,,,,,,
nova-slate-tee,,,,,,,Color,Black,Size,M,NOVA-NOVASLATET-BLA-M,shopify,29,deny,manual,2399.00,,TRUE,TRUE,https://raw.githubusercontent.com/Shivam3-max/nova/main/import/images/nova-tee-black.png,,,,,,,,
nova-slate-tee,,,,,,,Color,Black,Size,L,NOVA-NOVASLATET-BLA-L,shopify,29,deny,manual,2399.00,,TRUE,TRUE,https://raw.githubusercontent.com/Shivam3-max/nova/main/import/images/nova-tee-black.png,,,,,,,,
nova-slate-tee,,,,,,,Color,Black,Size,XL,NOVA-NOVASLATET-BLA-XL,shopify,29,deny,manual,2399.00,,TRUE,TRUE,https://raw.githubusercontent.com/Shivam3-max/nova/main/import/images/nova-tee-black.png,,,,,,,,
nova-slate-tee,,,,,,,Color,Black,Size,XXL,NOVA-NOVASLATET-BLA-XXL,shopify,0,deny,manual,2399.00,,TRUE,TRUE,https://raw.githubusercontent.com/Shivam3-max/nova/main/import/images/nova-tee-black.png,,,,,,,,
nova-utility-cargo,NOVA Utility Cargo,"<p>A washed herringbone cargo. Bellowed thigh pockets, drawcord waist, cut to break once over the shoe.</p><p>Made in small batches, so no two pieces read exactly alike.</p>",NØVA,Trouser,"street, utility",TRUE,Color,Black,Size,28,NOVA-NOVAUTILIT-BLA-28,shopify,60,deny,manual,3799.00,4699.00,TRUE,TRUE,https://raw.githubusercontent.com/Shivam3-max/nova/main/import/images/nova-cargo-black.png,https://raw.githubusercontent.com/Shivam3-max/nova/main/import/images/nova-cargo-black.png,1,NOVA Utility Cargo — Black,active,,Bar-tacked at every stress point. Pocket bags cut deep enough to actually use.,cargo,"[{""name"":""Black"",""swatch"":""#131316"",""art"":""nova-cargo-black""},{""name"":""Sand"",""swatch"":""#c6bcab"",""art"":""nova-cargo-sand""},{""name"":""Charcoal"",""swatch"":""#2c2d32"",""art"":""nova-cargo-charcoal""}]"
nova-utility-cargo,,,,,,,Color,Black,Size,30,NOVA-NOVAUTILIT-BLA-30,shopify,60,deny,manual,3799.00,4699.00,TRUE,TRUE,https://raw.githubusercontent.com/Shivam3-max/nova/main/import/images/nova-cargo-black.png,https://raw.githubusercontent.com/Shivam3-max/nova/main/import/images/nova-cargo-sand.png,2,NOVA Utility Cargo — Sand,,,,,
nova-utility-cargo,,,,,,,Color,Black,Size,32,NOVA-NOVAUTILIT-BLA-32,shopify,60,deny,manual,3799.00,4699.00,TRUE,TRUE,https://raw.githubusercontent.com/Shivam3-max/nova/main/import/images/nova-cargo-black.png,https://raw.githubusercontent.com/Shivam3-max/nova/main/import/images/nova-cargo-charcoal.png,3,NOVA Utility Cargo — Charcoal,,,,,
nova-utility-cargo,,,,,,,Color,Black,Size,34,NOVA-NOVAUTILIT-BLA-34,shopify,60,deny,manual,3799.00,4699.00,TRUE,TRUE,https://raw.githubusercontent.com/Shivam3-max/nova/main/import/images/nova-cargo-black.png,,,,,,,,
nova-utility-cargo,,,,,,,Color,Black,Size,36,NOVA-NOVAUTILIT-BLA-36,shopify,60,deny,manual,3799.00,4699.00,TRUE,TRUE,https://raw.githubusercontent.com/Shivam3-max/nova/main/import/images/nova-cargo-black.png,,,,,,,,
nova-utility-cargo,,,,,,,Color,Sand,Size,28,NOVA-NOVAUTILIT-SAN-28,shopify,60,deny,manual,3799.00,4699.00,TRUE,TRUE,https://raw.githubusercontent.com/Shivam3-max/nova/main/import/images/nova-cargo-sand.png,,,,,,,,
nova-utility-cargo,,,,,,,Color,Sand,Size,30,NOVA-NOVAUTILIT-SAN-30,shopify,60,deny,manual,3799.00,4699.00,TRUE,TRUE,https://raw.githubusercontent.com/Shivam3-max/nova/main/import/images/nova-cargo-sand.png,,,,,,,,
nova-utility-cargo,,,,,,,Color,Sand,Size,32,NOVA-NOVAUTILIT-SAN-32,shopify,60,deny,manual,3799.00,4699.00,TRUE,TRUE,https://raw.githubusercontent.com/Shivam3-max/nova/main/import/images/nova-cargo-sand.png,,,,,,,,
nova-utility-cargo,,,,,,,Color,Sand,Size,34,NOVA-NOVAUTILIT-SAN-34,shopify,60,deny,manual,3799.00,4699.00,TRUE,TRUE,https://raw.githubusercontent.com/Shivam3-max/nova/main/import/images/nova-cargo-sand.png,,,,,,,,
nova-utility-cargo,,,,,,,Color,Sand,Size,36,NOVA-NOVAUTILIT-SAN-36,shopify,60,deny,manual,3799.00,4699.00,TRUE,TRUE,https://raw.githubusercontent.com/Shivam3-max/nova/main/import/images/nova-cargo-sand.png,,,,,,,,
nova-utility-cargo,,,,,,,Color,Charcoal,Size,28,NOVA-NOVAUTILIT-CHA-28,shopify,60,deny,manual,3799.00,4699.00,TRUE,TRUE,https://raw.githubusercontent.com/Shivam3-max/nova/main/import/images/nova-cargo-charcoal.png,,,,,,,,
nova-utility-cargo,,,,,,,Color,Charcoal,Size,30,NOVA-NOVAUTILIT-CHA-30,shopify,60,deny,manual,3799.00,4699.00,TRUE,TRUE,https://raw.githubusercontent.com/Shivam3-max/nova/main/import/images/nova-cargo-charcoal.png,,,,,,,,
nova-utility-cargo,,,,,,,Color,Charcoal,Size,32,NOVA-NOVAUTILIT-CHA-32,shopify,60,deny,manual,3799.00,4699.00,TRUE,TRUE,https://raw.githubusercontent.com/Shivam3-max/nova/main/import/images/nova-cargo-charcoal.png,,,,,,,,
nova-utility-cargo,,,,,,,Color,Charcoal,Size,34,NOVA-NOVAUTILIT-CHA-34,shopify,60,deny,manual,3799.00,4699.00,TRUE,TRUE,https://raw.githubusercontent.com/Shivam3-max/nova/main/import/images/nova-cargo-charcoal.png,,,,,,,,
nova-utility-cargo,,,,,,,Color,Charcoal,Size,36,NOVA-NOVAUTILIT-CHA-36,shopify,0,deny,manual,3799.00,4699.00,TRUE,TRUE,https://raw.githubusercontent.com/Shivam3-max/nova/main/import/images/nova-cargo-charcoal.png,,,,,,,,
nova-kinetic-cargo,NOVA Kinetic Cargo,"<p>A washed herringbone cargo. Bellowed thigh pockets, drawcord waist, cut to break once over the shoe.</p><p>Made in small batches, so no two pieces read exactly alike.</p>",NØVA,Trouser,"street, utility",TRUE,Color,Black,Size,28,NOVA-NOVAKINETI-BLA-28,shopify,41,deny,manual,4699.00,,TRUE,TRUE,https://raw.githubusercontent.com/Shivam3-max/nova/main/import/images/nova-cargo-black.png,https://raw.githubusercontent.com/Shivam3-max/nova/main/import/images/nova-cargo-black.png,1,NOVA Kinetic Cargo — Black,active,,Bar-tacked at every stress point. Pocket bags cut deep enough to actually use.,cargo,"[{""name"":""Black"",""swatch"":""#131316"",""art"":""nova-cargo-black""},{""name"":""Sand"",""swatch"":""#c6bcab"",""art"":""nova-cargo-sand""},{""name"":""Charcoal"",""swatch"":""#2c2d32"",""art"":""nova-cargo-charcoal""}]"
nova-kinetic-cargo,,,,,,,Color,Black,Size,30,NOVA-NOVAKINETI-BLA-30,shopify,41,deny,manual,4699.00,,TRUE,TRUE,https://raw.githubusercontent.com/Shivam3-max/nova/main/import/images/nova-cargo-black.png,https://raw.githubusercontent.com/Shivam3-max/nova/main/import/images/nova-cargo-sand.png,2,NOVA Kinetic Cargo — Sand,,,,,
nova-kinetic-cargo,,,,,,,Color,Black,Size,32,NOVA-NOVAKINETI-BLA-32,shopify,41,deny,manual,4699.00,,TRUE,TRUE,https://raw.githubusercontent.com/Shivam3-max/nova/main/import/images/nova-cargo-black.png,https://raw.githubusercontent.com/Shivam3-max/nova/main/import/images/nova-cargo-charcoal.png,3,NOVA Kinetic Cargo — Charcoal,,,,,
nova-kinetic-cargo,,,,,,,Color,Black,Size,34,NOVA-NOVAKINETI-BLA-34,shopify,41,deny,manual,4699.00,,TRUE,TRUE,https://raw.githubusercontent.com/Shivam3-max/nova/main/import/images/nova-cargo-black.png,,,,,,,,
nova-kinetic-cargo,,,,,,,Color,Black,Size,36,NOVA-NOVAKINETI-BLA-36,shopify,41,deny,manual,4699.00,,TRUE,TRUE,https://raw.githubusercontent.com/Shivam3-max/nova/main/import/images/nova-cargo-black.png,,,,,,,,
nova-kinetic-cargo,,,,,,,Color,Sand,Size,28,NOVA-NOVAKINETI-SAN-28,shopify,41,deny,manual,4699.00,,TRUE,TRUE,https://raw.githubusercontent.com/Shivam3-max/nova/main/import/images/nova-cargo-sand.png,,,,,,,,
nova-kinetic-cargo,,,,,,,Color,Sand,Size,30,NOVA-NOVAKINETI-SAN-30,shopify,41,deny,manual,4699.00,,TRUE,TRUE,https://raw.githubusercontent.com/Shivam3-max/nova/main/import/images/nova-cargo-sand.png,,,,,,,,
nova-kinetic-cargo,,,,,,,Color,Sand,Size,32,NOVA-NOVAKINETI-SAN-32,shopify,41,deny,manual,4699.00,,TRUE,TRUE,https://raw.githubusercontent.com/Shivam3-max/nova/main/import/images/nova-cargo-sand.png,,,,,,,,
nova-kinetic-cargo,,,,,,,Color,Sand,Size,34,NOVA-NOVAKINETI-SAN-34,shopify,41,deny,manual,4699.00,,TRUE,TRUE,https://raw.githubusercontent.com/Shivam3-max/nova/main/import/images/nova-cargo-sand.png,,,,,,,,
nova-kinetic-cargo,,,,,,,Color,Sand,Size,36,NOVA-NOVAKINETI-SAN-36,shopify,41,deny,manual,4699.00,,TRUE,TRUE,https://raw.githubusercontent.com/Shivam3-max/nova/main/import/images/nova-cargo-sand.png,,,,,,,,
nova-kinetic-cargo,,,,,,,Color,Charcoal,Size,28,NOVA-NOVAKINETI-CHA-28,shopify,41,deny,manual,4699.00,,TRUE,TRUE,https://raw.githubusercontent.com/Shivam3-max/nova/main/import/images/nova-cargo-charcoal.png,,,,,,,,
nova-kinetic-cargo,,,,,,,Color,Charcoal,Size,30,NOVA-NOVAKINETI-CHA-30,shopify,41,deny,manual,4699.00,,TRUE,TRUE,https://raw.githubusercontent.com/Shivam3-max/nova/main/import/images/nova-cargo-charcoal.png,,,,,,,,
nova-kinetic-cargo,,,,,,,Color,Charcoal,Size,32,NOVA-NOVAKINETI-CHA-32,shopify,41,deny,manual,4699.00,,TRUE,TRUE,https://raw.githubusercontent.com/Shivam3-max/nova/main/import/images/nova-cargo-charcoal.png,,,,,,,,
nova-kinetic-cargo,,,,,,,Color,Charcoal,Size,34,NOVA-NOVAKINETI-CHA-34,shopify,41,deny,manual,4699.00,,TRUE,TRUE,https://raw.githubusercontent.com/Shivam3-max/nova/main/import/images/nova-cargo-charcoal.png,,,,,,,,
nova-kinetic-cargo,,,,,,,Color,Charcoal,Size,36,NOVA-NOVAKINETI-CHA-36,shopify,0,deny,manual,4699.00,,TRUE,TRUE,https://raw.githubusercontent.com/Shivam3-max/nova/main/import/images/nova-cargo-charcoal.png,,,,,,,,
nova-cipher-cargo,NOVA Cipher Cargo,"<p>A cotton ripstop cargo. Bellowed thigh pockets, drawcord waist, cut to break once over the shoe.</p><p>Made in small batches, so no two pieces read exactly alike.</p>",NØVA,Trouser,"street, utility",TRUE,Color,Olive,Size,28,NOVA-NOVACIPHER-OLI-28,shopify,93,deny,manual,4399.00,5499.00,TRUE,TRUE,https://raw.githubusercontent.com/Shivam3-max/nova/main/import/images/nova-cargo-olive.png,https://raw.githubusercontent.com/Shivam3-max/nova/main/import/images/nova-cargo-olive.png,1,NOVA Cipher Cargo — Olive,active,,Bar-tacked at every stress point. Pocket bags cut deep enough to actually use.,cargo,"[{""name"":""Olive"",""swatch"":""#575a44"",""art"":""nova-cargo-olive""},{""name"":""Black"",""swatch"":""#131316"",""art"":""nova-cargo-black""},{""name"":""Sand"",""swatch"":""#c6bcab"",""art"":""nova-cargo-sand""}]"
nova-cipher-cargo,,,,,,,Color,Olive,Size,30,NOVA-NOVACIPHER-OLI-30,shopify,93,deny,manual,4399.00,5499.00,TRUE,TRUE,https://raw.githubusercontent.com/Shivam3-max/nova/main/import/images/nova-cargo-olive.png,https://raw.githubusercontent.com/Shivam3-max/nova/main/import/images/nova-cargo-black.png,2,NOVA Cipher Cargo — Black,,,,,
nova-cipher-cargo,,,,,,,Color,Olive,Size,32,NOVA-NOVACIPHER-OLI-32,shopify,93,deny,manual,4399.00,5499.00,TRUE,TRUE,https://raw.githubusercontent.com/Shivam3-max/nova/main/import/images/nova-cargo-olive.png,https://raw.githubusercontent.com/Shivam3-max/nova/main/import/images/nova-cargo-sand.png,3,NOVA Cipher Cargo — Sand,,,,,
nova-cipher-cargo,,,,,,,Color,Olive,Size,34,NOVA-NOVACIPHER-OLI-34,shopify,93,deny,manual,4399.00,5499.00,TRUE,TRUE,https://raw.githubusercontent.com/Shivam3-max/nova/main/import/images/nova-cargo-olive.png,,,,,,,,
nova-cipher-cargo,,,,,,,Color,Olive,Size,36,NOVA-NOVACIPHER-OLI-36,shopify,93,deny,manual,4399.00,5499.00,TRUE,TRUE,https://raw.githubusercontent.com/Shivam3-max/nova/main/import/images/nova-cargo-olive.png,,,,,,,,
nova-cipher-cargo,,,,,,,Color,Black,Size,28,NOVA-NOVACIPHER-BLA-28,shopify,93,deny,manual,4399.00,5499.00,TRUE,TRUE,https://raw.githubusercontent.com/Shivam3-max/nova/main/import/images/nova-cargo-black.png,,,,,,,,
nova-cipher-cargo,,,,,,,Color,Black,Size,30,NOVA-NOVACIPHER-BLA-30,shopify,93,deny,manual,4399.00,5499.00,TRUE,TRUE,https://raw.githubusercontent.com/Shivam3-max/nova/main/import/images/nova-cargo-black.png,,,,,,,,
nova-cipher-cargo,,,,,,,Color,Black,Size,32,NOVA-NOVACIPHER-BLA-32,shopify,93,deny,manual,4399.00,5499.00,TRUE,TRUE,https://raw.githubusercontent.com/Shivam3-max/nova/main/import/images/nova-cargo-black.png,,,,,,,,
nova-cipher-cargo,,,,,,,Color,Black,Size,34,NOVA-NOVACIPHER-BLA-34,shopify,93,deny,manual,4399.00,5499.00,TRUE,TRUE,https://raw.githubusercontent.com/Shivam3-max/nova/main/import/images/nova-cargo-black.png,,,,,,,,
nova-cipher-cargo,,,,,,,Color,Black,Size,36,NOVA-NOVACIPHER-BLA-36,shopify,93,deny,manual,4399.00,5499.00,TRUE,TRUE,https://raw.githubusercontent.com/Shivam3-max/nova/main/import/images/nova-cargo-black.png,,,,,,,,
nova-cipher-cargo,,,,,,,Color,Sand,Size,28,NOVA-NOVACIPHER-SAN-28,shopify,93,deny,manual,4399.00,5499.00,TRUE,TRUE,https://raw.githubusercontent.com/Shivam3-max/nova/main/import/images/nova-cargo-sand.png,,,,,,,,
nova-cipher-cargo,,,,,,,Color,Sand,Size,30,NOVA-NOVACIPHER-SAN-30,shopify,93,deny,manual,4399.00,5499.00,TRUE,TRUE,https://raw.githubusercontent.com/Shivam3-max/nova/main/import/images/nova-cargo-sand.png,,,,,,,,
nova-cipher-cargo,,,,,,,Color,Sand,Size,32,NOVA-NOVACIPHER-SAN-32,shopify,93,deny,manual,4399.00,5499.00,TRUE,TRUE,https://raw.githubusercontent.com/Shivam3-max/nova/main/import/images/nova-cargo-sand.png,,,,,,,,
nova-cipher-cargo,,,,,,,Color,Sand,Size,34,NOVA-NOVACIPHER-SAN-34,shopify,93,deny,manual,4399.00,5499.00,TRUE,TRUE,https://raw.githubusercontent.com/Shivam3-max/nova/main/import/images/nova-cargo-sand.png,,,,,,,,
nova-cipher-cargo,,,,,,,Color,Sand,Size,36,NOVA-NOVACIPHER-SAN-36,shopify,0,deny,manual,4399.00,5499.00,TRUE,TRUE,https://raw.githubusercontent.com/Shivam3-max/nova/main/import/images/nova-cargo-sand.png,,,,,,,,
nova-meridian-cargo,NOVA Meridian Cargo,"<p>A washed herringbone cargo. Bellowed thigh pockets, drawcord waist, cut to break once over the shoe.</p><p>Made in small batches, so no two pieces read exactly alike.</p>",NØVA,Trouser,"street, utility",TRUE,Color,Sand,Size,28,NOVA-NOVAMERIDI-SAN-28,shopify,90,deny,manual,4599.00,5699.00,TRUE,TRUE,https://raw.githubusercontent.com/Shivam3-max/nova/main/import/images/nova-cargo-sand.png,https://raw.githubusercontent.com/Shivam3-max/nova/main/import/images/nova-cargo-sand.png,1,NOVA Meridian Cargo — Sand,active,,Bar-tacked at every stress point. Pocket bags cut deep enough to actually use.,cargo,"[{""name"":""Sand"",""swatch"":""#c6bcab"",""art"":""nova-cargo-sand""},{""name"":""Charcoal"",""swatch"":""#2c2d32"",""art"":""nova-cargo-charcoal""}]"
nova-meridian-cargo,,,,,,,Color,Sand,Size,30,NOVA-NOVAMERIDI-SAN-30,shopify,90,deny,manual,4599.00,5699.00,TRUE,TRUE,https://raw.githubusercontent.com/Shivam3-max/nova/main/import/images/nova-cargo-sand.png,https://raw.githubusercontent.com/Shivam3-max/nova/main/import/images/nova-cargo-charcoal.png,2,NOVA Meridian Cargo — Charcoal,,,,,
nova-meridian-cargo,,,,,,,Color,Sand,Size,32,NOVA-NOVAMERIDI-SAN-32,shopify,90,deny,manual,4599.00,5699.00,TRUE,TRUE,https://raw.githubusercontent.com/Shivam3-max/nova/main/import/images/nova-cargo-sand.png,,,,,,,,
nova-meridian-cargo,,,,,,,Color,Sand,Size,34,NOVA-NOVAMERIDI-SAN-34,shopify,90,deny,manual,4599.00,5699.00,TRUE,TRUE,https://raw.githubusercontent.com/Shivam3-max/nova/main/import/images/nova-cargo-sand.png,,,,,,,,
nova-meridian-cargo,,,,,,,Color,Sand,Size,36,NOVA-NOVAMERIDI-SAN-36,shopify,90,deny,manual,4599.00,5699.00,TRUE,TRUE,https://raw.githubusercontent.com/Shivam3-max/nova/main/import/images/nova-cargo-sand.png,,,,,,,,
nova-meridian-cargo,,,,,,,Color,Charcoal,Size,28,NOVA-NOVAMERIDI-CHA-28,shopify,90,deny,manual,4599.00,5699.00,TRUE,TRUE,https://raw.githubusercontent.com/Shivam3-max/nova/main/import/images/nova-cargo-charcoal.png,,,,,,,,
nova-meridian-cargo,,,,,,,Color,Charcoal,Size,30,NOVA-NOVAMERIDI-CHA-30,shopify,90,deny,manual,4599.00,5699.00,TRUE,TRUE,https://raw.githubusercontent.com/Shivam3-max/nova/main/import/images/nova-cargo-charcoal.png,,,,,,,,
nova-meridian-cargo,,,,,,,Color,Charcoal,Size,32,NOVA-NOVAMERIDI-CHA-32,shopify,90,deny,manual,4599.00,5699.00,TRUE,TRUE,https://raw.githubusercontent.com/Shivam3-max/nova/main/import/images/nova-cargo-charcoal.png,,,,,,,,
nova-meridian-cargo,,,,,,,Color,Charcoal,Size,34,NOVA-NOVAMERIDI-CHA-34,shopify,90,deny,manual,4599.00,5699.00,TRUE,TRUE,https://raw.githubusercontent.com/Shivam3-max/nova/main/import/images/nova-cargo-charcoal.png,,,,,,,,
nova-meridian-cargo,,,,,,,Color,Charcoal,Size,36,NOVA-NOVAMERIDI-CHA-36,shopify,0,deny,manual,4599.00,5699.00,TRUE,TRUE,https://raw.githubusercontent.com/Shivam3-max/nova/main/import/images/nova-cargo-charcoal.png,,,,,,,,
nova-aurora-cargo,NOVA Aurora Cargo,"<p>A cotton ripstop cargo. Bellowed thigh pockets, drawcord waist, cut to break once over the shoe.</p><p>Made in small batches, so no two pieces read exactly alike.</p>",NØVA,Trouser,"street, utility, drop",TRUE,Color,Olive,Size,28,NOVA-NOVAAURORA-OLI-28,shopify,85,deny,manual,5199.00,,TRUE,TRUE,https://raw.githubusercontent.com/Shivam3-max/nova/main/import/images/nova-cargo-olive.png,https://raw.githubusercontent.com/Shivam3-max/nova/main/import/images/nova-cargo-olive.png,1,NOVA Aurora Cargo — Olive,active,DROP 01,Bar-tacked at every stress point. Pocket bags cut deep enough to actually use.,cargo,"[{""name"":""Olive"",""swatch"":""#575a44"",""art"":""nova-cargo-olive""},{""name"":""Black"",""swatch"":""#131316"",""art"":""nova-cargo-black""},{""name"":""Sand"",""swatch"":""#c6bcab"",""art"":""nova-cargo-sand""}]"
nova-aurora-cargo,,,,,,,Color,Olive,Size,30,NOVA-NOVAAURORA-OLI-30,shopify,85,deny,manual,5199.00,,TRUE,TRUE,https://raw.githubusercontent.com/Shivam3-max/nova/main/import/images/nova-cargo-olive.png,https://raw.githubusercontent.com/Shivam3-max/nova/main/import/images/nova-cargo-black.png,2,NOVA Aurora Cargo — Black,,,,,
nova-aurora-cargo,,,,,,,Color,Olive,Size,32,NOVA-NOVAAURORA-OLI-32,shopify,85,deny,manual,5199.00,,TRUE,TRUE,https://raw.githubusercontent.com/Shivam3-max/nova/main/import/images/nova-cargo-olive.png,https://raw.githubusercontent.com/Shivam3-max/nova/main/import/images/nova-cargo-sand.png,3,NOVA Aurora Cargo — Sand,,,,,
nova-aurora-cargo,,,,,,,Color,Olive,Size,34,NOVA-NOVAAURORA-OLI-34,shopify,85,deny,manual,5199.00,,TRUE,TRUE,https://raw.githubusercontent.com/Shivam3-max/nova/main/import/images/nova-cargo-olive.png,,,,,,,,
nova-aurora-cargo,,,,,,,Color,Olive,Size,36,NOVA-NOVAAURORA-OLI-36,shopify,85,deny,manual,5199.00,,TRUE,TRUE,https://raw.githubusercontent.com/Shivam3-max/nova/main/import/images/nova-cargo-olive.png,,,,,,,,
nova-aurora-cargo,,,,,,,Color,Black,Size,28,NOVA-NOVAAURORA-BLA-28,shopify,85,deny,manual,5199.00,,TRUE,TRUE,https://raw.githubusercontent.com/Shivam3-max/nova/main/import/images/nova-cargo-black.png,,,,,,,,
nova-aurora-cargo,,,,,,,Color,Black,Size,30,NOVA-NOVAAURORA-BLA-30,shopify,85,deny,manual,5199.00,,TRUE,TRUE,https://raw.githubusercontent.com/Shivam3-max/nova/main/import/images/nova-cargo-black.png,,,,,,,,
nova-aurora-cargo,,,,,,,Color,Black,Size,32,NOVA-NOVAAURORA-BLA-32,shopify,85,deny,manual,5199.00,,TRUE,TRUE,https://raw.githubusercontent.com/Shivam3-max/nova/main/import/images/nova-cargo-black.png,,,,,,,,
nova-aurora-cargo,,,,,,,Color,Black,Size,34,NOVA-NOVAAURORA-BLA-34,shopify,85,deny,manual,5199.00,,TRUE,TRUE,https://raw.githubusercontent.com/Shivam3-max/nova/main/import/images/nova-cargo-black.png,,,,,,,,
nova-aurora-cargo,,,,,,,Color,Black,Size,36,NOVA-NOVAAURORA-BLA-36,shopify,85,deny,manual,5199.00,,TRUE,TRUE,https://raw.githubusercontent.com/Shivam3-max/nova/main/import/images/nova-cargo-black.png,,,,,,,,
nova-aurora-cargo,,,,,,,Color,Sand,Size,28,NOVA-NOVAAURORA-SAN-28,shopify,85,deny,manual,5199.00,,TRUE,TRUE,https://raw.githubusercontent.com/Shivam3-max/nova/main/import/images/nova-cargo-sand.png,,,,,,,,
nova-aurora-cargo,,,,,,,Color,Sand,Size,30,NOVA-NOVAAURORA-SAN-30,shopify,85,deny,manual,5199.00,,TRUE,TRUE,https://raw.githubusercontent.com/Shivam3-max/nova/main/import/images/nova-cargo-sand.png,,,,,,,,
nova-aurora-cargo,,,,,,,Color,Sand,Size,32,NOVA-NOVAAURORA-SAN-32,shopify,85,deny,manual,5199.00,,TRUE,TRUE,https://raw.githubusercontent.com/Shivam3-max/nova/main/import/images/nova-cargo-sand.png,,,,,,,,
nova-aurora-cargo,,,,,,,Color,Sand,Size,34,NOVA-NOVAAURORA-SAN-34,shopify,85,deny,manual,5199.00,,TRUE,TRUE,https://raw.githubusercontent.com/Shivam3-max/nova/main/import/images/nova-cargo-sand.png,,,,,,,,
nova-aurora-cargo,,,,,,,Color,Sand,Size,36,NOVA-NOVAAURORA-SAN-36,shopify,0,deny,manual,5199.00,,TRUE,TRUE,https://raw.githubusercontent.com/Shivam3-max/nova/main/import/images/nova-cargo-sand.png,,,,,,,,
nova-solace-cargo,NOVA Solace Cargo,"<p>A 12oz dry denim cargo. Bellowed thigh pockets, drawcord waist, cut to break once over the shoe.</p><p>Made in small batches, so no two pieces read exactly alike.</p>",NØVA,Trouser,"street, utility",TRUE,Color,Charcoal,Size,28,NOVA-NOVASOLACE-CHA-28,shopify,51,deny,manual,3999.00,,TRUE,TRUE,https://raw.githubusercontent.com/Shivam3-max/nova/main/import/images/nova-cargo-charcoal.png,https://raw.githubusercontent.com/Shivam3-max/nova/main/import/images/nova-cargo-charcoal.png,1,NOVA Solace Cargo — Charcoal,active,,Bar-tacked at every stress point. Pocket bags cut deep enough to actually use.,cargo,"[{""name"":""Charcoal"",""swatch"":""#2c2d32"",""art"":""nova-cargo-charcoal""},{""name"":""Olive"",""swatch"":""#575a44"",""art"":""nova-cargo-olive""}]"
nova-solace-cargo,,,,,,,Color,Charcoal,Size,30,NOVA-NOVASOLACE-CHA-30,shopify,51,deny,manual,3999.00,,TRUE,TRUE,https://raw.githubusercontent.com/Shivam3-max/nova/main/import/images/nova-cargo-charcoal.png,https://raw.githubusercontent.com/Shivam3-max/nova/main/import/images/nova-cargo-olive.png,2,NOVA Solace Cargo — Olive,,,,,
nova-solace-cargo,,,,,,,Color,Charcoal,Size,32,NOVA-NOVASOLACE-CHA-32,shopify,51,deny,manual,3999.00,,TRUE,TRUE,https://raw.githubusercontent.com/Shivam3-max/nova/main/import/images/nova-cargo-charcoal.png,,,,,,,,
nova-solace-cargo,,,,,,,Color,Charcoal,Size,34,NOVA-NOVASOLACE-CHA-34,shopify,51,deny,manual,3999.00,,TRUE,TRUE,https://raw.githubusercontent.com/Shivam3-max/nova/main/import/images/nova-cargo-charcoal.png,,,,,,,,
nova-solace-cargo,,,,,,,Color,Charcoal,Size,36,NOVA-NOVASOLACE-CHA-36,shopify,51,deny,manual,3999.00,,TRUE,TRUE,https://raw.githubusercontent.com/Shivam3-max/nova/main/import/images/nova-cargo-charcoal.png,,,,,,,,
nova-solace-cargo,,,,,,,Color,Olive,Size,28,NOVA-NOVASOLACE-OLI-28,shopify,51,deny,manual,3999.00,,TRUE,TRUE,https://raw.githubusercontent.com/Shivam3-max/nova/main/import/images/nova-cargo-olive.png,,,,,,,,
nova-solace-cargo,,,,,,,Color,Olive,Size,30,NOVA-NOVASOLACE-OLI-30,shopify,51,deny,manual,3999.00,,TRUE,TRUE,https://raw.githubusercontent.com/Shivam3-max/nova/main/import/images/nova-cargo-olive.png,,,,,,,,
nova-solace-cargo,,,,,,,Color,Olive,Size,32,NOVA-NOVASOLACE-OLI-32,shopify,51,deny,manual,3999.00,,TRUE,TRUE,https://raw.githubusercontent.com/Shivam3-max/nova/main/import/images/nova-cargo-olive.png,,,,,,,,
nova-solace-cargo,,,,,,,Color,Olive,Size,34,NOVA-NOVASOLACE-OLI-34,shopify,51,deny,manual,3999.00,,TRUE,TRUE,https://raw.githubusercontent.com/Shivam3-max/nova/main/import/images/nova-cargo-olive.png,,,,,,,,
nova-solace-cargo,,,,,,,Color,Olive,Size,36,NOVA-NOVASOLACE-OLI-36,shopify,0,deny,manual,3999.00,,TRUE,TRUE,https://raw.githubusercontent.com/Shivam3-max/nova/main/import/images/nova-cargo-olive.png,,,,,,,,
nova-tech-bomber,NOVA Tech Bomber,"<p>A bonded ripstop bomber. Ribbed collar, cuff and hem with a two-way centre zip and a water-repellent finish.</p><p>Made in small batches, so no two pieces read exactly alike.</p>",NØVA,Jacket,"street, outerwear",TRUE,Color,Olive,Size,XS,NOVA-NOVATECHBO-OLI-XS,shopify,99,deny,manual,8899.00,,TRUE,TRUE,https://raw.githubusercontent.com/Shivam3-max/nova/main/import/images/nova-bomber-olive.png,https://raw.githubusercontent.com/Shivam3-max/nova/main/import/images/nova-bomber-olive.png,1,NOVA Tech Bomber — Olive,active,,Shell bonded to a light mesh backer so it holds structure without bulk.,bomber,"[{""name"":""Olive"",""swatch"":""#575a44"",""art"":""nova-bomber-olive""},{""name"":""Ink"",""swatch"":""#1a1d24"",""art"":""nova-bomber-ink""},{""name"":""Charcoal"",""swatch"":""#2c2d32"",""art"":""nova-bomber-charcoal""}]"
nova-tech-bomber,,,,,,,Color,Olive,Size,S,NOVA-NOVATECHBO-OLI-S,shopify,99,deny,manual,8899.00,,TRUE,TRUE,https://raw.githubusercontent.com/Shivam3-max/nova/main/import/images/nova-bomber-olive.png,https://raw.githubusercontent.com/Shivam3-max/nova/main/import/images/nova-bomber-ink.png,2,NOVA Tech Bomber — Ink,,,,,
nova-tech-bomber,,,,,,,Color,Olive,Size,M,NOVA-NOVATECHBO-OLI-M,shopify,99,deny,manual,8899.00,,TRUE,TRUE,https://raw.githubusercontent.com/Shivam3-max/nova/main/import/images/nova-bomber-olive.png,https://raw.githubusercontent.com/Shivam3-max/nova/main/import/images/nova-bomber-charcoal.png,3,NOVA Tech Bomber — Charcoal,,,,,
nova-tech-bomber,,,,,,,Color,Olive,Size,L,NOVA-NOVATECHBO-OLI-L,shopify,99,deny,manual,8899.00,,TRUE,TRUE,https://raw.githubusercontent.com/Shivam3-max/nova/main/import/images/nova-bomber-olive.png,,,,,,,,
nova-tech-bomber,,,,,,,Color,Olive,Size,XL,NOVA-NOVATECHBO-OLI-XL,shopify,99,deny,manual,8899.00,,TRUE,TRUE,https://raw.githubusercontent.com/Shivam3-max/nova/main/import/images/nova-bomber-olive.png,,,,,,,,
nova-tech-bomber,,,,,,,Color,Olive,Size,XXL,NOVA-NOVATECHBO-OLI-XXL,shopify,99,deny,manual,8899.00,,TRUE,TRUE,https://raw.githubusercontent.com/Shivam3-max/nova/main/import/images/nova-bomber-olive.png,,,,,,,,
nova-tech-bomber,,,,,,,Color,Ink,Size,XS,NOVA-NOVATECHBO-INK-XS,shopify,99,deny,manual,8899.00,,TRUE,TRUE,https://raw.githubusercontent.com/Shivam3-max/nova/main/import/images/nova-bomber-ink.png,,,,,,,,
nova-tech-bomber,,,,,,,Color,Ink,Size,S,NOVA-NOVATECHBO-INK-S,shopify,99,deny,manual,8899.00,,TRUE,TRUE,https://raw.githubusercontent.com/Shivam3-max/nova/main/import/images/nova-bomber-ink.png,,,,,,,,
nova-tech-bomber,,,,,,,Color,Ink,Size,M,NOVA-NOVATECHBO-INK-M,shopify,99,deny,manual,8899.00,,TRUE,TRUE,https://raw.githubusercontent.com/Shivam3-max/nova/main/import/images/nova-bomber-ink.png,,,,,,,,
nova-tech-bomber,,,,,,,Color,Ink,Size,L,NOVA-NOVATECHBO-INK-L,shopify,99,deny,manual,8899.00,,TRUE,TRUE,https://raw.githubusercontent.com/Shivam3-max/nova/main/import/images/nova-bomber-ink.png,,,,,,,,
nova-tech-bomber,,,,,,,Color,Ink,Size,XL,NOVA-NOVATECHBO-INK-XL,shopify,99,deny,manual,8899.00,,TRUE,TRUE,https://raw.githubusercontent.com/Shivam3-max/nova/main/import/images/nova-bomber-ink.png,,,,,,,,
nova-tech-bomber,,,,,,,Color,Ink,Size,XXL,NOVA-NOVATECHBO-INK-XXL,shopify,99,deny,manual,8899.00,,TRUE,TRUE,https://raw.githubusercontent.com/Shivam3-max/nova/main/import/images/nova-bomber-ink.png,,,,,,,,
nova-tech-bomber,,,,,,,Color,Charcoal,Size,XS,NOVA-NOVATECHBO-CHA-XS,shopify,99,deny,manual,8899.00,,TRUE,TRUE,https://raw.githubusercontent.com/Shivam3-max/nova/main/import/images/nova-bomber-charcoal.png,,,,,,,,
nova-tech-bomber,,,,,,,Color,Charcoal,Size,S,NOVA-NOVATECHBO-CHA-S,shopify,99,deny,manual,8899.00,,TRUE,TRUE,https://raw.githubusercontent.com/Shivam3-max/nova/main/import/images/nova-bomber-charcoal.png,,,,,,,,
nova-tech-bomber,,,,,,,Color,Charcoal,Size,M,NOVA-NOVATECHBO-CHA-M,shopify,99,deny,manual,8899.00,,TRUE,TRUE,https://raw.githubusercontent.com/Shivam3-max/nova/main/import/images/nova-bomber-charcoal.png,,,,,,,,
nova-tech-bomber,,,,,,,Color,Charcoal,Size,L,NOVA-NOVATECHBO-CHA-L,shopify,99,deny,manual,8899.00,,TRUE,TRUE,https://raw.githubusercontent.com/Shivam3-max/nova/main/import/images/nova-bomber-charcoal.png,,,,,,,,
nova-tech-bomber,,,,,,,Color,Charcoal,Size,XL,NOVA-NOVATECHBO-CHA-XL,shopify,99,deny,manual,8899.00,,TRUE,TRUE,https://raw.githubusercontent.com/Shivam3-max/nova/main/import/images/nova-bomber-charcoal.png,,,,,,,,
nova-tech-bomber,,,,,,,Color,Charcoal,Size,XXL,NOVA-NOVATECHBO-CHA-XXL,shopify,0,deny,manual,8899.00,,TRUE,TRUE,https://raw.githubusercontent.com/Shivam3-max/nova/main/import/images/nova-bomber-charcoal.png,,,,,,,,
nova-quarry-bomber,NOVA Quarry Bomber,"<p>A bonded ripstop bomber. Ribbed collar, cuff and hem with a two-way centre zip and a water-repellent finish.</p><p>Made in small batches, so no two pieces read exactly alike.</p>",NØVA,Jacket,"street, outerwear",TRUE,Color,Charcoal,Size,XS,NOVA-NOVAQUARRY-CHA-XS,shopify,53,deny,manual,6499.00,,TRUE,TRUE,https://raw.githubusercontent.com/Shivam3-max/nova/main/import/images/nova-bomber-charcoal.png,https://raw.githubusercontent.com/Shivam3-max/nova/main/import/images/nova-bomber-charcoal.png,1,NOVA Quarry Bomber — Charcoal,active,NEW,Shell bonded to a light mesh backer so it holds structure without bulk.,bomber,"[{""name"":""Charcoal"",""swatch"":""#2c2d32"",""art"":""nova-bomber-charcoal""},{""name"":""Olive"",""swatch"":""#575a44"",""art"":""nova-bomber-olive""},{""name"":""Ink"",""swatch"":""#1a1d24"",""art"":""nova-bomber-ink""}]"
nova-quarry-bomber,,,,,,,Color,Charcoal,Size,S,NOVA-NOVAQUARRY-CHA-S,shopify,53,deny,manual,6499.00,,TRUE,TRUE,https://raw.githubusercontent.com/Shivam3-max/nova/main/import/images/nova-bomber-charcoal.png,https://raw.githubusercontent.com/Shivam3-max/nova/main/import/images/nova-bomber-olive.png,2,NOVA Quarry Bomber — Olive,,,,,
nova-quarry-bomber,,,,,,,Color,Charcoal,Size,M,NOVA-NOVAQUARRY-CHA-M,shopify,53,deny,manual,6499.00,,TRUE,TRUE,https://raw.githubusercontent.com/Shivam3-max/nova/main/import/images/nova-bomber-charcoal.png,https://raw.githubusercontent.com/Shivam3-max/nova/main/import/images/nova-bomber-ink.png,3,NOVA Quarry Bomber — Ink,,,,,
nova-quarry-bomber,,,,,,,Color,Charcoal,Size,L,NOVA-NOVAQUARRY-CHA-L,shopify,53,deny,manual,6499.00,,TRUE,TRUE,https://raw.githubusercontent.com/Shivam3-max/nova/main/import/images/nova-bomber-charcoal.png,,,,,,,,
nova-quarry-bomber,,,,,,,Color,Charcoal,Size,XL,NOVA-NOVAQUARRY-CHA-XL,shopify,53,deny,manual,6499.00,,TRUE,TRUE,https://raw.githubusercontent.com/Shivam3-max/nova/main/import/images/nova-bomber-charcoal.png,,,,,,,,
nova-quarry-bomber,,,,,,,Color,Charcoal,Size,XXL,NOVA-NOVAQUARRY-CHA-XXL,shopify,53,deny,manual,6499.00,,TRUE,TRUE,https://raw.githubusercontent.com/Shivam3-max/nova/main/import/images/nova-bomber-charcoal.png,,,,,,,,
nova-quarry-bomber,,,,,,,Color,Olive,Size,XS,NOVA-NOVAQUARRY-OLI-XS,shopify,53,deny,manual,6499.00,,TRUE,TRUE,https://raw.githubusercontent.com/Shivam3-max/nova/main/import/images/nova-bomber-olive.png,,,,,,,,
nova-quarry-bomber,,,,,,,Color,Olive,Size,S,NOVA-NOVAQUARRY-OLI-S,shopify,53,deny,manual,6499.00,,TRUE,TRUE,https://raw.githubusercontent.com/Shivam3-max/nova/main/import/images/nova-bomber-olive.png,,,,,,,,
nova-quarry-bomber,,,,,,,Color,Olive,Size,M,NOVA-NOVAQUARRY-OLI-M,shopify,53,deny,manual,6499.00,,TRUE,TRUE,https://raw.githubusercontent.com/Shivam3-max/nova/main/import/images/nova-bomber-olive.png,,,,,,,,
nova-quarry-bomber,,,,,,,Color,Olive,Size,L,NOVA-NOVAQUARRY-OLI-L,shopify,53,deny,manual,6499.00,,TRUE,TRUE,https://raw.githubusercontent.com/Shivam3-max/nova/main/import/images/nova-bomber-olive.png,,,,,,,,
nova-quarry-bomber,,,,,,,Color,Olive,Size,XL,NOVA-NOVAQUARRY-OLI-XL,shopify,53,deny,manual,6499.00,,TRUE,TRUE,https://raw.githubusercontent.com/Shivam3-max/nova/main/import/images/nova-bomber-olive.png,,,,,,,,
nova-quarry-bomber,,,,,,,Color,Olive,Size,XXL,NOVA-NOVAQUARRY-OLI-XXL,shopify,53,deny,manual,6499.00,,TRUE,TRUE,https://raw.githubusercontent.com/Shivam3-max/nova/main/import/images/nova-bomber-olive.png,,,,,,,,
nova-quarry-bomber,,,,,,,Color,Ink,Size,XS,NOVA-NOVAQUARRY-INK-XS,shopify,53,deny,manual,6499.00,,TRUE,TRUE,https://raw.githubusercontent.com/Shivam3-max/nova/main/import/images/nova-bomber-ink.png,,,,,,,,
nova-quarry-bomber,,,,,,,Color,Ink,Size,S,NOVA-NOVAQUARRY-INK-S,shopify,53,deny,manual,6499.00,,TRUE,TRUE,https://raw.githubusercontent.com/Shivam3-max/nova/main/import/images/nova-bomber-ink.png,,,,,,,,
nova-quarry-bomber,,,,,,,Color,Ink,Size,M,NOVA-NOVAQUARRY-INK-M,shopify,53,deny,manual,6499.00,,TRUE,TRUE,https://raw.githubusercontent.com/Shivam3-max/nova/main/import/images/nova-bomber-ink.png,,,,,,,,
nova-quarry-bomber,,,,,,,Color,Ink,Size,L,NOVA-NOVAQUARRY-INK-L,shopify,53,deny,manual,6499.00,,TRUE,TRUE,https://raw.githubusercontent.com/Shivam3-max/nova/main/import/images/nova-bomber-ink.png,,,,,,,,
nova-quarry-bomber,,,,,,,Color,Ink,Size,XL,NOVA-NOVAQUARRY-INK-XL,shopify,53,deny,manual,6499.00,,TRUE,TRUE,https://raw.githubusercontent.com/Shivam3-max/nova/main/import/images/nova-bomber-ink.png,,,,,,,,
nova-quarry-bomber,,,,,,,Color,Ink,Size,XXL,NOVA-NOVAQUARRY-INK-XXL,shopify,0,deny,manual,6499.00,,TRUE,TRUE,https://raw.githubusercontent.com/Shivam3-max/nova/main/import/images/nova-bomber-ink.png,,,,,,,,
nova-lumen-bomber,NOVA Lumen Bomber,"<p>A bonded ripstop bomber. Ribbed collar, cuff and hem with a two-way centre zip and a water-repellent finish.</p><p>Made in small batches, so no two pieces read exactly alike.</p>",NØVA,Jacket,"street, outerwear",TRUE,Color,Ink,Size,XS,NOVA-NOVALUMENB-INK-XS,shopify,62,deny,manual,6099.00,,TRUE,TRUE,https://raw.githubusercontent.com/Shivam3-max/nova/main/import/images/nova-bomber-ink.png,https://raw.githubusercontent.com/Shivam3-max/nova/main/import/images/nova-bomber-ink.png,1,NOVA Lumen Bomber — Ink,active,,Shell bonded to a light mesh backer so it holds structure without bulk.,bomber,"[{""name"":""Ink"",""swatch"":""#1a1d24"",""art"":""nova-bomber-ink""},{""name"":""Charcoal"",""swatch"":""#2c2d32"",""art"":""nova-bomber-charcoal""}]"
nova-lumen-bomber,,,,,,,Color,Ink,Size,S,NOVA-NOVALUMENB-INK-S,shopify,62,deny,manual,6099.00,,TRUE,TRUE,https://raw.githubusercontent.com/Shivam3-max/nova/main/import/images/nova-bomber-ink.png,https://raw.githubusercontent.com/Shivam3-max/nova/main/import/images/nova-bomber-charcoal.png,2,NOVA Lumen Bomber — Charcoal,,,,,
nova-lumen-bomber,,,,,,,Color,Ink,Size,M,NOVA-NOVALUMENB-INK-M,shopify,62,deny,manual,6099.00,,TRUE,TRUE,https://raw.githubusercontent.com/Shivam3-max/nova/main/import/images/nova-bomber-ink.png,,,,,,,,
nova-lumen-bomber,,,,,,,Color,Ink,Size,L,NOVA-NOVALUMENB-INK-L,shopify,62,deny,manual,6099.00,,TRUE,TRUE,https://raw.githubusercontent.com/Shivam3-max/nova/main/import/images/nova-bomber-ink.png,,,,,,,,
nova-lumen-bomber,,,,,,,Color,Ink,Size,XL,NOVA-NOVALUMENB-INK-XL,shopify,62,deny,manual,6099.00,,TRUE,TRUE,https://raw.githubusercontent.com/Shivam3-max/nova/main/import/images/nova-bomber-ink.png,,,,,,,,
nova-lumen-bomber,,,,,,,Color,Ink,Size,XXL,NOVA-NOVALUMENB-INK-XXL,shopify,62,deny,manual,6099.00,,TRUE,TRUE,https://raw.githubusercontent.com/Shivam3-max/nova/main/import/images/nova-bomber-ink.png,,,,,,,,
nova-lumen-bomber,,,,,,,Color,Charcoal,Size,XS,NOVA-NOVALUMENB-CHA-XS,shopify,62,deny,manual,6099.00,,TRUE,TRUE,https://raw.githubusercontent.com/Shivam3-max/nova/main/import/images/nova-bomber-charcoal.png,,,,,,,,
nova-lumen-bomber,,,,,,,Color,Charcoal,Size,S,NOVA-NOVALUMENB-CHA-S,shopify,62,deny,manual,6099.00,,TRUE,TRUE,https://raw.githubusercontent.com/Shivam3-max/nova/main/import/images/nova-bomber-charcoal.png,,,,,,,,
nova-lumen-bomber,,,,,,,Color,Charcoal,Size,M,NOVA-NOVALUMENB-CHA-M,shopify,62,deny,manual,6099.00,,TRUE,TRUE,https://raw.githubusercontent.com/Shivam3-max/nova/main/import/images/nova-bomber-charcoal.png,,,,,,,,
nova-lumen-bomber,,,,,,,Color,Charcoal,Size,L,NOVA-NOVALUMENB-CHA-L,shopify,62,deny,manual,6099.00,,TRUE,TRUE,https://raw.githubusercontent.com/Shivam3-max/nova/main/import/images/nova-bomber-charcoal.png,,,,,,,,
nova-lumen-bomber,,,,,,,Color,Charcoal,Size,XL,NOVA-NOVALUMENB-CHA-XL,shopify,62,deny,manual,6099.00,,TRUE,TRUE,https://raw.githubusercontent.com/Shivam3-max/nova/main/import/images/nova-bomber-charcoal.png,,,,,,,,
nova-lumen-bomber,,,,,,,Color,Charcoal,Size,XXL,NOVA-NOVALUMENB-CHA-XXL,shopify,0,deny,manual,6099.00,,TRUE,TRUE,https://raw.githubusercontent.com/Shivam3-max/nova/main/import/images/nova-bomber-charcoal.png,,,,,,,,
nova-pivot-bomber,NOVA Pivot Bomber,"<p>A bonded ripstop bomber. Ribbed collar, cuff and hem with a two-way centre zip and a water-repellent finish.</p><p>Made in small batches, so no two pieces read exactly alike.</p>",NØVA,Jacket,"street, outerwear",TRUE,Color,Ink,Size,XS,NOVA-NOVAPIVOTB-INK-XS,shopify,64,deny,manual,7499.00,,TRUE,TRUE,https://raw.githubusercontent.com/Shivam3-max/nova/main/import/images/nova-bomber-ink.png,https://raw.githubusercontent.com/Shivam3-max/nova/main/import/images/nova-bomber-ink.png,1,NOVA Pivot Bomber — Ink,active,,Shell bonded to a light mesh backer so it holds structure without bulk.,bomber,"[{""name"":""Ink"",""swatch"":""#1a1d24"",""art"":""nova-bomber-ink""},{""name"":""Charcoal"",""swatch"":""#2c2d32"",""art"":""nova-bomber-charcoal""},{""name"":""Olive"",""swatch"":""#575a44"",""art"":""nova-bomber-olive""}]"
nova-pivot-bomber,,,,,,,Color,Ink,Size,S,NOVA-NOVAPIVOTB-INK-S,shopify,64,deny,manual,7499.00,,TRUE,TRUE,https://raw.githubusercontent.com/Shivam3-max/nova/main/import/images/nova-bomber-ink.png,https://raw.githubusercontent.com/Shivam3-max/nova/main/import/images/nova-bomber-charcoal.png,2,NOVA Pivot Bomber — Charcoal,,,,,
nova-pivot-bomber,,,,,,,Color,Ink,Size,M,NOVA-NOVAPIVOTB-INK-M,shopify,64,deny,manual,7499.00,,TRUE,TRUE,https://raw.githubusercontent.com/Shivam3-max/nova/main/import/images/nova-bomber-ink.png,https://raw.githubusercontent.com/Shivam3-max/nova/main/import/images/nova-bomber-olive.png,3,NOVA Pivot Bomber — Olive,,,,,
nova-pivot-bomber,,,,,,,Color,Ink,Size,L,NOVA-NOVAPIVOTB-INK-L,shopify,64,deny,manual,7499.00,,TRUE,TRUE,https://raw.githubusercontent.com/Shivam3-max/nova/main/import/images/nova-bomber-ink.png,,,,,,,,
nova-pivot-bomber,,,,,,,Color,Ink,Size,XL,NOVA-NOVAPIVOTB-INK-XL,shopify,64,deny,manual,7499.00,,TRUE,TRUE,https://raw.githubusercontent.com/Shivam3-max/nova/main/import/images/nova-bomber-ink.png,,,,,,,,
nova-pivot-bomber,,,,,,,Color,Ink,Size,XXL,NOVA-NOVAPIVOTB-INK-XXL,shopify,64,deny,manual,7499.00,,TRUE,TRUE,https://raw.githubusercontent.com/Shivam3-max/nova/main/import/images/nova-bomber-ink.png,,,,,,,,
nova-pivot-bomber,,,,,,,Color,Charcoal,Size,XS,NOVA-NOVAPIVOTB-CHA-XS,shopify,64,deny,manual,7499.00,,TRUE,TRUE,https://raw.githubusercontent.com/Shivam3-max/nova/main/import/images/nova-bomber-charcoal.png,,,,,,,,
nova-pivot-bomber,,,,,,,Color,Charcoal,Size,S,NOVA-NOVAPIVOTB-CHA-S,shopify,64,deny,manual,7499.00,,TRUE,TRUE,https://raw.githubusercontent.com/Shivam3-max/nova/main/import/images/nova-bomber-charcoal.png,,,,,,,,
nova-pivot-bomber,,,,,,,Color,Charcoal,Size,M,NOVA-NOVAPIVOTB-CHA-M,shopify,64,deny,manual,7499.00,,TRUE,TRUE,https://raw.githubusercontent.com/Shivam3-max/nova/main/import/images/nova-bomber-charcoal.png,,,,,,,,
nova-pivot-bomber,,,,,,,Color,Charcoal,Size,L,NOVA-NOVAPIVOTB-CHA-L,shopify,64,deny,manual,7499.00,,TRUE,TRUE,https://raw.githubusercontent.com/Shivam3-max/nova/main/import/images/nova-bomber-charcoal.png,,,,,,,,
nova-pivot-bomber,,,,,,,Color,Charcoal,Size,XL,NOVA-NOVAPIVOTB-CHA-XL,shopify,64,deny,manual,7499.00,,TRUE,TRUE,https://raw.githubusercontent.com/Shivam3-max/nova/main/import/images/nova-bomber-charcoal.png,,,,,,,,
nova-pivot-bomber,,,,,,,Color,Charcoal,Size,XXL,NOVA-NOVAPIVOTB-CHA-XXL,shopify,64,deny,manual,7499.00,,TRUE,TRUE,https://raw.githubusercontent.com/Shivam3-max/nova/main/import/images/nova-bomber-charcoal.png,,,,,,,,
nova-pivot-bomber,,,,,,,Color,Olive,Size,XS,NOVA-NOVAPIVOTB-OLI-XS,shopify,64,deny,manual,7499.00,,TRUE,TRUE,https://raw.githubusercontent.com/Shivam3-max/nova/main/import/images/nova-bomber-olive.png,,,,,,,,
nova-pivot-bomber,,,,,,,Color,Olive,Size,S,NOVA-NOVAPIVOTB-OLI-S,shopify,64,deny,manual,7499.00,,TRUE,TRUE,https://raw.githubusercontent.com/Shivam3-max/nova/main/import/images/nova-bomber-olive.png,,,,,,,,
nova-pivot-bomber,,,,,,,Color,Olive,Size,M,NOVA-NOVAPIVOTB-OLI-M,shopify,64,deny,manual,7499.00,,TRUE,TRUE,https://raw.githubusercontent.com/Shivam3-max/nova/main/import/images/nova-bomber-olive.png,,,,,,,,
nova-pivot-bomber,,,,,,,Color,Olive,Size,L,NOVA-NOVAPIVOTB-OLI-L,shopify,64,deny,manual,7499.00,,TRUE,TRUE,https://raw.githubusercontent.com/Shivam3-max/nova/main/import/images/nova-bomber-olive.png,,,,,,,,
nova-pivot-bomber,,,,,,,Color,Olive,Size,XL,NOVA-NOVAPIVOTB-OLI-XL,shopify,64,deny,manual,7499.00,,TRUE,TRUE,https://raw.githubusercontent.com/Shivam3-max/nova/main/import/images/nova-bomber-olive.png,,,,,,,,
nova-pivot-bomber,,,,,,,Color,Olive,Size,XXL,NOVA-NOVAPIVOTB-OLI-XXL,shopify,0,deny,manual,7499.00,,TRUE,TRUE,https://raw.githubusercontent.com/Shivam3-max/nova/main/import/images/nova-bomber-olive.png,,,,,,,,
nova-anchor-tee,NOVA Anchor Tee,"<p>A 210 GSM slub jersey tee. Tubular body, ribbed collar that stays flat, cut boxy but never cropped.</p><p>Made in small batches, so no two pieces read exactly alike.</p>",NØVA,T-Shirt,"minimal, essential",TRUE,Color,Off White,Size,XS,NOVA-NOVAANCHOR-OFF-XS,shopify,86,deny,manual,1999.00,,TRUE,TRUE,https://raw.githubusercontent.com/Shivam3-max/nova/main/import/images/nova-tee-offwhite.png,https://raw.githubusercontent.com/Shivam3-max/nova/main/import/images/nova-tee-offwhite.png,1,NOVA Anchor Tee — Off White,active,,"Combed and ring-spun, pre-shrunk twice, so the length you buy is the length you keep.",tee,"[{""name"":""Off White"",""swatch"":""#f0eeea"",""art"":""nova-tee-offwhite""},{""name"":""Bone"",""swatch"":""#e3ded4"",""art"":""nova-tee-bone""},{""name"":""Grey"",""swatch"":""#8a8c92"",""art"":""nova-tee-grey""}]"
nova-anchor-tee,,,,,,,Color,Off White,Size,S,NOVA-NOVAANCHOR-OFF-S,shopify,86,deny,manual,1999.00,,TRUE,TRUE,https://raw.githubusercontent.com/Shivam3-max/nova/main/import/images/nova-tee-offwhite.png,https://raw.githubusercontent.com/Shivam3-max/nova/main/import/images/nova-tee-bone.png,2,NOVA Anchor Tee — Bone,,,,,
nova-anchor-tee,,,,,,,Color,Off White,Size,M,NOVA-NOVAANCHOR-OFF-M,shopify,86,deny,manual,1999.00,,TRUE,TRUE,https://raw.githubusercontent.com/Shivam3-max/nova/main/import/images/nova-tee-offwhite.png,https://raw.githubusercontent.com/Shivam3-max/nova/main/import/images/nova-tee-grey.png,3,NOVA Anchor Tee — Grey,,,,,
nova-anchor-tee,,,,,,,Color,Off White,Size,L,NOVA-NOVAANCHOR-OFF-L,shopify,86,deny,manual,1999.00,,TRUE,TRUE,https://raw.githubusercontent.com/Shivam3-max/nova/main/import/images/nova-tee-offwhite.png,,,,,,,,
nova-anchor-tee,,,,,,,Color,Off White,Size,XL,NOVA-NOVAANCHOR-OFF-XL,shopify,86,deny,manual,1999.00,,TRUE,TRUE,https://raw.githubusercontent.com/Shivam3-max/nova/main/import/images/nova-tee-offwhite.png,,,,,,,,
nova-anchor-tee,,,,,,,Color,Off White,Size,XXL,NOVA-NOVAANCHOR-OFF-XXL,shopify,86,deny,manual,1999.00,,TRUE,TRUE,https://raw.githubusercontent.com/Shivam3-max/nova/main/import/images/nova-tee-offwhite.png,,,,,,,,
nova-anchor-tee,,,,,,,Color,Bone,Size,XS,NOVA-NOVAANCHOR-BON-XS,shopify,86,deny,manual,1999.00,,TRUE,TRUE,https://raw.githubusercontent.com/Shivam3-max/nova/main/import/images/nova-tee-bone.png,,,,,,,,
nova-anchor-tee,,,,,,,Color,Bone,Size,S,NOVA-NOVAANCHOR-BON-S,shopify,86,deny,manual,1999.00,,TRUE,TRUE,https://raw.githubusercontent.com/Shivam3-max/nova/main/import/images/nova-tee-bone.png,,,,,,,,
nova-anchor-tee,,,,,,,Color,Bone,Size,M,NOVA-NOVAANCHOR-BON-M,shopify,86,deny,manual,1999.00,,TRUE,TRUE,https://raw.githubusercontent.com/Shivam3-max/nova/main/import/images/nova-tee-bone.png,,,,,,,,
nova-anchor-tee,,,,,,,Color,Bone,Size,L,NOVA-NOVAANCHOR-BON-L,shopify,86,deny,manual,1999.00,,TRUE,TRUE,https://raw.githubusercontent.com/Shivam3-max/nova/main/import/images/nova-tee-bone.png,,,,,,,,
nova-anchor-tee,,,,,,,Color,Bone,Size,XL,NOVA-NOVAANCHOR-BON-XL,shopify,86,deny,manual,1999.00,,TRUE,TRUE,https://raw.githubusercontent.com/Shivam3-max/nova/main/import/images/nova-tee-bone.png,,,,,,,,
nova-anchor-tee,,,,,,,Color,Bone,Size,XXL,NOVA-NOVAANCHOR-BON-XXL,shopify,86,deny,manual,1999.00,,TRUE,TRUE,https://raw.githubusercontent.com/Shivam3-max/nova/main/import/images/nova-tee-bone.png,,,,,,,,
nova-anchor-tee,,,,,,,Color,Grey,Size,XS,NOVA-NOVAANCHOR-GRE-XS,shopify,86,deny,manual,1999.00,,TRUE,TRUE,https://raw.githubusercontent.com/Shivam3-max/nova/main/import/images/nova-tee-grey.png,,,,,,,,
nova-anchor-tee,,,,,,,Color,Grey,Size,S,NOVA-NOVAANCHOR-GRE-S,shopify,86,deny,manual,1999.00,,TRUE,TRUE,https://raw.githubusercontent.com/Shivam3-max/nova/main/import/images/nova-tee-grey.png,,,,,,,,
nova-anchor-tee,,,,,,,Color,Grey,Size,M,NOVA-NOVAANCHOR-GRE-M,shopify,86,deny,manual,1999.00,,TRUE,TRUE,https://raw.githubusercontent.com/Shivam3-max/nova/main/import/images/nova-tee-grey.png,,,,,,,,
nova-anchor-tee,,,,,,,Color,Grey,Size,L,NOVA-NOVAANCHOR-GRE-L,shopify,86,deny,manual,1999.00,,TRUE,TRUE,https://raw.githubusercontent.com/Shivam3-max/nova/main/import/images/nova-tee-grey.png,,,,,,,,
nova-anchor-tee,,,,,,,Color,Grey,Size,XL,NOVA-NOVAANCHOR-GRE-XL,shopify,86,deny,manual,1999.00,,TRUE,TRUE,https://raw.githubusercontent.com/Shivam3-max/nova/main/import/images/nova-tee-grey.png,,,,,,,,
nova-anchor-tee,,,,,,,Color,Grey,Size,XXL,NOVA-NOVAANCHOR-GRE-XXL,shopify,0,deny,manual,1999.00,,TRUE,TRUE,https://raw.githubusercontent.com/Shivam3-max/nova/main/import/images/nova-tee-grey.png,,,,,,,,
nova-basin-tee,NOVA Basin Tee,"<p>A compact-spun supima tee. Tubular body, ribbed collar that stays flat, cut boxy but never cropped.</p><p>Made in small batches, so no two pieces read exactly alike.</p>",NØVA,T-Shirt,"minimal, essential",TRUE,Color,Off White,Size,XS,NOVA-NOVABASINT-OFF-XS,shopify,102,deny,manual,2599.00,,TRUE,TRUE,https://raw.githubusercontent.com/Shivam3-max/nova/main/import/images/nova-tee-offwhite.png,https://raw.githubusercontent.com/Shivam3-max/nova/main/import/images/nova-tee-offwhite.png,1,NOVA Basin Tee — Off White,active,,"Combed and ring-spun, pre-shrunk twice, so the length you buy is the length you keep.",tee,"[{""name"":""Off White"",""swatch"":""#f0eeea"",""art"":""nova-tee-offwhite""},{""name"":""Bone"",""swatch"":""#e3ded4"",""art"":""nova-tee-bone""}]"
nova-basin-tee,,,,,,,Color,Off White,Size,S,NOVA-NOVABASINT-OFF-S,shopify,102,deny,manual,2599.00,,TRUE,TRUE,https://raw.githubusercontent.com/Shivam3-max/nova/main/import/images/nova-tee-offwhite.png,https://raw.githubusercontent.com/Shivam3-max/nova/main/import/images/nova-tee-bone.png,2,NOVA Basin Tee — Bone,,,,,
nova-basin-tee,,,,,,,Color,Off White,Size,M,NOVA-NOVABASINT-OFF-M,shopify,102,deny,manual,2599.00,,TRUE,TRUE,https://raw.githubusercontent.com/Shivam3-max/nova/main/import/images/nova-tee-offwhite.png,,,,,,,,
nova-basin-tee,,,,,,,Color,Off White,Size,L,NOVA-NOVABASINT-OFF-L,shopify,102,deny,manual,2599.00,,TRUE,TRUE,https://raw.githubusercontent.com/Shivam3-max/nova/main/import/images/nova-tee-offwhite.png,,,,,,,,
nova-basin-tee,,,,,,,Color,Off White,Size,XL,NOVA-NOVABASINT-OFF-XL,shopify,102,deny,manual,2599.00,,TRUE,TRUE,https://raw.githubusercontent.com/Shivam3-max/nova/main/import/images/nova-tee-offwhite.png,,,,,,,,
nova-basin-tee,,,,,,,Color,Off White,Size,XXL,NOVA-NOVABASINT-OFF-XXL,shopify,102,deny,manual,2599.00,,TRUE,TRUE,https://raw.githubusercontent.com/Shivam3-max/nova/main/import/images/nova-tee-offwhite.png,,,,,,,,
nova-basin-tee,,,,,,,Color,Bone,Size,XS,NOVA-NOVABASINT-BON-XS,shopify,102,deny,manual,2599.00,,TRUE,TRUE,https://raw.githubusercontent.com/Shivam3-max/nova/main/import/images/nova-tee-bone.png,,,,,,,,
nova-basin-tee,,,,,,,Color,Bone,Size,S,NOVA-NOVABASINT-BON-S,shopify,102,deny,manual,2599.00,,TRUE,TRUE,https://raw.githubusercontent.com/Shivam3-max/nova/main/import/images/nova-tee-bone.png,,,,,,,,
nova-basin-tee,,,,,,,Color,Bone,Size,M,NOVA-NOVABASINT-BON-M,shopify,102,deny,manual,2599.00,,TRUE,TRUE,https://raw.githubusercontent.com/Shivam3-max/nova/main/import/images/nova-tee-bone.png,,,,,,,,
nova-basin-tee,,,,,,,Color,Bone,Size,L,NOVA-NOVABASINT-BON-L,shopify,102,deny,manual,2599.00,,TRUE,TRUE,https://raw.githubusercontent.com/Shivam3-max/nova/main/import/images/nova-tee-bone.png,,,,,,,,
nova-basin-tee,,,,,,,Color,Bone,Size,XL,NOVA-NOVABASINT-BON-XL,shopify,102,deny,manual,2599.00,,TRUE,TRUE,https://raw.githubusercontent.com/Shivam3-max/nova/main/import/images/nova-tee-bone.png,,,,,,,,
nova-basin-tee,,,,,,,Color,Bone,Size,XXL,NOVA-NOVABASINT-BON-XXL,shopify,0,deny,manual,2599.00,,TRUE,TRUE,https://raw.githubusercontent.com/Shivam3-max/nova/main/import/images/nova-tee-bone.png,,,,,,,,
nova-cadence-tee,NOVA Cadence Tee,"<p>A compact-spun supima tee. Tubular body, ribbed collar that stays flat, cut boxy but never cropped.</p><p>Made in small batches, so no two pieces read exactly alike.</p>",NØVA,T-Shirt,"minimal, essential, limited",TRUE,Color,Off White,Size,XS,NOVA-NOVACADENC-OFF-XS,shopify,39,deny,manual,2499.00,3099.00,TRUE,TRUE,https://raw.githubusercontent.com/Shivam3-max/nova/main/import/images/nova-tee-offwhite.png,https://raw.githubusercontent.com/Shivam3-max/nova/main/import/images/nova-tee-offwhite.png,1,NOVA Cadence Tee — Off White,active,LIMITED,"Combed and ring-spun, pre-shrunk twice, so the length you buy is the length you keep.",tee,"[{""name"":""Off White"",""swatch"":""#f0eeea"",""art"":""nova-tee-offwhite""},{""name"":""Bone"",""swatch"":""#e3ded4"",""art"":""nova-tee-bone""},{""name"":""Grey"",""swatch"":""#8a8c92"",""art"":""nova-tee-grey""}]"
nova-cadence-tee,,,,,,,Color,Off White,Size,S,NOVA-NOVACADENC-OFF-S,shopify,39,deny,manual,2499.00,3099.00,TRUE,TRUE,https://raw.githubusercontent.com/Shivam3-max/nova/main/import/images/nova-tee-offwhite.png,https://raw.githubusercontent.com/Shivam3-max/nova/main/import/images/nova-tee-bone.png,2,NOVA Cadence Tee — Bone,,,,,
nova-cadence-tee,,,,,,,Color,Off White,Size,M,NOVA-NOVACADENC-OFF-M,shopify,39,deny,manual,2499.00,3099.00,TRUE,TRUE,https://raw.githubusercontent.com/Shivam3-max/nova/main/import/images/nova-tee-offwhite.png,https://raw.githubusercontent.com/Shivam3-max/nova/main/import/images/nova-tee-grey.png,3,NOVA Cadence Tee — Grey,,,,,
nova-cadence-tee,,,,,,,Color,Off White,Size,L,NOVA-NOVACADENC-OFF-L,shopify,39,deny,manual,2499.00,3099.00,TRUE,TRUE,https://raw.githubusercontent.com/Shivam3-max/nova/main/import/images/nova-tee-offwhite.png,,,,,,,,
nova-cadence-tee,,,,,,,Color,Off White,Size,XL,NOVA-NOVACADENC-OFF-XL,shopify,39,deny,manual,2499.00,3099.00,TRUE,TRUE,https://raw.githubusercontent.com/Shivam3-max/nova/main/import/images/nova-tee-offwhite.png,,,,,,,,
nova-cadence-tee,,,,,,,Color,Off White,Size,XXL,NOVA-NOVACADENC-OFF-XXL,shopify,39,deny,manual,2499.00,3099.00,TRUE,TRUE,https://raw.githubusercontent.com/Shivam3-max/nova/main/import/images/nova-tee-offwhite.png,,,,,,,,
nova-cadence-tee,,,,,,,Color,Bone,Size,XS,NOVA-NOVACADENC-BON-XS,shopify,39,deny,manual,2499.00,3099.00,TRUE,TRUE,https://raw.githubusercontent.com/Shivam3-max/nova/main/import/images/nova-tee-bone.png,,,,,,,,
nova-cadence-tee,,,,,,,Color,Bone,Size,S,NOVA-NOVACADENC-BON-S,shopify,39,deny,manual,2499.00,3099.00,TRUE,TRUE,https://raw.githubusercontent.com/Shivam3-max/nova/main/import/images/nova-tee-bone.png,,,,,,,,
nova-cadence-tee,,,,,,,Color,Bone,Size,M,NOVA-NOVACADENC-BON-M,shopify,39,deny,manual,2499.00,3099.00,TRUE,TRUE,https://raw.githubusercontent.com/Shivam3-max/nova/main/import/images/nova-tee-bone.png,,,,,,,,
nova-cadence-tee,,,,,,,Color,Bone,Size,L,NOVA-NOVACADENC-BON-L,shopify,39,deny,manual,2499.00,3099.00,TRUE,TRUE,https://raw.githubusercontent.com/Shivam3-max/nova/main/import/images/nova-tee-bone.png,,,,,,,,
nova-cadence-tee,,,,,,,Color,Bone,Size,XL,NOVA-NOVACADENC-BON-XL,shopify,39,deny,manual,2499.00,3099.00,TRUE,TRUE,https://raw.githubusercontent.com/Shivam3-max/nova/main/import/images/nova-tee-bone.png,,,,,,,,
nova-cadence-tee,,,,,,,Color,Bone,Size,XXL,NOVA-NOVACADENC-BON-XXL,shopify,39,deny,manual,2499.00,3099.00,TRUE,TRUE,https://raw.githubusercontent.com/Shivam3-max/nova/main/import/images/nova-tee-bone.png,,,,,,,,
nova-cadence-tee,,,,,,,Color,Grey,Size,XS,NOVA-NOVACADENC-GRE-XS,shopify,39,deny,manual,2499.00,3099.00,TRUE,TRUE,https://raw.githubusercontent.com/Shivam3-max/nova/main/import/images/nova-tee-grey.png,,,,,,,,
nova-cadence-tee,,,,,,,Color,Grey,Size,S,NOVA-NOVACADENC-GRE-S,shopify,39,deny,manual,2499.00,3099.00,TRUE,TRUE,https://raw.githubusercontent.com/Shivam3-max/nova/main/import/images/nova-tee-grey.png,,,,,,,,
nova-cadence-tee,,,,,,,Color,Grey,Size,M,NOVA-NOVACADENC-GRE-M,shopify,39,deny,manual,2499.00,3099.00,TRUE,TRUE,https://raw.githubusercontent.com/Shivam3-max/nova/main/import/images/nova-tee-grey.png,,,,,,,,
nova-cadence-tee,,,,,,,Color,Grey,Size,L,NOVA-NOVACADENC-GRE-L,shopify,39,deny,manual,2499.00,3099.00,TRUE,TRUE,https://raw.githubusercontent.com/Shivam3-max/nova/main/import/images/nova-tee-grey.png,,,,,,,,
nova-cadence-tee,,,,,,,Color,Grey,Size,XL,NOVA-NOVACADENC-GRE-XL,shopify,39,deny,manual,2499.00,3099.00,TRUE,TRUE,https://raw.githubusercontent.com/Shivam3-max/nova/main/import/images/nova-tee-grey.png,,,,,,,,
nova-cadence-tee,,,,,,,Color,Grey,Size,XXL,NOVA-NOVACADENC-GRE-XXL,shopify,0,deny,manual,2499.00,3099.00,TRUE,TRUE,https://raw.githubusercontent.com/Shivam3-max/nova/main/import/images/nova-tee-grey.png,,,,,,,,
nova-delta-tee,NOVA Delta Tee,"<p>A 210 GSM slub jersey tee. Tubular body, ribbed collar that stays flat, cut boxy but never cropped.</p><p>Made in small batches, so no two pieces read exactly alike.</p>",NØVA,T-Shirt,"minimal, essential, drop",TRUE,Color,Off White,Size,XS,NOVA-NOVADELTAT-OFF-XS,shopify,53,deny,manual,2499.00,3099.00,TRUE,TRUE,https://raw.githubusercontent.com/Shivam3-max/nova/main/import/images/nova-tee-offwhite.png,https://raw.githubusercontent.com/Shivam3-max/nova/main/import/images/nova-tee-offwhite.png,1,NOVA Delta Tee — Off White,active,DROP 01,"Combed and ring-spun, pre-shrunk twice, so the length you buy is the length you keep.",tee,"[{""name"":""Off White"",""swatch"":""#f0eeea"",""art"":""nova-tee-offwhite""},{""name"":""Bone"",""swatch"":""#e3ded4"",""art"":""nova-tee-bone""},{""name"":""Grey"",""swatch"":""#8a8c92"",""art"":""nova-tee-grey""}]"
nova-delta-tee,,,,,,,Color,Off White,Size,S,NOVA-NOVADELTAT-OFF-S,shopify,53,deny,manual,2499.00,3099.00,TRUE,TRUE,https://raw.githubusercontent.com/Shivam3-max/nova/main/import/images/nova-tee-offwhite.png,https://raw.githubusercontent.com/Shivam3-max/nova/main/import/images/nova-tee-bone.png,2,NOVA Delta Tee — Bone,,,,,
nova-delta-tee,,,,,,,Color,Off White,Size,M,NOVA-NOVADELTAT-OFF-M,shopify,53,deny,manual,2499.00,3099.00,TRUE,TRUE,https://raw.githubusercontent.com/Shivam3-max/nova/main/import/images/nova-tee-offwhite.png,https://raw.githubusercontent.com/Shivam3-max/nova/main/import/images/nova-tee-grey.png,3,NOVA Delta Tee — Grey,,,,,
nova-delta-tee,,,,,,,Color,Off White,Size,L,NOVA-NOVADELTAT-OFF-L,shopify,53,deny,manual,2499.00,3099.00,TRUE,TRUE,https://raw.githubusercontent.com/Shivam3-max/nova/main/import/images/nova-tee-offwhite.png,,,,,,,,
nova-delta-tee,,,,,,,Color,Off White,Size,XL,NOVA-NOVADELTAT-OFF-XL,shopify,53,deny,manual,2499.00,3099.00,TRUE,TRUE,https://raw.githubusercontent.com/Shivam3-max/nova/main/import/images/nova-tee-offwhite.png,,,,,,,,
nova-delta-tee,,,,,,,Color,Off White,Size,XXL,NOVA-NOVADELTAT-OFF-XXL,shopify,53,deny,manual,2499.00,3099.00,TRUE,TRUE,https://raw.githubusercontent.com/Shivam3-max/nova/main/import/images/nova-tee-offwhite.png,,,,,,,,
nova-delta-tee,,,,,,,Color,Bone,Size,XS,NOVA-NOVADELTAT-BON-XS,shopify,53,deny,manual,2499.00,3099.00,TRUE,TRUE,https://raw.githubusercontent.com/Shivam3-max/nova/main/import/images/nova-tee-bone.png,,,,,,,,
nova-delta-tee,,,,,,,Color,Bone,Size,S,NOVA-NOVADELTAT-BON-S,shopify,53,deny,manual,2499.00,3099.00,TRUE,TRUE,https://raw.githubusercontent.com/Shivam3-max/nova/main/import/images/nova-tee-bone.png,,,,,,,,
nova-delta-tee,,,,,,,Color,Bone,Size,M,NOVA-NOVADELTAT-BON-M,shopify,53,deny,manual,2499.00,3099.00,TRUE,TRUE,https://raw.githubusercontent.com/Shivam3-max/nova/main/import/images/nova-tee-bone.png,,,,,,,,
nova-delta-tee,,,,,,,Color,Bone,Size,L,NOVA-NOVADELTAT-BON-L,shopify,53,deny,manual,2499.00,3099.00,TRUE,TRUE,https://raw.githubusercontent.com/Shivam3-max/nova/main/import/images/nova-tee-bone.png,,,,,,,,
nova-delta-tee,,,,,,,Color,Bone,Size,XL,NOVA-NOVADELTAT-BON-XL,shopify,53,deny,manual,2499.00,3099.00,TRUE,TRUE,https://raw.githubusercontent.com/Shivam3-max/nova/main/import/images/nova-tee-bone.png,,,,,,,,
nova-delta-tee,,,,,,,Color,Bone,Size,XXL,NOVA-NOVADELTAT-BON-XXL,shopify,53,deny,manual,2499.00,3099.00,TRUE,TRUE,https://raw.githubusercontent.com/Shivam3-max/nova/main/import/images/nova-tee-bone.png,,,,,,,,
nova-delta-tee,,,,,,,Color,Grey,Size,XS,NOVA-NOVADELTAT-GRE-XS,shopify,53,deny,manual,2499.00,3099.00,TRUE,TRUE,https://raw.githubusercontent.com/Shivam3-max/nova/main/import/images/nova-tee-grey.png,,,,,,,,
nova-delta-tee,,,,,,,Color,Grey,Size,S,NOVA-NOVADELTAT-GRE-S,shopify,53,deny,manual,2499.00,3099.00,TRUE,TRUE,https://raw.githubusercontent.com/Shivam3-max/nova/main/import/images/nova-tee-grey.png,,,,,,,,
nova-delta-tee,,,,,,,Color,Grey,Size,M,NOVA-NOVADELTAT-GRE-M,shopify,53,deny,manual,2499.00,3099.00,TRUE,TRUE,https://raw.githubusercontent.com/Shivam3-max/nova/main/import/images/nova-tee-grey.png,,,,,,,,
nova-delta-tee,,,,,,,Color,Grey,Size,L,NOVA-NOVADELTAT-GRE-L,shopify,53,deny,manual,2499.00,3099.00,TRUE,TRUE,https://raw.githubusercontent.com/Shivam3-max/nova/main/import/images/nova-tee-grey.png,,,,,,,,
nova-delta-tee,,,,,,,Color,Grey,Size,XL,NOVA-NOVADELTAT-GRE-XL,shopify,53,deny,manual,2499.00,3099.00,TRUE,TRUE,https://raw.githubusercontent.com/Shivam3-max/nova/main/import/images/nova-tee-grey.png,,,,,,,,
nova-delta-tee,,,,,,,Color,Grey,Size,XXL,NOVA-NOVADELTAT-GRE-XXL,shopify,0,deny,manual,2499.00,3099.00,TRUE,TRUE,https://raw.githubusercontent.com/Shivam3-max/nova/main/import/images/nova-tee-grey.png,,,,,,,,
nova-echo-tee,NOVA Echo Tee,"<p>A 240 GSM combed cotton tee. Tubular body, ribbed collar that stays flat, cut boxy but never cropped.</p><p>Made in small batches, so no two pieces read exactly alike.</p>",NØVA,T-Shirt,"minimal, essential",TRUE,Color,Grey,Size,XS,NOVA-NOVAECHOTE-GRE-XS,shopify,61,deny,manual,1899.00,,TRUE,TRUE,https://raw.githubusercontent.com/Shivam3-max/nova/main/import/images/nova-tee-grey.png,https://raw.githubusercontent.com/Shivam3-max/nova/main/import/images/nova-tee-grey.png,1,NOVA Echo Tee — Grey,active,NEW,"Combed and ring-spun, pre-shrunk twice, so the length you buy is the length you keep.",tee,"[{""name"":""Grey"",""swatch"":""#8a8c92"",""art"":""nova-tee-grey""},{""name"":""Off White"",""swatch"":""#f0eeea"",""art"":""nova-tee-offwhite""}]"
nova-echo-tee,,,,,,,Color,Grey,Size,S,NOVA-NOVAECHOTE-GRE-S,shopify,61,deny,manual,1899.00,,TRUE,TRUE,https://raw.githubusercontent.com/Shivam3-max/nova/main/import/images/nova-tee-grey.png,https://raw.githubusercontent.com/Shivam3-max/nova/main/import/images/nova-tee-offwhite.png,2,NOVA Echo Tee — Off White,,,,,
nova-echo-tee,,,,,,,Color,Grey,Size,M,NOVA-NOVAECHOTE-GRE-M,shopify,61,deny,manual,1899.00,,TRUE,TRUE,https://raw.githubusercontent.com/Shivam3-max/nova/main/import/images/nova-tee-grey.png,,,,,,,,
nova-echo-tee,,,,,,,Color,Grey,Size,L,NOVA-NOVAECHOTE-GRE-L,shopify,61,deny,manual,1899.00,,TRUE,TRUE,https://raw.githubusercontent.com/Shivam3-max/nova/main/import/images/nova-tee-grey.png,,,,,,,,
nova-echo-tee,,,,,,,Color,Grey,Size,XL,NOVA-NOVAECHOTE-GRE-XL,shopify,61,deny,manual,1899.00,,TRUE,TRUE,https://raw.githubusercontent.com/Shivam3-max/nova/main/import/images/nova-tee-grey.png,,,,,,,,
nova-echo-tee,,,,,,,Color,Grey,Size,XXL,NOVA-NOVAECHOTE-GRE-XXL,shopify,61,deny,manual,1899.00,,TRUE,TRUE,https://raw.githubusercontent.com/Shivam3-max/nova/main/import/images/nova-tee-grey.png,,,,,,,,
nova-echo-tee,,,,,,,Color,Off White,Size,XS,NOVA-NOVAECHOTE-OFF-XS,shopify,61,deny,manual,1899.00,,TRUE,TRUE,https://raw.githubusercontent.com/Shivam3-max/nova/main/import/images/nova-tee-offwhite.png,,,,,,,,
nova-echo-tee,,,,,,,Color,Off White,Size,S,NOVA-NOVAECHOTE-OFF-S,shopify,61,deny,manual,1899.00,,TRUE,TRUE,https://raw.githubusercontent.com/Shivam3-max/nova/main/import/images/nova-tee-offwhite.png,,,,,,,,
nova-echo-tee,,,,,,,Color,Off White,Size,M,NOVA-NOVAECHOTE-OFF-M,shopify,61,deny,manual,1899.00,,TRUE,TRUE,https://raw.githubusercontent.com/Shivam3-max/nova/main/import/images/nova-tee-offwhite.png,,,,,,,,
nova-echo-tee,,,,,,,Color,Off White,Size,L,NOVA-NOVAECHOTE-OFF-L,shopify,61,deny,manual,1899.00,,TRUE,TRUE,https://raw.githubusercontent.com/Shivam3-max/nova/main/import/images/nova-tee-offwhite.png,,,,,,,,
nova-echo-tee,,,,,,,Color,Off White,Size,XL,NOVA-NOVAECHOTE-OFF-XL,shopify,61,deny,manual,1899.00,,TRUE,TRUE,https://raw.githubusercontent.com/Shivam3-max/nova/main/import/images/nova-tee-offwhite.png,,,,,,,,
nova-echo-tee,,,,,,,Color,Off White,Size,XXL,NOVA-NOVAECHOTE-OFF-XXL,shopify,0,deny,manual,1899.00,,TRUE,TRUE,https://raw.githubusercontent.com/Shivam3-max/nova/main/import/images/nova-tee-offwhite.png,,,,,,,,
nova-forge-tee,NOVA Forge Tee,"<p>A compact-spun supima tee. Tubular body, ribbed collar that stays flat, cut boxy but never cropped.</p><p>Made in small batches, so no two pieces read exactly alike.</p>",NØVA,T-Shirt,"minimal, essential",TRUE,Color,Off White,Size,XS,NOVA-NOVAFORGET-OFF-XS,shopify,49,deny,manual,2299.00,,TRUE,TRUE,https://raw.githubusercontent.com/Shivam3-max/nova/main/import/images/nova-tee-offwhite.png,https://raw.githubusercontent.com/Shivam3-max/nova/main/import/images/nova-tee-offwhite.png,1,NOVA Forge Tee — Off White,active,,"Combed and ring-spun, pre-shrunk twice, so the length you buy is the length you keep.",tee,"[{""name"":""Off White"",""swatch"":""#f0eeea"",""art"":""nova-tee-offwhite""},{""name"":""Bone"",""swatch"":""#e3ded4"",""art"":""nova-tee-bone""},{""name"":""Grey"",""swatch"":""#8a8c92"",""art"":""nova-tee-grey""}]"
nova-forge-tee,,,,,,,Color,Off White,Size,S,NOVA-NOVAFORGET-OFF-S,shopify,49,deny,manual,2299.00,,TRUE,TRUE,https://raw.githubusercontent.com/Shivam3-max/nova/main/import/images/nova-tee-offwhite.png,https://raw.githubusercontent.com/Shivam3-max/nova/main/import/images/nova-tee-bone.png,2,NOVA Forge Tee — Bone,,,,,
nova-forge-tee,,,,,,,Color,Off White,Size,M,NOVA-NOVAFORGET-OFF-M,shopify,49,deny,manual,2299.00,,TRUE,TRUE,https://raw.githubusercontent.com/Shivam3-max/nova/main/import/images/nova-tee-offwhite.png,https://raw.githubusercontent.com/Shivam3-max/nova/main/import/images/nova-tee-grey.png,3,NOVA Forge Tee — Grey,,,,,
nova-forge-tee,,,,,,,Color,Off White,Size,L,NOVA-NOVAFORGET-OFF-L,shopify,49,deny,manual,2299.00,,TRUE,TRUE,https://raw.githubusercontent.com/Shivam3-max/nova/main/import/images/nova-tee-offwhite.png,,,,,,,,
nova-forge-tee,,,,,,,Color,Off White,Size,XL,NOVA-NOVAFORGET-OFF-XL,shopify,49,deny,manual,2299.00,,TRUE,TRUE,https://raw.githubusercontent.com/Shivam3-max/nova/main/import/images/nova-tee-offwhite.png,,,,,,,,
nova-forge-tee,,,,,,,Color,Off White,Size,XXL,NOVA-NOVAFORGET-OFF-XXL,shopify,49,deny,manual,2299.00,,TRUE,TRUE,https://raw.githubusercontent.com/Shivam3-max/nova/main/import/images/nova-tee-offwhite.png,,,,,,,,
nova-forge-tee,,,,,,,Color,Bone,Size,XS,NOVA-NOVAFORGET-BON-XS,shopify,49,deny,manual,2299.00,,TRUE,TRUE,https://raw.githubusercontent.com/Shivam3-max/nova/main/import/images/nova-tee-bone.png,,,,,,,,
nova-forge-tee,,,,,,,Color,Bone,Size,S,NOVA-NOVAFORGET-BON-S,shopify,49,deny,manual,2299.00,,TRUE,TRUE,https://raw.githubusercontent.com/Shivam3-max/nova/main/import/images/nova-tee-bone.png,,,,,,,,
nova-forge-tee,,,,,,,Color,Bone,Size,M,NOVA-NOVAFORGET-BON-M,shopify,49,deny,manual,2299.00,,TRUE,TRUE,https://raw.githubusercontent.com/Shivam3-max/nova/main/import/images/nova-tee-bone.png,,,,,,,,
nova-forge-tee,,,,,,,Color,Bone,Size,L,NOVA-NOVAFORGET-BON-L,shopify,49,deny,manual,2299.00,,TRUE,TRUE,https://raw.githubusercontent.com/Shivam3-max/nova/main/import/images/nova-tee-bone.png,,,,,,,,
nova-forge-tee,,,,,,,Color,Bone,Size,XL,NOVA-NOVAFORGET-BON-XL,shopify,49,deny,manual,2299.00,,TRUE,TRUE,https://raw.githubusercontent.com/Shivam3-max/nova/main/import/images/nova-tee-bone.png,,,,,,,,
nova-forge-tee,,,,,,,Color,Bone,Size,XXL,NOVA-NOVAFORGET-BON-XXL,shopify,49,deny,manual,2299.00,,TRUE,TRUE,https://raw.githubusercontent.com/Shivam3-max/nova/main/import/images/nova-tee-bone.png,,,,,,,,
nova-forge-tee,,,,,,,Color,Grey,Size,XS,NOVA-NOVAFORGET-GRE-XS,shopify,49,deny,manual,2299.00,,TRUE,TRUE,https://raw.githubusercontent.com/Shivam3-max/nova/main/import/images/nova-tee-grey.png,,,,,,,,
nova-forge-tee,,,,,,,Color,Grey,Size,S,NOVA-NOVAFORGET-GRE-S,shopify,49,deny,manual,2299.00,,TRUE,TRUE,https://raw.githubusercontent.com/Shivam3-max/nova/main/import/images/nova-tee-grey.png,,,,,,,,
nova-forge-tee,,,,,,,Color,Grey,Size,M,NOVA-NOVAFORGET-GRE-M,shopify,49,deny,manual,2299.00,,TRUE,TRUE,https://raw.githubusercontent.com/Shivam3-max/nova/main/import/images/nova-tee-grey.png,,,,,,,,
nova-forge-tee,,,,,,,Color,Grey,Size,L,NOVA-NOVAFORGET-GRE-L,shopify,49,deny,manual,2299.00,,TRUE,TRUE,https://raw.githubusercontent.com/Shivam3-max/nova/main/import/images/nova-tee-grey.png,,,,,,,,
nova-forge-tee,,,,,,,Color,Grey,Size,XL,NOVA-NOVAFORGET-GRE-XL,shopify,49,deny,manual,2299.00,,TRUE,TRUE,https://raw.githubusercontent.com/Shivam3-max/nova/main/import/images/nova-tee-grey.png,,,,,,,,
nova-forge-tee,,,,,,,Color,Grey,Size,XXL,NOVA-NOVAFORGET-GRE-XXL,shopify,0,deny,manual,2299.00,,TRUE,TRUE,https://raw.githubusercontent.com/Shivam3-max/nova/main/import/images/nova-tee-grey.png,,,,,,,,
nova-essential-shirt,NOVA Essential Shirt,"<p>A Japanese oxford shirt. Camp collar, straight hem, relaxed through the chest and meant to be worn open.</p><p>Made in small batches, so no two pieces read exactly alike.</p>",NØVA,Shirt,"minimal, essential",TRUE,Color,Bone,Size,XS,NOVA-NOVAESSENT-BON-XS,shopify,62,deny,manual,3299.00,,TRUE,TRUE,https://raw.githubusercontent.com/Shivam3-max/nova/main/import/images/nova-shirt-bone.png,https://raw.githubusercontent.com/Shivam3-max/nova/main/import/images/nova-shirt-bone.png,1,NOVA Essential Shirt — Bone,active,,Poplin washed twice for softness. The collar is interlined lightly so it rolls instead of standing.,shirt,"[{""name"":""Bone"",""swatch"":""#e3ded4"",""art"":""nova-shirt-bone""},{""name"":""Slate"",""swatch"":""#464d57"",""art"":""nova-shirt-slate""},{""name"":""Off White"",""swatch"":""#f0eeea"",""art"":""nova-shirt-offwhite""}]"
nova-essential-shirt,,,,,,,Color,Bone,Size,S,NOVA-NOVAESSENT-BON-S,shopify,62,deny,manual,3299.00,,TRUE,TRUE,https://raw.githubusercontent.com/Shivam3-max/nova/main/import/images/nova-shirt-bone.png,https://raw.githubusercontent.com/Shivam3-max/nova/main/import/images/nova-shirt-slate.png,2,NOVA Essential Shirt — Slate,,,,,
nova-essential-shirt,,,,,,,Color,Bone,Size,M,NOVA-NOVAESSENT-BON-M,shopify,62,deny,manual,3299.00,,TRUE,TRUE,https://raw.githubusercontent.com/Shivam3-max/nova/main/import/images/nova-shirt-bone.png,https://raw.githubusercontent.com/Shivam3-max/nova/main/import/images/nova-shirt-offwhite.png,3,NOVA Essential Shirt — Off White,,,,,
nova-essential-shirt,,,,,,,Color,Bone,Size,L,NOVA-NOVAESSENT-BON-L,shopify,62,deny,manual,3299.00,,TRUE,TRUE,https://raw.githubusercontent.com/Shivam3-max/nova/main/import/images/nova-shirt-bone.png,,,,,,,,
nova-essential-shirt,,,,,,,Color,Bone,Size,XL,NOVA-NOVAESSENT-BON-XL,shopify,62,deny,manual,3299.00,,TRUE,TRUE,https://raw.githubusercontent.com/Shivam3-max/nova/main/import/images/nova-shirt-bone.png,,,,,,,,
nova-essential-shirt,,,,,,,Color,Bone,Size,XXL,NOVA-NOVAESSENT-BON-XXL,shopify,62,deny,manual,3299.00,,TRUE,TRUE,https://raw.githubusercontent.com/Shivam3-max/nova/main/import/images/nova-shirt-bone.png,,,,,,,,
nova-essential-shirt,,,,,,,Color,Slate,Size,XS,NOVA-NOVAESSENT-SLA-XS,shopify,62,deny,manual,3299.00,,TRUE,TRUE,https://raw.githubusercontent.com/Shivam3-max/nova/main/import/images/nova-shirt-slate.png,,,,,,,,
nova-essential-shirt,,,,,,,Color,Slate,Size,S,NOVA-NOVAESSENT-SLA-S,shopify,62,deny,manual,3299.00,,TRUE,TRUE,https://raw.githubusercontent.com/Shivam3-max/nova/main/import/images/nova-shirt-slate.png,,,,,,,,
nova-essential-shirt,,,,,,,Color,Slate,Size,M,NOVA-NOVAESSENT-SLA-M,shopify,62,deny,manual,3299.00,,TRUE,TRUE,https://raw.githubusercontent.com/Shivam3-max/nova/main/import/images/nova-shirt-slate.png,,,,,,,,
nova-essential-shirt,,,,,,,Color,Slate,Size,L,NOVA-NOVAESSENT-SLA-L,shopify,62,deny,manual,3299.00,,TRUE,TRUE,https://raw.githubusercontent.com/Shivam3-max/nova/main/import/images/nova-shirt-slate.png,,,,,,,,
nova-essential-shirt,,,,,,,Color,Slate,Size,XL,NOVA-NOVAESSENT-SLA-XL,shopify,62,deny,manual,3299.00,,TRUE,TRUE,https://raw.githubusercontent.com/Shivam3-max/nova/main/import/images/nova-shirt-slate.png,,,,,,,,
nova-essential-shirt,,,,,,,Color,Slate,Size,XXL,NOVA-NOVAESSENT-SLA-XXL,shopify,62,deny,manual,3299.00,,TRUE,TRUE,https://raw.githubusercontent.com/Shivam3-max/nova/main/import/images/nova-shirt-slate.png,,,,,,,,
nova-essential-shirt,,,,,,,Color,Off White,Size,XS,NOVA-NOVAESSENT-OFF-XS,shopify,62,deny,manual,3299.00,,TRUE,TRUE,https://raw.githubusercontent.com/Shivam3-max/nova/main/import/images/nova-shirt-offwhite.png,,,,,,,,
nova-essential-shirt,,,,,,,Color,Off White,Size,S,NOVA-NOVAESSENT-OFF-S,shopify,62,deny,manual,3299.00,,TRUE,TRUE,https://raw.githubusercontent.com/Shivam3-max/nova/main/import/images/nova-shirt-offwhite.png,,,,,,,,
nova-essential-shirt,,,,,,,Color,Off White,Size,M,NOVA-NOVAESSENT-OFF-M,shopify,62,deny,manual,3299.00,,TRUE,TRUE,https://raw.githubusercontent.com/Shivam3-max/nova/main/import/images/nova-shirt-offwhite.png,,,,,,,,
nova-essential-shirt,,,,,,,Color,Off White,Size,L,NOVA-NOVAESSENT-OFF-L,shopify,62,deny,manual,3299.00,,TRUE,TRUE,https://raw.githubusercontent.com/Shivam3-max/nova/main/import/images/nova-shirt-offwhite.png,,,,,,,,
nova-essential-shirt,,,,,,,Color,Off White,Size,XL,NOVA-NOVAESSENT-OFF-XL,shopify,62,deny,manual,3299.00,,TRUE,TRUE,https://raw.githubusercontent.com/Shivam3-max/nova/main/import/images/nova-shirt-offwhite.png,,,,,,,,
nova-essential-shirt,,,,,,,Color,Off White,Size,XXL,NOVA-NOVAESSENT-OFF-XXL,shopify,0,deny,manual,3299.00,,TRUE,TRUE,https://raw.githubusercontent.com/Shivam3-max/nova/main/import/images/nova-shirt-offwhite.png,,,,,,,,
nova-grain-shirt,NOVA Grain Shirt,"<p>A linen-cotton canvas shirt. Camp collar, straight hem, relaxed through the chest and meant to be worn open.</p><p>Made in small batches, so no two pieces read exactly alike.</p>",NØVA,Shirt,"minimal, essential",TRUE,Color,Slate,Size,XS,NOVA-NOVAGRAINS-SLA-XS,shopify,45,deny,manual,4499.00,,TRUE,TRUE,https://raw.githubusercontent.com/Shivam3-max/nova/main/import/images/nova-shirt-slate.png,https://raw.githubusercontent.com/Shivam3-max/nova/main/import/images/nova-shirt-slate.png,1,NOVA Grain Shirt — Slate,active,,Poplin washed twice for softness. The collar is interlined lightly so it rolls instead of standing.,shirt,"[{""name"":""Slate"",""swatch"":""#464d57"",""art"":""nova-shirt-slate""},{""name"":""Off White"",""swatch"":""#f0eeea"",""art"":""nova-shirt-offwhite""},{""name"":""Bone"",""swatch"":""#e3ded4"",""art"":""nova-shirt-bone""}]"
nova-grain-shirt,,,,,,,Color,Slate,Size,S,NOVA-NOVAGRAINS-SLA-S,shopify,45,deny,manual,4499.00,,TRUE,TRUE,https://raw.githubusercontent.com/Shivam3-max/nova/main/import/images/nova-shirt-slate.png,https://raw.githubusercontent.com/Shivam3-max/nova/main/import/images/nova-shirt-offwhite.png,2,NOVA Grain Shirt — Off White,,,,,
nova-grain-shirt,,,,,,,Color,Slate,Size,M,NOVA-NOVAGRAINS-SLA-M,shopify,45,deny,manual,4499.00,,TRUE,TRUE,https://raw.githubusercontent.com/Shivam3-max/nova/main/import/images/nova-shirt-slate.png,https://raw.githubusercontent.com/Shivam3-max/nova/main/import/images/nova-shirt-bone.png,3,NOVA Grain Shirt — Bone,,,,,
nova-grain-shirt,,,,,,,Color,Slate,Size,L,NOVA-NOVAGRAINS-SLA-L,shopify,45,deny,manual,4499.00,,TRUE,TRUE,https://raw.githubusercontent.com/Shivam3-max/nova/main/import/images/nova-shirt-slate.png,,,,,,,,
nova-grain-shirt,,,,,,,Color,Slate,Size,XL,NOVA-NOVAGRAINS-SLA-XL,shopify,45,deny,manual,4499.00,,TRUE,TRUE,https://raw.githubusercontent.com/Shivam3-max/nova/main/import/images/nova-shirt-slate.png,,,,,,,,
nova-grain-shirt,,,,,,,Color,Slate,Size,XXL,NOVA-NOVAGRAINS-SLA-XXL,shopify,45,deny,manual,4499.00,,TRUE,TRUE,https://raw.githubusercontent.com/Shivam3-max/nova/main/import/images/nova-shirt-slate.png,,,,,,,,
nova-grain-shirt,,,,,,,Color,Off White,Size,XS,NOVA-NOVAGRAINS-OFF-XS,shopify,45,deny,manual,4499.00,,TRUE,TRUE,https://raw.githubusercontent.com/Shivam3-max/nova/main/import/images/nova-shirt-offwhite.png,,,,,,,,
nova-grain-shirt,,,,,,,Color,Off White,Size,S,NOVA-NOVAGRAINS-OFF-S,shopify,45,deny,manual,4499.00,,TRUE,TRUE,https://raw.githubusercontent.com/Shivam3-max/nova/main/import/images/nova-shirt-offwhite.png,,,,,,,,
nova-grain-shirt,,,,,,,Color,Off White,Size,M,NOVA-NOVAGRAINS-OFF-M,shopify,45,deny,manual,4499.00,,TRUE,TRUE,https://raw.githubusercontent.com/Shivam3-max/nova/main/import/images/nova-shirt-offwhite.png,,,,,,,,
nova-grain-shirt,,,,,,,Color,Off White,Size,L,NOVA-NOVAGRAINS-OFF-L,shopify,45,deny,manual,4499.00,,TRUE,TRUE,https://raw.githubusercontent.com/Shivam3-max/nova/main/import/images/nova-shirt-offwhite.png,,,,,,,,
nova-grain-shirt,,,,,,,Color,Off White,Size,XL,NOVA-NOVAGRAINS-OFF-XL,shopify,45,deny,manual,4499.00,,TRUE,TRUE,https://raw.githubusercontent.com/Shivam3-max/nova/main/import/images/nova-shirt-offwhite.png,,,,,,,,
nova-grain-shirt,,,,,,,Color,Off White,Size,XXL,NOVA-NOVAGRAINS-OFF-XXL,shopify,45,deny,manual,4499.00,,TRUE,TRUE,https://raw.githubusercontent.com/Shivam3-max/nova/main/import/images/nova-shirt-offwhite.png,,,,,,,,
nova-grain-shirt,,,,,,,Color,Bone,Size,XS,NOVA-NOVAGRAINS-BON-XS,shopify,45,deny,manual,4499.00,,TRUE,TRUE,https://raw.githubusercontent.com/Shivam3-max/nova/main/import/images/nova-shirt-bone.png,,,,,,,,
nova-grain-shirt,,,,,,,Color,Bone,Size,S,NOVA-NOVAGRAINS-BON-S,shopify,45,deny,manual,4499.00,,TRUE,TRUE,https://raw.githubusercontent.com/Shivam3-max/nova/main/import/images/nova-shirt-bone.png,,,,,,,,
nova-grain-shirt,,,,,,,Color,Bone,Size,M,NOVA-NOVAGRAINS-BON-M,shopify,45,deny,manual,4499.00,,TRUE,TRUE,https://raw.githubusercontent.com/Shivam3-max/nova/main/import/images/nova-shirt-bone.png,,,,,,,,
nova-grain-shirt,,,,,,,Color,Bone,Size,L,NOVA-NOVAGRAINS-BON-L,shopify,45,deny,manual,4499.00,,TRUE,TRUE,https://raw.githubusercontent.com/Shivam3-max/nova/main/import/images/nova-shirt-bone.png,,,,,,,,
nova-grain-shirt,,,,,,,Color,Bone,Size,XL,NOVA-NOVAGRAINS-BON-XL,shopify,45,deny,manual,4499.00,,TRUE,TRUE,https://raw.githubusercontent.com/Shivam3-max/nova/main/import/images/nova-shirt-bone.png,,,,,,,,
nova-grain-shirt,,,,,,,Color,Bone,Size,XXL,NOVA-NOVAGRAINS-BON-XXL,shopify,0,deny,manual,4499.00,,TRUE,TRUE,https://raw.githubusercontent.com/Shivam3-max/nova/main/import/images/nova-shirt-bone.png,,,,,,,,
nova-harbour-shirt,NOVA Harbour Shirt,"<p>A washed cotton poplin shirt. Camp collar, straight hem, relaxed through the chest and meant to be worn open.</p><p>Made in small batches, so no two pieces read exactly alike.</p>",NØVA,Shirt,"minimal, essential",TRUE,Color,Off White,Size,XS,NOVA-NOVAHARBOU-OFF-XS,shopify,83,deny,manual,4099.00,,TRUE,TRUE,https://raw.githubusercontent.com/Shivam3-max/nova/main/import/images/nova-shirt-offwhite.png,https://raw.githubusercontent.com/Shivam3-max/nova/main/import/images/nova-shirt-offwhite.png,1,NOVA Harbour Shirt — Off White,active,,Poplin washed twice for softness. The collar is interlined lightly so it rolls instead of standing.,shirt,"[{""name"":""Off White"",""swatch"":""#f0eeea"",""art"":""nova-shirt-offwhite""},{""name"":""Bone"",""swatch"":""#e3ded4"",""art"":""nova-shirt-bone""}]"
nova-harbour-shirt,,,,,,,Color,Off White,Size,S,NOVA-NOVAHARBOU-OFF-S,shopify,83,deny,manual,4099.00,,TRUE,TRUE,https://raw.githubusercontent.com/Shivam3-max/nova/main/import/images/nova-shirt-offwhite.png,https://raw.githubusercontent.com/Shivam3-max/nova/main/import/images/nova-shirt-bone.png,2,NOVA Harbour Shirt — Bone,,,,,
nova-harbour-shirt,,,,,,,Color,Off White,Size,M,NOVA-NOVAHARBOU-OFF-M,shopify,83,deny,manual,4099.00,,TRUE,TRUE,https://raw.githubusercontent.com/Shivam3-max/nova/main/import/images/nova-shirt-offwhite.png,,,,,,,,
nova-harbour-shirt,,,,,,,Color,Off White,Size,L,NOVA-NOVAHARBOU-OFF-L,shopify,83,deny,manual,4099.00,,TRUE,TRUE,https://raw.githubusercontent.com/Shivam3-max/nova/main/import/images/nova-shirt-offwhite.png,,,,,,,,
nova-harbour-shirt,,,,,,,Color,Off White,Size,XL,NOVA-NOVAHARBOU-OFF-XL,shopify,83,deny,manual,4099.00,,TRUE,TRUE,https://raw.githubusercontent.com/Shivam3-max/nova/main/import/images/nova-shirt-offwhite.png,,,,,,,,
nova-harbour-shirt,,,,,,,Color,Off White,Size,XXL,NOVA-NOVAHARBOU-OFF-XXL,shopify,83,deny,manual,4099.00,,TRUE,TRUE,https://raw.githubusercontent.com/Shivam3-max/nova/main/import/images/nova-shirt-offwhite.png,,,,,,,,
nova-harbour-shirt,,,,,,,Color,Bone,Size,XS,NOVA-NOVAHARBOU-BON-XS,shopify,83,deny,manual,4099.00,,TRUE,TRUE,https://raw.githubusercontent.com/Shivam3-max/nova/main/import/images/nova-shirt-bone.png,,,,,,,,
nova-harbour-shirt,,,,,,,Color,Bone,Size,S,NOVA-NOVAHARBOU-BON-S,shopify,83,deny,manual,4099.00,,TRUE,TRUE,https://raw.githubusercontent.com/Shivam3-max/nova/main/import/images/nova-shirt-bone.png,,,,,,,,
nova-harbour-shirt,,,,,,,Color,Bone,Size,M,NOVA-NOVAHARBOU-BON-M,shopify,83,deny,manual,4099.00,,TRUE,TRUE,https://raw.githubusercontent.com/Shivam3-max/nova/main/import/images/nova-shirt-bone.png,,,,,,,,
nova-harbour-shirt,,,,,,,Color,Bone,Size,L,NOVA-NOVAHARBOU-BON-L,shopify,83,deny,manual,4099.00,,TRUE,TRUE,https://raw.githubusercontent.com/Shivam3-max/nova/main/import/images/nova-shirt-bone.png,,,,,,,,
nova-harbour-shirt,,,,,,,Color,Bone,Size,XL,NOVA-NOVAHARBOU-BON-XL,shopify,83,deny,manual,4099.00,,TRUE,TRUE,https://raw.githubusercontent.com/Shivam3-max/nova/main/import/images/nova-shirt-bone.png,,,,,,,,
nova-harbour-shirt,,,,,,,Color,Bone,Size,XXL,NOVA-NOVAHARBOU-BON-XXL,shopify,0,deny,manual,4099.00,,TRUE,TRUE,https://raw.githubusercontent.com/Shivam3-max/nova/main/import/images/nova-shirt-bone.png,,,,,,,,
nova-index-shirt,NOVA Index Shirt,"<p>A washed cotton poplin shirt. Camp collar, straight hem, relaxed through the chest and meant to be worn open.</p><p>Made in small batches, so no two pieces read exactly alike.</p>",NØVA,Shirt,"minimal, essential",TRUE,Color,Slate,Size,XS,NOVA-NOVAINDEXS-SLA-XS,shopify,87,deny,manual,3399.00,,TRUE,TRUE,https://raw.githubusercontent.com/Shivam3-max/nova/main/import/images/nova-shirt-slate.png,https://raw.githubusercontent.com/Shivam3-max/nova/main/import/images/nova-shirt-slate.png,1,NOVA Index Shirt — Slate,active,,Poplin washed twice for softness. The collar is interlined lightly so it rolls instead of standing.,shirt,"[{""name"":""Slate"",""swatch"":""#464d57"",""art"":""nova-shirt-slate""},{""name"":""Off White"",""swatch"":""#f0eeea"",""art"":""nova-shirt-offwhite""}]"
nova-index-shirt,,,,,,,Color,Slate,Size,S,NOVA-NOVAINDEXS-SLA-S,shopify,87,deny,manual,3399.00,,TRUE,TRUE,https://raw.githubusercontent.com/Shivam3-max/nova/main/import/images/nova-shirt-slate.png,https://raw.githubusercontent.com/Shivam3-max/nova/main/import/images/nova-shirt-offwhite.png,2,NOVA Index Shirt — Off White,,,,,
nova-index-shirt,,,,,,,Color,Slate,Size,M,NOVA-NOVAINDEXS-SLA-M,shopify,87,deny,manual,3399.00,,TRUE,TRUE,https://raw.githubusercontent.com/Shivam3-max/nova/main/import/images/nova-shirt-slate.png,,,,,,,,
nova-index-shirt,,,,,,,Color,Slate,Size,L,NOVA-NOVAINDEXS-SLA-L,shopify,87,deny,manual,3399.00,,TRUE,TRUE,https://raw.githubusercontent.com/Shivam3-max/nova/main/import/images/nova-shirt-slate.png,,,,,,,,
nova-index-shirt,,,,,,,Color,Slate,Size,XL,NOVA-NOVAINDEXS-SLA-XL,shopify,87,deny,manual,3399.00,,TRUE,TRUE,https://raw.githubusercontent.com/Shivam3-max/nova/main/import/images/nova-shirt-slate.png,,,,,,,,
nova-index-shirt,,,,,,,Color,Slate,Size,XXL,NOVA-NOVAINDEXS-SLA-XXL,shopify,87,deny,manual,3399.00,,TRUE,TRUE,https://raw.githubusercontent.com/Shivam3-max/nova/main/import/images/nova-shirt-slate.png,,,,,,,,
nova-index-shirt,,,,,,,Color,Off White,Size,XS,NOVA-NOVAINDEXS-OFF-XS,shopify,87,deny,manual,3399.00,,TRUE,TRUE,https://raw.githubusercontent.com/Shivam3-max/nova/main/import/images/nova-shirt-offwhite.png,,,,,,,,
nova-index-shirt,,,,,,,Color,Off White,Size,S,NOVA-NOVAINDEXS-OFF-S,shopify,87,deny,manual,3399.00,,TRUE,TRUE,https://raw.githubusercontent.com/Shivam3-max/nova/main/import/images/nova-shirt-offwhite.png,,,,,,,,
nova-index-shirt,,,,,,,Color,Off White,Size,M,NOVA-NOVAINDEXS-OFF-M,shopify,87,deny,manual,3399.00,,TRUE,TRUE,https://raw.githubusercontent.com/Shivam3-max/nova/main/import/images/nova-shirt-offwhite.png,,,,,,,,
nova-index-shirt,,,,,,,Color,Off White,Size,L,NOVA-NOVAINDEXS-OFF-L,shopify,87,deny,manual,3399.00,,TRUE,TRUE,https://raw.githubusercontent.com/Shivam3-max/nova/main/import/images/nova-shirt-offwhite.png,,,,,,,,
nova-index-shirt,,,,,,,Color,Off White,Size,XL,NOVA-NOVAINDEXS-OFF-XL,shopify,87,deny,manual,3399.00,,TRUE,TRUE,https://raw.githubusercontent.com/Shivam3-max/nova/main/import/images/nova-shirt-offwhite.png,,,,,,,,
nova-index-shirt,,,,,,,Color,Off White,Size,XXL,NOVA-NOVAINDEXS-OFF-XXL,shopify,0,deny,manual,3399.00,,TRUE,TRUE,https://raw.githubusercontent.com/Shivam3-max/nova/main/import/images/nova-shirt-offwhite.png,,,,,,,,
nova-junction-shirt,NOVA Junction Shirt,"<p>A washed cotton poplin shirt. Camp collar, straight hem, relaxed through the chest and meant to be worn open.</p><p>Made in small batches, so no two pieces read exactly alike.</p>",NØVA,Shirt,"minimal, essential",TRUE,Color,Bone,Size,XS,NOVA-NOVAJUNCTI-BON-XS,shopify,92,deny,manual,3699.00,,TRUE,TRUE,https://raw.githubusercontent.com/Shivam3-max/nova/main/import/images/nova-shirt-bone.png,https://raw.githubusercontent.com/Shivam3-max/nova/main/import/images/nova-shirt-bone.png,1,NOVA Junction Shirt — Bone,active,,Poplin washed twice for softness. The collar is interlined lightly so it rolls instead of standing.,shirt,"[{""name"":""Bone"",""swatch"":""#e3ded4"",""art"":""nova-shirt-bone""},{""name"":""Slate"",""swatch"":""#464d57"",""art"":""nova-shirt-slate""}]"
nova-junction-shirt,,,,,,,Color,Bone,Size,S,NOVA-NOVAJUNCTI-BON-S,shopify,92,deny,manual,3699.00,,TRUE,TRUE,https://raw.githubusercontent.com/Shivam3-max/nova/main/import/images/nova-shirt-bone.png,https://raw.githubusercontent.com/Shivam3-max/nova/main/import/images/nova-shirt-slate.png,2,NOVA Junction Shirt — Slate,,,,,
nova-junction-shirt,,,,,,,Color,Bone,Size,M,NOVA-NOVAJUNCTI-BON-M,shopify,92,deny,manual,3699.00,,TRUE,TRUE,https://raw.githubusercontent.com/Shivam3-max/nova/main/import/images/nova-shirt-bone.png,,,,,,,,
nova-junction-shirt,,,,,,,Color,Bone,Size,L,NOVA-NOVAJUNCTI-BON-L,shopify,92,deny,manual,3699.00,,TRUE,TRUE,https://raw.githubusercontent.com/Shivam3-max/nova/main/import/images/nova-shirt-bone.png,,,,,,,,
nova-junction-shirt,,,,,,,Color,Bone,Size,XL,NOVA-NOVAJUNCTI-BON-XL,shopify,92,deny,manual,3699.00,,TRUE,TRUE,https://raw.githubusercontent.com/Shivam3-max/nova/main/import/images/nova-shirt-bone.png,,,,,,,,
nova-junction-shirt,,,,,,,Color,Bone,Size,XXL,NOVA-NOVAJUNCTI-BON-XXL,shopify,92,deny,manual,3699.00,,TRUE,TRUE,https://raw.githubusercontent.com/Shivam3-max/nova/main/import/images/nova-shirt-bone.png,,,,,,,,
nova-junction-shirt,,,,,,,Color,Slate,Size,XS,NOVA-NOVAJUNCTI-SLA-XS,shopify,92,deny,manual,3699.00,,TRUE,TRUE,https://raw.githubusercontent.com/Shivam3-max/nova/main/import/images/nova-shirt-slate.png,,,,,,,,
nova-junction-shirt,,,,,,,Color,Slate,Size,S,NOVA-NOVAJUNCTI-SLA-S,shopify,92,deny,manual,3699.00,,TRUE,TRUE,https://raw.githubusercontent.com/Shivam3-max/nova/main/import/images/nova-shirt-slate.png,,,,,,,,
nova-junction-shirt,,,,,,,Color,Slate,Size,M,NOVA-NOVAJUNCTI-SLA-M,shopify,92,deny,manual,3699.00,,TRUE,TRUE,https://raw.githubusercontent.com/Shivam3-max/nova/main/import/images/nova-shirt-slate.png,,,,,,,,
nova-junction-shirt,,,,,,,Color,Slate,Size,L,NOVA-NOVAJUNCTI-SLA-L,shopify,92,deny,manual,3699.00,,TRUE,TRUE,https://raw.githubusercontent.com/Shivam3-max/nova/main/import/images/nova-shirt-slate.png,,,,,,,,
nova-junction-shirt,,,,,,,Color,Slate,Size,XL,NOVA-NOVAJUNCTI-SLA-XL,shopify,92,deny,manual,3699.00,,TRUE,TRUE,https://raw.githubusercontent.com/Shivam3-max/nova/main/import/images/nova-shirt-slate.png,,,,,,,,
nova-junction-shirt,,,,,,,Color,Slate,Size,XXL,NOVA-NOVAJUNCTI-SLA-XXL,shopify,0,deny,manual,3699.00,,TRUE,TRUE,https://raw.githubusercontent.com/Shivam3-max/nova/main/import/images/nova-shirt-slate.png,,,,,,,,
nova-kestrel-shirt,NOVA Kestrel Shirt,"<p>A washed cotton poplin shirt. Camp collar, straight hem, relaxed through the chest and meant to be worn open.</p><p>Made in small batches, so no two pieces read exactly alike.</p>",NØVA,Shirt,"minimal, essential",TRUE,Color,Off White,Size,XS,NOVA-NOVAKESTRE-OFF-XS,shopify,98,deny,manual,4099.00,,TRUE,TRUE,https://raw.githubusercontent.com/Shivam3-max/nova/main/import/images/nova-shirt-offwhite.png,https://raw.githubusercontent.com/Shivam3-max/nova/main/import/images/nova-shirt-offwhite.png,1,NOVA Kestrel Shirt — Off White,active,NEW,Poplin washed twice for softness. The collar is interlined lightly so it rolls instead of standing.,shirt,"[{""name"":""Off White"",""swatch"":""#f0eeea"",""art"":""nova-shirt-offwhite""},{""name"":""Bone"",""swatch"":""#e3ded4"",""art"":""nova-shirt-bone""},{""name"":""Slate"",""swatch"":""#464d57"",""art"":""nova-shirt-slate""}]"
nova-kestrel-shirt,,,,,,,Color,Off White,Size,S,NOVA-NOVAKESTRE-OFF-S,shopify,98,deny,manual,4099.00,,TRUE,TRUE,https://raw.githubusercontent.com/Shivam3-max/nova/main/import/images/nova-shirt-offwhite.png,https://raw.githubusercontent.com/Shivam3-max/nova/main/import/images/nova-shirt-bone.png,2,NOVA Kestrel Shirt — Bone,,,,,
nova-kestrel-shirt,,,,,,,Color,Off White,Size,M,NOVA-NOVAKESTRE-OFF-M,shopify,98,deny,manual,4099.00,,TRUE,TRUE,https://raw.githubusercontent.com/Shivam3-max/nova/main/import/images/nova-shirt-offwhite.png,https://raw.githubusercontent.com/Shivam3-max/nova/main/import/images/nova-shirt-slate.png,3,NOVA Kestrel Shirt — Slate,,,,,
nova-kestrel-shirt,,,,,,,Color,Off White,Size,L,NOVA-NOVAKESTRE-OFF-L,shopify,98,deny,manual,4099.00,,TRUE,TRUE,https://raw.githubusercontent.com/Shivam3-max/nova/main/import/images/nova-shirt-offwhite.png,,,,,,,,
nova-kestrel-shirt,,,,,,,Color,Off White,Size,XL,NOVA-NOVAKESTRE-OFF-XL,shopify,98,deny,manual,4099.00,,TRUE,TRUE,https://raw.githubusercontent.com/Shivam3-max/nova/main/import/images/nova-shirt-offwhite.png,,,,,,,,
nova-kestrel-shirt,,,,,,,Color,Off White,Size,XXL,NOVA-NOVAKESTRE-OFF-XXL,shopify,98,deny,manual,4099.00,,TRUE,TRUE,https://raw.githubusercontent.com/Shivam3-max/nova/main/import/images/nova-shirt-offwhite.png,,,,,,,,
nova-kestrel-shirt,,,,,,,Color,Bone,Size,XS,NOVA-NOVAKESTRE-BON-XS,shopify,98,deny,manual,4099.00,,TRUE,TRUE,https://raw.githubusercontent.com/Shivam3-max/nova/main/import/images/nova-shirt-bone.png,,,,,,,,
nova-kestrel-shirt,,,,,,,Color,Bone,Size,S,NOVA-NOVAKESTRE-BON-S,shopify,98,deny,manual,4099.00,,TRUE,TRUE,https://raw.githubusercontent.com/Shivam3-max/nova/main/import/images/nova-shirt-bone.png,,,,,,,,
nova-kestrel-shirt,,,,,,,Color,Bone,Size,M,NOVA-NOVAKESTRE-BON-M,shopify,98,deny,manual,4099.00,,TRUE,TRUE,https://raw.githubusercontent.com/Shivam3-max/nova/main/import/images/nova-shirt-bone.png,,,,,,,,
nova-kestrel-shirt,,,,,,,Color,Bone,Size,L,NOVA-NOVAKESTRE-BON-L,shopify,98,deny,manual,4099.00,,TRUE,TRUE,https://raw.githubusercontent.com/Shivam3-max/nova/main/import/images/nova-shirt-bone.png,,,,,,,,
nova-kestrel-shirt,,,,,,,Color,Bone,Size,XL,NOVA-NOVAKESTRE-BON-XL,shopify,98,deny,manual,4099.00,,TRUE,TRUE,https://raw.githubusercontent.com/Shivam3-max/nova/main/import/images/nova-shirt-bone.png,,,,,,,,
nova-kestrel-shirt,,,,,,,Color,Bone,Size,XXL,NOVA-NOVAKESTRE-BON-XXL,shopify,98,deny,manual,4099.00,,TRUE,TRUE,https://raw.githubusercontent.com/Shivam3-max/nova/main/import/images/nova-shirt-bone.png,,,,,,,,
nova-kestrel-shirt,,,,,,,Color,Slate,Size,XS,NOVA-NOVAKESTRE-SLA-XS,shopify,98,deny,manual,4099.00,,TRUE,TRUE,https://raw.githubusercontent.com/Shivam3-max/nova/main/import/images/nova-shirt-slate.png,,,,,,,,
nova-kestrel-shirt,,,,,,,Color,Slate,Size,S,NOVA-NOVAKESTRE-SLA-S,shopify,98,deny,manual,4099.00,,TRUE,TRUE,https://raw.githubusercontent.com/Shivam3-max/nova/main/import/images/nova-shirt-slate.png,,,,,,,,
nova-kestrel-shirt,,,,,,,Color,Slate,Size,M,NOVA-NOVAKESTRE-SLA-M,shopify,98,deny,manual,4099.00,,TRUE,TRUE,https://raw.githubusercontent.com/Shivam3-max/nova/main/import/images/nova-shirt-slate.png,,,,,,,,
nova-kestrel-shirt,,,,,,,Color,Slate,Size,L,NOVA-NOVAKESTRE-SLA-L,shopify,98,deny,manual,4099.00,,TRUE,TRUE,https://raw.githubusercontent.com/Shivam3-max/nova/main/import/images/nova-shirt-slate.png,,,,,,,,
nova-kestrel-shirt,,,,,,,Color,Slate,Size,XL,NOVA-NOVAKESTRE-SLA-XL,shopify,98,deny,manual,4099.00,,TRUE,TRUE,https://raw.githubusercontent.com/Shivam3-max/nova/main/import/images/nova-shirt-slate.png,,,,,,,,
nova-kestrel-shirt,,,,,,,Color,Slate,Size,XXL,NOVA-NOVAKESTRE-SLA-XXL,shopify,0,deny,manual,4099.00,,TRUE,TRUE,https://raw.githubusercontent.com/Shivam3-max/nova/main/import/images/nova-shirt-slate.png,,,,,,,,
nova-everyday-trouser,NOVA Everyday Trouser,"<p>A pressed cotton drill trouser. Hidden elastic back, pressed front crease set with heat so it survives the wash.</p><p>Made in small batches, so no two pieces read exactly alike.</p>",NØVA,Trouser,"minimal, essential, drop",TRUE,Color,Sand,Size,28,NOVA-NOVAEVERYD-SAN-28,shopify,50,deny,manual,3599.00,,TRUE,TRUE,https://raw.githubusercontent.com/Shivam3-max/nova/main/import/images/nova-trouser-sand.png,https://raw.githubusercontent.com/Shivam3-max/nova/main/import/images/nova-trouser-sand.png,1,NOVA Everyday Trouser — Sand,active,DROP 01,"Two per cent stretch through the warp, so it holds a crease and still sits down comfortably.",trouser,"[{""name"":""Sand"",""swatch"":""#c6bcab"",""art"":""nova-trouser-sand""},{""name"":""Black"",""swatch"":""#131316"",""art"":""nova-trouser-black""}]"
nova-everyday-trouser,,,,,,,Color,Sand,Size,30,NOVA-NOVAEVERYD-SAN-30,shopify,50,deny,manual,3599.00,,TRUE,TRUE,https://raw.githubusercontent.com/Shivam3-max/nova/main/import/images/nova-trouser-sand.png,https://raw.githubusercontent.com/Shivam3-max/nova/main/import/images/nova-trouser-black.png,2,NOVA Everyday Trouser — Black,,,,,
nova-everyday-trouser,,,,,,,Color,Sand,Size,32,NOVA-NOVAEVERYD-SAN-32,shopify,50,deny,manual,3599.00,,TRUE,TRUE,https://raw.githubusercontent.com/Shivam3-max/nova/main/import/images/nova-trouser-sand.png,,,,,,,,
nova-everyday-trouser,,,,,,,Color,Sand,Size,34,NOVA-NOVAEVERYD-SAN-34,shopify,50,deny,manual,3599.00,,TRUE,TRUE,https://raw.githubusercontent.com/Shivam3-max/nova/main/import/images/nova-trouser-sand.png,,,,,,,,
nova-everyday-trouser,,,,,,,Color,Sand,Size,36,NOVA-NOVAEVERYD-SAN-36,shopify,50,deny,manual,3599.00,,TRUE,TRUE,https://raw.githubusercontent.com/Shivam3-max/nova/main/import/images/nova-trouser-sand.png,,,,,,,,
nova-everyday-trouser,,,,,,,Color,Black,Size,28,NOVA-NOVAEVERYD-BLA-28,shopify,50,deny,manual,3599.00,,TRUE,TRUE,https://raw.githubusercontent.com/Shivam3-max/nova/main/import/images/nova-trouser-black.png,,,,,,,,
nova-everyday-trouser,,,,,,,Color,Black,Size,30,NOVA-NOVAEVERYD-BLA-30,shopify,50,deny,manual,3599.00,,TRUE,TRUE,https://raw.githubusercontent.com/Shivam3-max/nova/main/import/images/nova-trouser-black.png,,,,,,,,
nova-everyday-trouser,,,,,,,Color,Black,Size,32,NOVA-NOVAEVERYD-BLA-32,shopify,50,deny,manual,3599.00,,TRUE,TRUE,https://raw.githubusercontent.com/Shivam3-max/nova/main/import/images/nova-trouser-black.png,,,,,,,,
nova-everyday-trouser,,,,,,,Color,Black,Size,34,NOVA-NOVAEVERYD-BLA-34,shopify,50,deny,manual,3599.00,,TRUE,TRUE,https://raw.githubusercontent.com/Shivam3-max/nova/main/import/images/nova-trouser-black.png,,,,,,,,
nova-everyday-trouser,,,,,,,Color,Black,Size,36,NOVA-NOVAEVERYD-BLA-36,shopify,0,deny,manual,3599.00,,TRUE,TRUE,https://raw.githubusercontent.com/Shivam3-max/nova/main/import/images/nova-trouser-black.png,,,,,,,,
nova-lattice-trouser,NOVA Lattice Trouser,"<p>A pressed cotton drill trouser. Hidden elastic back, pressed front crease set with heat so it survives the wash.</p><p>Made in small batches, so no two pieces read exactly alike.</p>",NØVA,Trouser,"minimal, essential",TRUE,Color,Black,Size,28,NOVA-NOVALATTIC-BLA-28,shopify,56,deny,manual,4599.00,5699.00,TRUE,TRUE,https://raw.githubusercontent.com/Shivam3-max/nova/main/import/images/nova-trouser-black.png,https://raw.githubusercontent.com/Shivam3-max/nova/main/import/images/nova-trouser-black.png,1,NOVA Lattice Trouser — Black,active,,"Two per cent stretch through the warp, so it holds a crease and still sits down comfortably.",trouser,"[{""name"":""Black"",""swatch"":""#131316"",""art"":""nova-trouser-black""},{""name"":""Charcoal"",""swatch"":""#2c2d32"",""art"":""nova-trouser-charcoal""},{""name"":""Sand"",""swatch"":""#c6bcab"",""art"":""nova-trouser-sand""}]"
nova-lattice-trouser,,,,,,,Color,Black,Size,30,NOVA-NOVALATTIC-BLA-30,shopify,56,deny,manual,4599.00,5699.00,TRUE,TRUE,https://raw.githubusercontent.com/Shivam3-max/nova/main/import/images/nova-trouser-black.png,https://raw.githubusercontent.com/Shivam3-max/nova/main/import/images/nova-trouser-charcoal.png,2,NOVA Lattice Trouser — Charcoal,,,,,
nova-lattice-trouser,,,,,,,Color,Black,Size,32,NOVA-NOVALATTIC-BLA-32,shopify,56,deny,manual,4599.00,5699.00,TRUE,TRUE,https://raw.githubusercontent.com/Shivam3-max/nova/main/import/images/nova-trouser-black.png,https://raw.githubusercontent.com/Shivam3-max/nova/main/import/images/nova-trouser-sand.png,3,NOVA Lattice Trouser — Sand,,,,,
nova-lattice-trouser,,,,,,,Color,Black,Size,34,NOVA-NOVALATTIC-BLA-34,shopify,56,deny,manual,4599.00,5699.00,TRUE,TRUE,https://raw.githubusercontent.com/Shivam3-max/nova/main/import/images/nova-trouser-black.png,,,,,,,,
nova-lattice-trouser,,,,,,,Color,Black,Size,36,NOVA-NOVALATTIC-BLA-36,shopify,56,deny,manual,4599.00,5699.00,TRUE,TRUE,https://raw.githubusercontent.com/Shivam3-max/nova/main/import/images/nova-trouser-black.png,,,,,,,,
nova-lattice-trouser,,,,,,,Color,Charcoal,Size,28,NOVA-NOVALATTIC-CHA-28,shopify,56,deny,manual,4599.00,5699.00,TRUE,TRUE,https://raw.githubusercontent.com/Shivam3-max/nova/main/import/images/nova-trouser-charcoal.png,,,,,,,,
nova-lattice-trouser,,,,,,,Color,Charcoal,Size,30,NOVA-NOVALATTIC-CHA-30,shopify,56,deny,manual,4599.00,5699.00,TRUE,TRUE,https://raw.githubusercontent.com/Shivam3-max/nova/main/import/images/nova-trouser-charcoal.png,,,,,,,,
nova-lattice-trouser,,,,,,,Color,Charcoal,Size,32,NOVA-NOVALATTIC-CHA-32,shopify,56,deny,manual,4599.00,5699.00,TRUE,TRUE,https://raw.githubusercontent.com/Shivam3-max/nova/main/import/images/nova-trouser-charcoal.png,,,,,,,,
nova-lattice-trouser,,,,,,,Color,Charcoal,Size,34,NOVA-NOVALATTIC-CHA-34,shopify,56,deny,manual,4599.00,5699.00,TRUE,TRUE,https://raw.githubusercontent.com/Shivam3-max/nova/main/import/images/nova-trouser-charcoal.png,,,,,,,,
nova-lattice-trouser,,,,,,,Color,Charcoal,Size,36,NOVA-NOVALATTIC-CHA-36,shopify,56,deny,manual,4599.00,5699.00,TRUE,TRUE,https://raw.githubusercontent.com/Shivam3-max/nova/main/import/images/nova-trouser-charcoal.png,,,,,,,,
nova-lattice-trouser,,,,,,,Color,Sand,Size,28,NOVA-NOVALATTIC-SAN-28,shopify,56,deny,manual,4599.00,5699.00,TRUE,TRUE,https://raw.githubusercontent.com/Shivam3-max/nova/main/import/images/nova-trouser-sand.png,,,,,,,,
nova-lattice-trouser,,,,,,,Color,Sand,Size,30,NOVA-NOVALATTIC-SAN-30,shopify,56,deny,manual,4599.00,5699.00,TRUE,TRUE,https://raw.githubusercontent.com/Shivam3-max/nova/main/import/images/nova-trouser-sand.png,,,,,,,,
nova-lattice-trouser,,,,,,,Color,Sand,Size,32,NOVA-NOVALATTIC-SAN-32,shopify,56,deny,manual,4599.00,5699.00,TRUE,TRUE,https://raw.githubusercontent.com/Shivam3-max/nova/main/import/images/nova-trouser-sand.png,,,,,,,,
nova-lattice-trouser,,,,,,,Color,Sand,Size,34,NOVA-NOVALATTIC-SAN-34,shopify,56,deny,manual,4599.00,5699.00,TRUE,TRUE,https://raw.githubusercontent.com/Shivam3-max/nova/main/import/images/nova-trouser-sand.png,,,,,,,,
nova-lattice-trouser,,,,,,,Color,Sand,Size,36,NOVA-NOVALATTIC-SAN-36,shopify,0,deny,manual,4599.00,5699.00,TRUE,TRUE,https://raw.githubusercontent.com/Shivam3-max/nova/main/import/images/nova-trouser-sand.png,,,,,,,,
nova-mantle-trouser,NOVA Mantle Trouser,"<p>A stretch twill trouser. Hidden elastic back, pressed front crease set with heat so it survives the wash.</p><p>Made in small batches, so no two pieces read exactly alike.</p>",NØVA,Trouser,"minimal, essential",TRUE,Color,Sand,Size,28,NOVA-NOVAMANTLE-SAN-28,shopify,46,deny,manual,3899.00,,TRUE,TRUE,https://raw.githubusercontent.com/Shivam3-max/nova/main/import/images/nova-trouser-sand.png,https://raw.githubusercontent.com/Shivam3-max/nova/main/import/images/nova-trouser-sand.png,1,NOVA Mantle Trouser — Sand,active,,"Two per cent stretch through the warp, so it holds a crease and still sits down comfortably.",trouser,"[{""name"":""Sand"",""swatch"":""#c6bcab"",""art"":""nova-trouser-sand""},{""name"":""Black"",""swatch"":""#131316"",""art"":""nova-trouser-black""}]"
nova-mantle-trouser,,,,,,,Color,Sand,Size,30,NOVA-NOVAMANTLE-SAN-30,shopify,46,deny,manual,3899.00,,TRUE,TRUE,https://raw.githubusercontent.com/Shivam3-max/nova/main/import/images/nova-trouser-sand.png,https://raw.githubusercontent.com/Shivam3-max/nova/main/import/images/nova-trouser-black.png,2,NOVA Mantle Trouser — Black,,,,,
nova-mantle-trouser,,,,,,,Color,Sand,Size,32,NOVA-NOVAMANTLE-SAN-32,shopify,46,deny,manual,3899.00,,TRUE,TRUE,https://raw.githubusercontent.com/Shivam3-max/nova/main/import/images/nova-trouser-sand.png,,,,,,,,
nova-mantle-trouser,,,,,,,Color,Sand,Size,34,NOVA-NOVAMANTLE-SAN-34,shopify,46,deny,manual,3899.00,,TRUE,TRUE,https://raw.githubusercontent.com/Shivam3-max/nova/main/import/images/nova-trouser-sand.png,,,,,,,,
nova-mantle-trouser,,,,,,,Color,Sand,Size,36,NOVA-NOVAMANTLE-SAN-36,shopify,46,deny,manual,3899.00,,TRUE,TRUE,https://raw.githubusercontent.com/Shivam3-max/nova/main/import/images/nova-trouser-sand.png,,,,,,,,
nova-mantle-trouser,,,,,,,Color,Black,Size,28,NOVA-NOVAMANTLE-BLA-28,shopify,46,deny,manual,3899.00,,TRUE,TRUE,https://raw.githubusercontent.com/Shivam3-max/nova/main/import/images/nova-trouser-black.png,,,,,,,,
nova-mantle-trouser,,,,,,,Color,Black,Size,30,NOVA-NOVAMANTLE-BLA-30,shopify,46,deny,manual,3899.00,,TRUE,TRUE,https://raw.githubusercontent.com/Shivam3-max/nova/main/import/images/nova-trouser-black.png,,,,,,,,
nova-mantle-trouser,,,,,,,Color,Black,Size,32,NOVA-NOVAMANTLE-BLA-32,shopify,46,deny,manual,3899.00,,TRUE,TRUE,https://raw.githubusercontent.com/Shivam3-max/nova/main/import/images/nova-trouser-black.png,,,,,,,,
nova-mantle-trouser,,,,,,,Color,Black,Size,34,NOVA-NOVAMANTLE-BLA-34,shopify,46,deny,manual,3899.00,,TRUE,TRUE,https://raw.githubusercontent.com/Shivam3-max/nova/main/import/images/nova-trouser-black.png,,,,,,,,
nova-mantle-trouser,,,,,,,Color,Black,Size,36,NOVA-NOVAMANTLE-BLA-36,shopify,0,deny,manual,3899.00,,TRUE,TRUE,https://raw.githubusercontent.com/Shivam3-max/nova/main/import/images/nova-trouser-black.png,,,,,,,,
nova-nadir-trouser,NOVA Nadir Trouser,"<p>A tropical wool trouser. Hidden elastic back, pressed front crease set with heat so it survives the wash.</p><p>Made in small batches, so no two pieces read exactly alike.</p>",NØVA,Trouser,"minimal, essential, limited",TRUE,Color,Sand,Size,28,NOVA-NOVANADIRT-SAN-28,shopify,21,deny,manual,4399.00,,TRUE,TRUE,https://raw.githubusercontent.com/Shivam3-max/nova/main/import/images/nova-trouser-sand.png,https://raw.githubusercontent.com/Shivam3-max/nova/main/import/images/nova-trouser-sand.png,1,NOVA Nadir Trouser — Sand,active,LIMITED,"Two per cent stretch through the warp, so it holds a crease and still sits down comfortably.",trouser,"[{""name"":""Sand"",""swatch"":""#c6bcab"",""art"":""nova-trouser-sand""},{""name"":""Black"",""swatch"":""#131316"",""art"":""nova-trouser-black""},{""name"":""Charcoal"",""swatch"":""#2c2d32"",""art"":""nova-trouser-charcoal""}]"
nova-nadir-trouser,,,,,,,Color,Sand,Size,30,NOVA-NOVANADIRT-SAN-30,shopify,21,deny,manual,4399.00,,TRUE,TRUE,https://raw.githubusercontent.com/Shivam3-max/nova/main/import/images/nova-trouser-sand.png,https://raw.githubusercontent.com/Shivam3-max/nova/main/import/images/nova-trouser-black.png,2,NOVA Nadir Trouser — Black,,,,,
nova-nadir-trouser,,,,,,,Color,Sand,Size,32,NOVA-NOVANADIRT-SAN-32,shopify,21,deny,manual,4399.00,,TRUE,TRUE,https://raw.githubusercontent.com/Shivam3-max/nova/main/import/images/nova-trouser-sand.png,https://raw.githubusercontent.com/Shivam3-max/nova/main/import/images/nova-trouser-charcoal.png,3,NOVA Nadir Trouser — Charcoal,,,,,
nova-nadir-trouser,,,,,,,Color,Sand,Size,34,NOVA-NOVANADIRT-SAN-34,shopify,21,deny,manual,4399.00,,TRUE,TRUE,https://raw.githubusercontent.com/Shivam3-max/nova/main/import/images/nova-trouser-sand.png,,,,,,,,
nova-nadir-trouser,,,,,,,Color,Sand,Size,36,NOVA-NOVANADIRT-SAN-36,shopify,21,deny,manual,4399.00,,TRUE,TRUE,https://raw.githubusercontent.com/Shivam3-max/nova/main/import/images/nova-trouser-sand.png,,,,,,,,
nova-nadir-trouser,,,,,,,Color,Black,Size,28,NOVA-NOVANADIRT-BLA-28,shopify,21,deny,manual,4399.00,,TRUE,TRUE,https://raw.githubusercontent.com/Shivam3-max/nova/main/import/images/nova-trouser-black.png,,,,,,,,
nova-nadir-trouser,,,,,,,Color,Black,Size,30,NOVA-NOVANADIRT-BLA-30,shopify,21,deny,manual,4399.00,,TRUE,TRUE,https://raw.githubusercontent.com/Shivam3-max/nova/main/import/images/nova-trouser-black.png,,,,,,,,
nova-nadir-trouser,,,,,,,Color,Black,Size,32,NOVA-NOVANADIRT-BLA-32,shopify,21,deny,manual,4399.00,,TRUE,TRUE,https://raw.githubusercontent.com/Shivam3-max/nova/main/import/images/nova-trouser-black.png,,,,,,,,
nova-nadir-trouser,,,,,,,Color,Black,Size,34,NOVA-NOVANADIRT-BLA-34,shopify,21,deny,manual,4399.00,,TRUE,TRUE,https://raw.githubusercontent.com/Shivam3-max/nova/main/import/images/nova-trouser-black.png,,,,,,,,
nova-nadir-trouser,,,,,,,Color,Black,Size,36,NOVA-NOVANADIRT-BLA-36,shopify,21,deny,manual,4399.00,,TRUE,TRUE,https://raw.githubusercontent.com/Shivam3-max/nova/main/import/images/nova-trouser-black.png,,,,,,,,
nova-nadir-trouser,,,,,,,Color,Charcoal,Size,28,NOVA-NOVANADIRT-CHA-28,shopify,21,deny,manual,4399.00,,TRUE,TRUE,https://raw.githubusercontent.com/Shivam3-max/nova/main/import/images/nova-trouser-charcoal.png,,,,,,,,
nova-nadir-trouser,,,,,,,Color,Charcoal,Size,30,NOVA-NOVANADIRT-CHA-30,shopify,21,deny,manual,4399.00,,TRUE,TRUE,https://raw.githubusercontent.com/Shivam3-max/nova/main/import/images/nova-trouser-charcoal.png,,,,,,,,
nova-nadir-trouser,,,,,,,Color,Charcoal,Size,32,NOVA-NOVANADIRT-CHA-32,shopify,21,deny,manual,4399.00,,TRUE,TRUE,https://raw.githubusercontent.com/Shivam3-max/nova/main/import/images/nova-trouser-charcoal.png,,,,,,,,
nova-nadir-trouser,,,,,,,Color,Charcoal,Size,34,NOVA-NOVANADIRT-CHA-34,shopify,21,deny,manual,4399.00,,TRUE,TRUE,https://raw.githubusercontent.com/Shivam3-max/nova/main/import/images/nova-trouser-charcoal.png,,,,,,,,
nova-nadir-trouser,,,,,,,Color,Charcoal,Size,36,NOVA-NOVANADIRT-CHA-36,shopify,0,deny,manual,4399.00,,TRUE,TRUE,https://raw.githubusercontent.com/Shivam3-max/nova/main/import/images/nova-trouser-charcoal.png,,,,,,,,
nova-orbit-trouser,NOVA Orbit Trouser,"<p>A stretch twill trouser. Hidden elastic back, pressed front crease set with heat so it survives the wash.</p><p>Made in small batches, so no two pieces read exactly alike.</p>",NØVA,Trouser,"minimal, essential",TRUE,Color,Black,Size,28,NOVA-NOVAORBITT-BLA-28,shopify,98,deny,manual,3599.00,,TRUE,TRUE,https://raw.githubusercontent.com/Shivam3-max/nova/main/import/images/nova-trouser-black.png,https://raw.githubusercontent.com/Shivam3-max/nova/main/import/images/nova-trouser-black.png,1,NOVA Orbit Trouser — Black,active,,"Two per cent stretch through the warp, so it holds a crease and still sits down comfortably.",trouser,"[{""name"":""Black"",""swatch"":""#131316"",""art"":""nova-trouser-black""},{""name"":""Charcoal"",""swatch"":""#2c2d32"",""art"":""nova-trouser-charcoal""}]"
nova-orbit-trouser,,,,,,,Color,Black,Size,30,NOVA-NOVAORBITT-BLA-30,shopify,98,deny,manual,3599.00,,TRUE,TRUE,https://raw.githubusercontent.com/Shivam3-max/nova/main/import/images/nova-trouser-black.png,https://raw.githubusercontent.com/Shivam3-max/nova/main/import/images/nova-trouser-charcoal.png,2,NOVA Orbit Trouser — Charcoal,,,,,
nova-orbit-trouser,,,,,,,Color,Black,Size,32,NOVA-NOVAORBITT-BLA-32,shopify,98,deny,manual,3599.00,,TRUE,TRUE,https://raw.githubusercontent.com/Shivam3-max/nova/main/import/images/nova-trouser-black.png,,,,,,,,
nova-orbit-trouser,,,,,,,Color,Black,Size,34,NOVA-NOVAORBITT-BLA-34,shopify,98,deny,manual,3599.00,,TRUE,TRUE,https://raw.githubusercontent.com/Shivam3-max/nova/main/import/images/nova-trouser-black.png,,,,,,,,
nova-orbit-trouser,,,,,,,Color,Black,Size,36,NOVA-NOVAORBITT-BLA-36,shopify,98,deny,manual,3599.00,,TRUE,TRUE,https://raw.githubusercontent.com/Shivam3-max/nova/main/import/images/nova-trouser-black.png,,,,,,,,
nova-orbit-trouser,,,,,,,Color,Charcoal,Size,28,NOVA-NOVAORBITT-CHA-28,shopify,98,deny,manual,3599.00,,TRUE,TRUE,https://raw.githubusercontent.com/Shivam3-max/nova/main/import/images/nova-trouser-charcoal.png,,,,,,,,
nova-orbit-trouser,,,,,,,Color,Charcoal,Size,30,NOVA-NOVAORBITT-CHA-30,shopify,98,deny,manual,3599.00,,TRUE,TRUE,https://raw.githubusercontent.com/Shivam3-max/nova/main/import/images/nova-trouser-charcoal.png,,,,,,,,
nova-orbit-trouser,,,,,,,Color,Charcoal,Size,32,NOVA-NOVAORBITT-CHA-32,shopify,98,deny,manual,3599.00,,TRUE,TRUE,https://raw.githubusercontent.com/Shivam3-max/nova/main/import/images/nova-trouser-charcoal.png,,,,,,,,
nova-orbit-trouser,,,,,,,Color,Charcoal,Size,34,NOVA-NOVAORBITT-CHA-34,shopify,98,deny,manual,3599.00,,TRUE,TRUE,https://raw.githubusercontent.com/Shivam3-max/nova/main/import/images/nova-trouser-charcoal.png,,,,,,,,
nova-orbit-trouser,,,,,,,Color,Charcoal,Size,36,NOVA-NOVAORBITT-CHA-36,shopify,0,deny,manual,3599.00,,TRUE,TRUE,https://raw.githubusercontent.com/Shivam3-max/nova/main/import/images/nova-trouser-charcoal.png,,,,,,,,
nova-parallel-trouser,NOVA Parallel Trouser,"<p>A stretch twill trouser. Hidden elastic back, pressed front crease set with heat so it survives the wash.</p><p>Made in small batches, so no two pieces read exactly alike.</p>",NØVA,Trouser,"minimal, essential",TRUE,Color,Charcoal,Size,28,NOVA-NOVAPARALL-CHA-28,shopify,81,deny,manual,4399.00,5499.00,TRUE,TRUE,https://raw.githubusercontent.com/Shivam3-max/nova/main/import/images/nova-trouser-charcoal.png,https://raw.githubusercontent.com/Shivam3-max/nova/main/import/images/nova-trouser-charcoal.png,1,NOVA Parallel Trouser — Charcoal,active,,"Two per cent stretch through the warp, so it holds a crease and still sits down comfortably.",trouser,"[{""name"":""Charcoal"",""swatch"":""#2c2d32"",""art"":""nova-trouser-charcoal""},{""name"":""Sand"",""swatch"":""#c6bcab"",""art"":""nova-trouser-sand""},{""name"":""Black"",""swatch"":""#131316"",""art"":""nova-trouser-black""}]"
nova-parallel-trouser,,,,,,,Color,Charcoal,Size,30,NOVA-NOVAPARALL-CHA-30,shopify,81,deny,manual,4399.00,5499.00,TRUE,TRUE,https://raw.githubusercontent.com/Shivam3-max/nova/main/import/images/nova-trouser-charcoal.png,https://raw.githubusercontent.com/Shivam3-max/nova/main/import/images/nova-trouser-sand.png,2,NOVA Parallel Trouser — Sand,,,,,
nova-parallel-trouser,,,,,,,Color,Charcoal,Size,32,NOVA-NOVAPARALL-CHA-32,shopify,81,deny,manual,4399.00,5499.00,TRUE,TRUE,https://raw.githubusercontent.com/Shivam3-max/nova/main/import/images/nova-trouser-charcoal.png,https://raw.githubusercontent.com/Shivam3-max/nova/main/import/images/nova-trouser-black.png,3,NOVA Parallel Trouser — Black,,,,,
nova-parallel-trouser,,,,,,,Color,Charcoal,Size,34,NOVA-NOVAPARALL-CHA-34,shopify,81,deny,manual,4399.00,5499.00,TRUE,TRUE,https://raw.githubusercontent.com/Shivam3-max/nova/main/import/images/nova-trouser-charcoal.png,,,,,,,,
nova-parallel-trouser,,,,,,,Color,Charcoal,Size,36,NOVA-NOVAPARALL-CHA-36,shopify,81,deny,manual,4399.00,5499.00,TRUE,TRUE,https://raw.githubusercontent.com/Shivam3-max/nova/main/import/images/nova-trouser-charcoal.png,,,,,,,,
nova-parallel-trouser,,,,,,,Color,Sand,Size,28,NOVA-NOVAPARALL-SAN-28,shopify,81,deny,manual,4399.00,5499.00,TRUE,TRUE,https://raw.githubusercontent.com/Shivam3-max/nova/main/import/images/nova-trouser-sand.png,,,,,,,,
nova-parallel-trouser,,,,,,,Color,Sand,Size,30,NOVA-NOVAPARALL-SAN-30,shopify,81,deny,manual,4399.00,5499.00,TRUE,TRUE,https://raw.githubusercontent.com/Shivam3-max/nova/main/import/images/nova-trouser-sand.png,,,,,,,,
nova-parallel-trouser,,,,,,,Color,Sand,Size,32,NOVA-NOVAPARALL-SAN-32,shopify,81,deny,manual,4399.00,5499.00,TRUE,TRUE,https://raw.githubusercontent.com/Shivam3-max/nova/main/import/images/nova-trouser-sand.png,,,,,,,,
nova-parallel-trouser,,,,,,,Color,Sand,Size,34,NOVA-NOVAPARALL-SAN-34,shopify,81,deny,manual,4399.00,5499.00,TRUE,TRUE,https://raw.githubusercontent.com/Shivam3-max/nova/main/import/images/nova-trouser-sand.png,,,,,,,,
nova-parallel-trouser,,,,,,,Color,Sand,Size,36,NOVA-NOVAPARALL-SAN-36,shopify,81,deny,manual,4399.00,5499.00,TRUE,TRUE,https://raw.githubusercontent.com/Shivam3-max/nova/main/import/images/nova-trouser-sand.png,,,,,,,,
nova-parallel-trouser,,,,,,,Color,Black,Size,28,NOVA-NOVAPARALL-BLA-28,shopify,81,deny,manual,4399.00,5499.00,TRUE,TRUE,https://raw.githubusercontent.com/Shivam3-max/nova/main/import/images/nova-trouser-black.png,,,,,,,,
nova-parallel-trouser,,,,,,,Color,Black,Size,30,NOVA-NOVAPARALL-BLA-30,shopify,81,deny,manual,4399.00,5499.00,TRUE,TRUE,https://raw.githubusercontent.com/Shivam3-max/nova/main/import/images/nova-trouser-black.png,,,,,,,,
nova-parallel-trouser,,,,,,,Color,Black,Size,32,NOVA-NOVAPARALL-BLA-32,shopify,81,deny,manual,4399.00,5499.00,TRUE,TRUE,https://raw.githubusercontent.com/Shivam3-max/nova/main/import/images/nova-trouser-black.png,,,,,,,,
nova-parallel-trouser,,,,,,,Color,Black,Size,34,NOVA-NOVAPARALL-BLA-34,shopify,81,deny,manual,4399.00,5499.00,TRUE,TRUE,https://raw.githubusercontent.com/Shivam3-max/nova/main/import/images/nova-trouser-black.png,,,,,,,,
nova-parallel-trouser,,,,,,,Color,Black,Size,36,NOVA-NOVAPARALL-BLA-36,shopify,0,deny,manual,4399.00,5499.00,TRUE,TRUE,https://raw.githubusercontent.com/Shivam3-max/nova/main/import/images/nova-trouser-black.png,,,,,,,,
nova-quartz-hoodie,NOVA Quartz Hoodie,"<p>A garment-dyed french terry hoodie. Dropped shoulder, weighted hem, and a hood that holds its shape after the first wash.</p><p>Made in small batches, so no two pieces read exactly alike.</p>",NØVA,Hoodie,"minimal, essential",TRUE,Color,Bone,Size,XS,NOVA-NOVAQUARTZ-BON-XS,shopify,51,deny,manual,3499.00,4399.00,TRUE,TRUE,https://raw.githubusercontent.com/Shivam3-max/nova/main/import/images/nova-hoodie-bone.png,https://raw.githubusercontent.com/Shivam3-max/nova/main/import/images/nova-hoodie-bone.png,1,NOVA Quartz Hoodie — Bone,active,,Milled in Tiruppur. The shoulder is drafted four centimetres past the natural line so the silhouette falls rather than clings.,hoodie,"[{""name"":""Bone"",""swatch"":""#e3ded4"",""art"":""nova-hoodie-bone""},{""name"":""Grey"",""swatch"":""#8a8c92"",""art"":""nova-hoodie-grey""}]"
nova-quartz-hoodie,,,,,,,Color,Bone,Size,S,NOVA-NOVAQUARTZ-BON-S,shopify,51,deny,manual,3499.00,4399.00,TRUE,TRUE,https://raw.githubusercontent.com/Shivam3-max/nova/main/import/images/nova-hoodie-bone.png,https://raw.githubusercontent.com/Shivam3-max/nova/main/import/images/nova-hoodie-grey.png,2,NOVA Quartz Hoodie — Grey,,,,,
nova-quartz-hoodie,,,,,,,Color,Bone,Size,M,NOVA-NOVAQUARTZ-BON-M,shopify,51,deny,manual,3499.00,4399.00,TRUE,TRUE,https://raw.githubusercontent.com/Shivam3-max/nova/main/import/images/nova-hoodie-bone.png,,,,,,,,
nova-quartz-hoodie,,,,,,,Color,Bone,Size,L,NOVA-NOVAQUARTZ-BON-L,shopify,51,deny,manual,3499.00,4399.00,TRUE,TRUE,https://raw.githubusercontent.com/Shivam3-max/nova/main/import/images/nova-hoodie-bone.png,,,,,,,,
nova-quartz-hoodie,,,,,,,Color,Bone,Size,XL,NOVA-NOVAQUARTZ-BON-XL,shopify,51,deny,manual,3499.00,4399.00,TRUE,TRUE,https://raw.githubusercontent.com/Shivam3-max/nova/main/import/images/nova-hoodie-bone.png,,,,,,,,
nova-quartz-hoodie,,,,,,,Color,Bone,Size,XXL,NOVA-NOVAQUARTZ-BON-XXL,shopify,51,deny,manual,3499.00,4399.00,TRUE,TRUE,https://raw.githubusercontent.com/Shivam3-max/nova/main/import/images/nova-hoodie-bone.png,,,,,,,,
nova-quartz-hoodie,,,,,,,Color,Grey,Size,XS,NOVA-NOVAQUARTZ-GRE-XS,shopify,51,deny,manual,3499.00,4399.00,TRUE,TRUE,https://raw.githubusercontent.com/Shivam3-max/nova/main/import/images/nova-hoodie-grey.png,,,,,,,,
nova-quartz-hoodie,,,,,,,Color,Grey,Size,S,NOVA-NOVAQUARTZ-GRE-S,shopify,51,deny,manual,3499.00,4399.00,TRUE,TRUE,https://raw.githubusercontent.com/Shivam3-max/nova/main/import/images/nova-hoodie-grey.png,,,,,,,,
nova-quartz-hoodie,,,,,,,Color,Grey,Size,M,NOVA-NOVAQUARTZ-GRE-M,shopify,51,deny,manual,3499.00,4399.00,TRUE,TRUE,https://raw.githubusercontent.com/Shivam3-max/nova/main/import/images/nova-hoodie-grey.png,,,,,,,,
nova-quartz-hoodie,,,,,,,Color,Grey,Size,L,NOVA-NOVAQUARTZ-GRE-L,shopify,51,deny,manual,3499.00,4399.00,TRUE,TRUE,https://raw.githubusercontent.com/Shivam3-max/nova/main/import/images/nova-hoodie-grey.png,,,,,,,,
nova-quartz-hoodie,,,,,,,Color,Grey,Size,XL,NOVA-NOVAQUARTZ-GRE-XL,shopify,51,deny,manual,3499.00,4399.00,TRUE,TRUE,https://raw.githubusercontent.com/Shivam3-max/nova/main/import/images/nova-hoodie-grey.png,,,,,,,,
nova-quartz-hoodie,,,,,,,Color,Grey,Size,XXL,NOVA-NOVAQUARTZ-GRE-XXL,shopify,0,deny,manual,3499.00,4399.00,TRUE,TRUE,https://raw.githubusercontent.com/Shivam3-max/nova/main/import/images/nova-hoodie-grey.png,,,,,,,,
nova-relay-hoodie,NOVA Relay Hoodie,"<p>A 480 GSM loopback cotton hoodie. Dropped shoulder, weighted hem, and a hood that holds its shape after the first wash.</p><p>Made in small batches, so no two pieces read exactly alike.</p>",NØVA,Hoodie,"minimal, essential",TRUE,Color,Bone,Size,XS,NOVA-NOVARELAYH-BON-XS,shopify,77,deny,manual,3599.00,,TRUE,TRUE,https://raw.githubusercontent.com/Shivam3-max/nova/main/import/images/nova-hoodie-bone.png,https://raw.githubusercontent.com/Shivam3-max/nova/main/import/images/nova-hoodie-bone.png,1,NOVA Relay Hoodie — Bone,active,,Milled in Tiruppur. The shoulder is drafted four centimetres past the natural line so the silhouette falls rather than clings.,hoodie,"[{""name"":""Bone"",""swatch"":""#e3ded4"",""art"":""nova-hoodie-bone""},{""name"":""Grey"",""swatch"":""#8a8c92"",""art"":""nova-hoodie-grey""}]"
nova-relay-hoodie,,,,,,,Color,Bone,Size,S,NOVA-NOVARELAYH-BON-S,shopify,77,deny,manual,3599.00,,TRUE,TRUE,https://raw.githubusercontent.com/Shivam3-max/nova/main/import/images/nova-hoodie-bone.png,https://raw.githubusercontent.com/Shivam3-max/nova/main/import/images/nova-hoodie-grey.png,2,NOVA Relay Hoodie — Grey,,,,,
nova-relay-hoodie,,,,,,,Color,Bone,Size,M,NOVA-NOVARELAYH-BON-M,shopify,77,deny,manual,3599.00,,TRUE,TRUE,https://raw.githubusercontent.com/Shivam3-max/nova/main/import/images/nova-hoodie-bone.png,,,,,,,,
nova-relay-hoodie,,,,,,,Color,Bone,Size,L,NOVA-NOVARELAYH-BON-L,shopify,77,deny,manual,3599.00,,TRUE,TRUE,https://raw.githubusercontent.com/Shivam3-max/nova/main/import/images/nova-hoodie-bone.png,,,,,,,,
nova-relay-hoodie,,,,,,,Color,Bone,Size,XL,NOVA-NOVARELAYH-BON-XL,shopify,77,deny,manual,3599.00,,TRUE,TRUE,https://raw.githubusercontent.com/Shivam3-max/nova/main/import/images/nova-hoodie-bone.png,,,,,,,,
nova-relay-hoodie,,,,,,,Color,Bone,Size,XXL,NOVA-NOVARELAYH-BON-XXL,shopify,77,deny,manual,3599.00,,TRUE,TRUE,https://raw.githubusercontent.com/Shivam3-max/nova/main/import/images/nova-hoodie-bone.png,,,,,,,,
nova-relay-hoodie,,,,,,,Color,Grey,Size,XS,NOVA-NOVARELAYH-GRE-XS,shopify,77,deny,manual,3599.00,,TRUE,TRUE,https://raw.githubusercontent.com/Shivam3-max/nova/main/import/images/nova-hoodie-grey.png,,,,,,,,
nova-relay-hoodie,,,,,,,Color,Grey,Size,S,NOVA-NOVARELAYH-GRE-S,shopify,77,deny,manual,3599.00,,TRUE,TRUE,https://raw.githubusercontent.com/Shivam3-max/nova/main/import/images/nova-hoodie-grey.png,,,,,,,,
nova-relay-hoodie,,,,,,,Color,Grey,Size,M,NOVA-NOVARELAYH-GRE-M,shopify,77,deny,manual,3599.00,,TRUE,TRUE,https://raw.githubusercontent.com/Shivam3-max/nova/main/import/images/nova-hoodie-grey.png,,,,,,,,
nova-relay-hoodie,,,,,,,Color,Grey,Size,L,NOVA-NOVARELAYH-GRE-L,shopify,77,deny,manual,3599.00,,TRUE,TRUE,https://raw.githubusercontent.com/Shivam3-max/nova/main/import/images/nova-hoodie-grey.png,,,,,,,,
nova-relay-hoodie,,,,,,,Color,Grey,Size,XL,NOVA-NOVARELAYH-GRE-XL,shopify,77,deny,manual,3599.00,,TRUE,TRUE,https://raw.githubusercontent.com/Shivam3-max/nova/main/import/images/nova-hoodie-grey.png,,,,,,,,
nova-relay-hoodie,,,,,,,Color,Grey,Size,XXL,NOVA-NOVARELAYH-GRE-XXL,shopify,0,deny,manual,3599.00,,TRUE,TRUE,https://raw.githubusercontent.com/Shivam3-max/nova/main/import/images/nova-hoodie-grey.png,,,,,,,,
nova-summit-hoodie,NOVA Summit Hoodie,"<p>A 480 GSM loopback cotton hoodie. Dropped shoulder, weighted hem, and a hood that holds its shape after the first wash.</p><p>Made in small batches, so no two pieces read exactly alike.</p>",NØVA,Hoodie,"minimal, essential",TRUE,Color,Bone,Size,XS,NOVA-NOVASUMMIT-BON-XS,shopify,39,deny,manual,4099.00,,TRUE,TRUE,https://raw.githubusercontent.com/Shivam3-max/nova/main/import/images/nova-hoodie-bone.png,https://raw.githubusercontent.com/Shivam3-max/nova/main/import/images/nova-hoodie-bone.png,1,NOVA Summit Hoodie — Bone,active,,Milled in Tiruppur. The shoulder is drafted four centimetres past the natural line so the silhouette falls rather than clings.,hoodie,"[{""name"":""Bone"",""swatch"":""#e3ded4"",""art"":""nova-hoodie-bone""},{""name"":""Grey"",""swatch"":""#8a8c92"",""art"":""nova-hoodie-grey""}]"
nova-summit-hoodie,,,,,,,Color,Bone,Size,S,NOVA-NOVASUMMIT-BON-S,shopify,39,deny,manual,4099.00,,TRUE,TRUE,https://raw.githubusercontent.com/Shivam3-max/nova/main/import/images/nova-hoodie-bone.png,https://raw.githubusercontent.com/Shivam3-max/nova/main/import/images/nova-hoodie-grey.png,2,NOVA Summit Hoodie — Grey,,,,,
nova-summit-hoodie,,,,,,,Color,Bone,Size,M,NOVA-NOVASUMMIT-BON-M,shopify,39,deny,manual,4099.00,,TRUE,TRUE,https://raw.githubusercontent.com/Shivam3-max/nova/main/import/images/nova-hoodie-bone.png,,,,,,,,
nova-summit-hoodie,,,,,,,Color,Bone,Size,L,NOVA-NOVASUMMIT-BON-L,shopify,39,deny,manual,4099.00,,TRUE,TRUE,https://raw.githubusercontent.com/Shivam3-max/nova/main/import/images/nova-hoodie-bone.png,,,,,,,,
nova-summit-hoodie,,,,,,,Color,Bone,Size,XL,NOVA-NOVASUMMIT-BON-XL,shopify,39,deny,manual,4099.00,,TRUE,TRUE,https://raw.githubusercontent.com/Shivam3-max/nova/main/import/images/nova-hoodie-bone.png,,,,,,,,
nova-summit-hoodie,,,,,,,Color,Bone,Size,XXL,NOVA-NOVASUMMIT-BON-XXL,shopify,39,deny,manual,4099.00,,TRUE,TRUE,https://raw.githubusercontent.com/Shivam3-max/nova/main/import/images/nova-hoodie-bone.png,,,,,,,,
nova-summit-hoodie,,,,,,,Color,Grey,Size,XS,NOVA-NOVASUMMIT-GRE-XS,shopify,39,deny,manual,4099.00,,TRUE,TRUE,https://raw.githubusercontent.com/Shivam3-max/nova/main/import/images/nova-hoodie-grey.png,,,,,,,,
nova-summit-hoodie,,,,,,,Color,Grey,Size,S,NOVA-NOVASUMMIT-GRE-S,shopify,39,deny,manual,4099.00,,TRUE,TRUE,https://raw.githubusercontent.com/Shivam3-max/nova/main/import/images/nova-hoodie-grey.png,,,,,,,,
nova-summit-hoodie,,,,,,,Color,Grey,Size,M,NOVA-NOVASUMMIT-GRE-M,shopify,39,deny,manual,4099.00,,TRUE,TRUE,https://raw.githubusercontent.com/Shivam3-max/nova/main/import/images/nova-hoodie-grey.png,,,,,,,,
nova-summit-hoodie,,,,,,,Color,Grey,Size,L,NOVA-NOVASUMMIT-GRE-L,shopify,39,deny,manual,4099.00,,TRUE,TRUE,https://raw.githubusercontent.com/Shivam3-max/nova/main/import/images/nova-hoodie-grey.png,,,,,,,,
nova-summit-hoodie,,,,,,,Color,Grey,Size,XL,NOVA-NOVASUMMIT-GRE-XL,shopify,39,deny,manual,4099.00,,TRUE,TRUE,https://raw.githubusercontent.com/Shivam3-max/nova/main/import/images/nova-hoodie-grey.png,,,,,,,,
nova-summit-hoodie,,,,,,,Color,Grey,Size,XXL,NOVA-NOVASUMMIT-GRE-XXL,shopify,0,deny,manual,4099.00,,TRUE,TRUE,https://raw.githubusercontent.com/Shivam3-max/nova/main/import/images/nova-hoodie-grey.png,,,,,,,,
nova-performance-set,NOVA Performance Set,"<p>A hollow-core performance yarn performance set. Flatlock seams that sit under a pack strap. Sweat moves out; the fabric stays put.</p><p>Made in small batches, so no two pieces read exactly alike.</p>",NØVA,Activewear,"active, train, drop",TRUE,Color,Slate,Size,XS,NOVA-NOVAPERFOR-SLA-XS,shopify,105,deny,manual,5099.00,,TRUE,TRUE,https://raw.githubusercontent.com/Shivam3-max/nova/main/import/images/nova-activeset-slate.png,https://raw.githubusercontent.com/Shivam3-max/nova/main/import/images/nova-activeset-slate.png,1,NOVA Performance Set — Slate,active,DROP 01,Knitted with a hollow-core yarn that wicks without feeling slick.,activeset,"[{""name"":""Slate"",""swatch"":""#464d57"",""art"":""nova-activeset-slate""},{""name"":""Charcoal"",""swatch"":""#2c2d32"",""art"":""nova-activeset-charcoal""},{""name"":""Black"",""swatch"":""#131316"",""art"":""nova-activeset-black""}]"
nova-performance-set,,,,,,,Color,Slate,Size,S,NOVA-NOVAPERFOR-SLA-S,shopify,105,deny,manual,5099.00,,TRUE,TRUE,https://raw.githubusercontent.com/Shivam3-max/nova/main/import/images/nova-activeset-slate.png,https://raw.githubusercontent.com/Shivam3-max/nova/main/import/images/nova-activeset-charcoal.png,2,NOVA Performance Set — Charcoal,,,,,
nova-performance-set,,,,,,,Color,Slate,Size,M,NOVA-NOVAPERFOR-SLA-M,shopify,105,deny,manual,5099.00,,TRUE,TRUE,https://raw.githubusercontent.com/Shivam3-max/nova/main/import/images/nova-activeset-slate.png,https://raw.githubusercontent.com/Shivam3-max/nova/main/import/images/nova-activeset-black.png,3,NOVA Performance Set — Black,,,,,
nova-performance-set,,,,,,,Color,Slate,Size,L,NOVA-NOVAPERFOR-SLA-L,shopify,105,deny,manual,5099.00,,TRUE,TRUE,https://raw.githubusercontent.com/Shivam3-max/nova/main/import/images/nova-activeset-slate.png,,,,,,,,
nova-performance-set,,,,,,,Color,Slate,Size,XL,NOVA-NOVAPERFOR-SLA-XL,shopify,105,deny,manual,5099.00,,TRUE,TRUE,https://raw.githubusercontent.com/Shivam3-max/nova/main/import/images/nova-activeset-slate.png,,,,,,,,
nova-performance-set,,,,,,,Color,Slate,Size,XXL,NOVA-NOVAPERFOR-SLA-XXL,shopify,105,deny,manual,5099.00,,TRUE,TRUE,https://raw.githubusercontent.com/Shivam3-max/nova/main/import/images/nova-activeset-slate.png,,,,,,,,
nova-performance-set,,,,,,,Color,Charcoal,Size,XS,NOVA-NOVAPERFOR-CHA-XS,shopify,105,deny,manual,5099.00,,TRUE,TRUE,https://raw.githubusercontent.com/Shivam3-max/nova/main/import/images/nova-activeset-charcoal.png,,,,,,,,
nova-performance-set,,,,,,,Color,Charcoal,Size,S,NOVA-NOVAPERFOR-CHA-S,shopify,105,deny,manual,5099.00,,TRUE,TRUE,https://raw.githubusercontent.com/Shivam3-max/nova/main/import/images/nova-activeset-charcoal.png,,,,,,,,
nova-performance-set,,,,,,,Color,Charcoal,Size,M,NOVA-NOVAPERFOR-CHA-M,shopify,105,deny,manual,5099.00,,TRUE,TRUE,https://raw.githubusercontent.com/Shivam3-max/nova/main/import/images/nova-activeset-charcoal.png,,,,,,,,
nova-performance-set,,,,,,,Color,Charcoal,Size,L,NOVA-NOVAPERFOR-CHA-L,shopify,105,deny,manual,5099.00,,TRUE,TRUE,https://raw.githubusercontent.com/Shivam3-max/nova/main/import/images/nova-activeset-charcoal.png,,,,,,,,
nova-performance-set,,,,,,,Color,Charcoal,Size,XL,NOVA-NOVAPERFOR-CHA-XL,shopify,105,deny,manual,5099.00,,TRUE,TRUE,https://raw.githubusercontent.com/Shivam3-max/nova/main/import/images/nova-activeset-charcoal.png,,,,,,,,
nova-performance-set,,,,,,,Color,Charcoal,Size,XXL,NOVA-NOVAPERFOR-CHA-XXL,shopify,105,deny,manual,5099.00,,TRUE,TRUE,https://raw.githubusercontent.com/Shivam3-max/nova/main/import/images/nova-activeset-charcoal.png,,,,,,,,
nova-performance-set,,,,,,,Color,Black,Size,XS,NOVA-NOVAPERFOR-BLA-XS,shopify,105,deny,manual,5099.00,,TRUE,TRUE,https://raw.githubusercontent.com/Shivam3-max/nova/main/import/images/nova-activeset-black.png,,,,,,,,
nova-performance-set,,,,,,,Color,Black,Size,S,NOVA-NOVAPERFOR-BLA-S,shopify,105,deny,manual,5099.00,,TRUE,TRUE,https://raw.githubusercontent.com/Shivam3-max/nova/main/import/images/nova-activeset-black.png,,,,,,,,
nova-performance-set,,,,,,,Color,Black,Size,M,NOVA-NOVAPERFOR-BLA-M,shopify,105,deny,manual,5099.00,,TRUE,TRUE,https://raw.githubusercontent.com/Shivam3-max/nova/main/import/images/nova-activeset-black.png,,,,,,,,
nova-performance-set,,,,,,,Color,Black,Size,L,NOVA-NOVAPERFOR-BLA-L,shopify,105,deny,manual,5099.00,,TRUE,TRUE,https://raw.githubusercontent.com/Shivam3-max/nova/main/import/images/nova-activeset-black.png,,,,,,,,
nova-performance-set,,,,,,,Color,Black,Size,XL,NOVA-NOVAPERFOR-BLA-XL,shopify,105,deny,manual,5099.00,,TRUE,TRUE,https://raw.githubusercontent.com/Shivam3-max/nova/main/import/images/nova-activeset-black.png,,,,,,,,
nova-performance-set,,,,,,,Color,Black,Size,XXL,NOVA-NOVAPERFOR-BLA-XXL,shopify,0,deny,manual,5099.00,,TRUE,TRUE,https://raw.githubusercontent.com/Shivam3-max/nova/main/import/images/nova-activeset-black.png,,,,,,,,
nova-tessellate-performance-set,NOVA Tessellate Performance Set,"<p>A hollow-core performance yarn performance set. Flatlock seams that sit under a pack strap. Sweat moves out; the fabric stays put.</p><p>Made in small batches, so no two pieces read exactly alike.</p>",NØVA,Activewear,"active, train",TRUE,Color,Black,Size,XS,NOVA-NOVATESSEL-BLA-XS,shopify,67,deny,manual,5899.00,7399.00,TRUE,TRUE,https://raw.githubusercontent.com/Shivam3-max/nova/main/import/images/nova-activeset-black.png,https://raw.githubusercontent.com/Shivam3-max/nova/main/import/images/nova-activeset-black.png,1,NOVA Tessellate Performance Set — Black,active,,Knitted with a hollow-core yarn that wicks without feeling slick.,activeset,"[{""name"":""Black"",""swatch"":""#131316"",""art"":""nova-activeset-black""},{""name"":""Slate"",""swatch"":""#464d57"",""art"":""nova-activeset-slate""},{""name"":""Charcoal"",""swatch"":""#2c2d32"",""art"":""nova-activeset-charcoal""}]"
nova-tessellate-performance-set,,,,,,,Color,Black,Size,S,NOVA-NOVATESSEL-BLA-S,shopify,67,deny,manual,5899.00,7399.00,TRUE,TRUE,https://raw.githubusercontent.com/Shivam3-max/nova/main/import/images/nova-activeset-black.png,https://raw.githubusercontent.com/Shivam3-max/nova/main/import/images/nova-activeset-slate.png,2,NOVA Tessellate Performance Set — Slate,,,,,
nova-tessellate-performance-set,,,,,,,Color,Black,Size,M,NOVA-NOVATESSEL-BLA-M,shopify,67,deny,manual,5899.00,7399.00,TRUE,TRUE,https://raw.githubusercontent.com/Shivam3-max/nova/main/import/images/nova-activeset-black.png,https://raw.githubusercontent.com/Shivam3-max/nova/main/import/images/nova-activeset-charcoal.png,3,NOVA Tessellate Performance Set — Charcoal,,,,,
nova-tessellate-performance-set,,,,,,,Color,Black,Size,L,NOVA-NOVATESSEL-BLA-L,shopify,67,deny,manual,5899.00,7399.00,TRUE,TRUE,https://raw.githubusercontent.com/Shivam3-max/nova/main/import/images/nova-activeset-black.png,,,,,,,,
nova-tessellate-performance-set,,,,,,,Color,Black,Size,XL,NOVA-NOVATESSEL-BLA-XL,shopify,67,deny,manual,5899.00,7399.00,TRUE,TRUE,https://raw.githubusercontent.com/Shivam3-max/nova/main/import/images/nova-activeset-black.png,,,,,,,,
nova-tessellate-performance-set,,,,,,,Color,Black,Size,XXL,NOVA-NOVATESSEL-BLA-XXL,shopify,67,deny,manual,5899.00,7399.00,TRUE,TRUE,https://raw.githubusercontent.com/Shivam3-max/nova/main/import/images/nova-activeset-black.png,,,,,,,,
nova-tessellate-performance-set,,,,,,,Color,Slate,Size,XS,NOVA-NOVATESSEL-SLA-XS,shopify,67,deny,manual,5899.00,7399.00,TRUE,TRUE,https://raw.githubusercontent.com/Shivam3-max/nova/main/import/images/nova-activeset-slate.png,,,,,,,,
nova-tessellate-performance-set,,,,,,,Color,Slate,Size,S,NOVA-NOVATESSEL-SLA-S,shopify,67,deny,manual,5899.00,7399.00,TRUE,TRUE,https://raw.githubusercontent.com/Shivam3-max/nova/main/import/images/nova-activeset-slate.png,,,,,,,,
nova-tessellate-performance-set,,,,,,,Color,Slate,Size,M,NOVA-NOVATESSEL-SLA-M,shopify,67,deny,manual,5899.00,7399.00,TRUE,TRUE,https://raw.githubusercontent.com/Shivam3-max/nova/main/import/images/nova-activeset-slate.png,,,,,,,,
nova-tessellate-performance-set,,,,,,,Color,Slate,Size,L,NOVA-NOVATESSEL-SLA-L,shopify,67,deny,manual,5899.00,7399.00,TRUE,TRUE,https://raw.githubusercontent.com/Shivam3-max/nova/main/import/images/nova-activeset-slate.png,,,,,,,,
nova-tessellate-performance-set,,,,,,,Color,Slate,Size,XL,NOVA-NOVATESSEL-SLA-XL,shopify,67,deny,manual,5899.00,7399.00,TRUE,TRUE,https://raw.githubusercontent.com/Shivam3-max/nova/main/import/images/nova-activeset-slate.png,,,,,,,,
nova-tessellate-performance-set,,,,,,,Color,Slate,Size,XXL,NOVA-NOVATESSEL-SLA-XXL,shopify,67,deny,manual,5899.00,7399.00,TRUE,TRUE,https://raw.githubusercontent.com/Shivam3-max/nova/main/import/images/nova-activeset-slate.png,,,,,,,,
nova-tessellate-performance-set,,,,,,,Color,Charcoal,Size,XS,NOVA-NOVATESSEL-CHA-XS,shopify,67,deny,manual,5899.00,7399.00,TRUE,TRUE,https://raw.githubusercontent.com/Shivam3-max/nova/main/import/images/nova-activeset-charcoal.png,,,,,,,,
nova-tessellate-performance-set,,,,,,,Color,Charcoal,Size,S,NOVA-NOVATESSEL-CHA-S,shopify,67,deny,manual,5899.00,7399.00,TRUE,TRUE,https://raw.githubusercontent.com/Shivam3-max/nova/main/import/images/nova-activeset-charcoal.png,,,,,,,,
nova-tessellate-performance-set,,,,,,,Color,Charcoal,Size,M,NOVA-NOVATESSEL-CHA-M,shopify,67,deny,manual,5899.00,7399.00,TRUE,TRUE,https://raw.githubusercontent.com/Shivam3-max/nova/main/import/images/nova-activeset-charcoal.png,,,,,,,,
nova-tessellate-performance-set,,,,,,,Color,Charcoal,Size,L,NOVA-NOVATESSEL-CHA-L,shopify,67,deny,manual,5899.00,7399.00,TRUE,TRUE,https://raw.githubusercontent.com/Shivam3-max/nova/main/import/images/nova-activeset-charcoal.png,,,,,,,,
nova-tessellate-performance-set,,,,,,,Color,Charcoal,Size,XL,NOVA-NOVATESSEL-CHA-XL,shopify,67,deny,manual,5899.00,7399.00,TRUE,TRUE,https://raw.githubusercontent.com/Shivam3-max/nova/main/import/images/nova-activeset-charcoal.png,,,,,,,,
nova-tessellate-performance-set,,,,,,,Color,Charcoal,Size,XXL,NOVA-NOVATESSEL-CHA-XXL,shopify,0,deny,manual,5899.00,7399.00,TRUE,TRUE,https://raw.githubusercontent.com/Shivam3-max/nova/main/import/images/nova-activeset-charcoal.png,,,,,,,,
nova-umbra-performance-set,NOVA Umbra Performance Set,"<p>A four-way stretch knit performance set. Flatlock seams that sit under a pack strap. Sweat moves out; the fabric stays put.</p><p>Made in small batches, so no two pieces read exactly alike.</p>",NØVA,Activewear,"active, train",TRUE,Color,Charcoal,Size,XS,NOVA-NOVAUMBRAP-CHA-XS,shopify,74,deny,manual,4799.00,,TRUE,TRUE,https://raw.githubusercontent.com/Shivam3-max/nova/main/import/images/nova-activeset-charcoal.png,https://raw.githubusercontent.com/Shivam3-max/nova/main/import/images/nova-activeset-charcoal.png,1,NOVA Umbra Performance Set — Charcoal,active,,Knitted with a hollow-core yarn that wicks without feeling slick.,activeset,"[{""name"":""Charcoal"",""swatch"":""#2c2d32"",""art"":""nova-activeset-charcoal""},{""name"":""Black"",""swatch"":""#131316"",""art"":""nova-activeset-black""}]"
nova-umbra-performance-set,,,,,,,Color,Charcoal,Size,S,NOVA-NOVAUMBRAP-CHA-S,shopify,74,deny,manual,4799.00,,TRUE,TRUE,https://raw.githubusercontent.com/Shivam3-max/nova/main/import/images/nova-activeset-charcoal.png,https://raw.githubusercontent.com/Shivam3-max/nova/main/import/images/nova-activeset-black.png,2,NOVA Umbra Performance Set — Black,,,,,
nova-umbra-performance-set,,,,,,,Color,Charcoal,Size,M,NOVA-NOVAUMBRAP-CHA-M,shopify,74,deny,manual,4799.00,,TRUE,TRUE,https://raw.githubusercontent.com/Shivam3-max/nova/main/import/images/nova-activeset-charcoal.png,,,,,,,,
nova-umbra-performance-set,,,,,,,Color,Charcoal,Size,L,NOVA-NOVAUMBRAP-CHA-L,shopify,74,deny,manual,4799.00,,TRUE,TRUE,https://raw.githubusercontent.com/Shivam3-max/nova/main/import/images/nova-activeset-charcoal.png,,,,,,,,
nova-umbra-performance-set,,,,,,,Color,Charcoal,Size,XL,NOVA-NOVAUMBRAP-CHA-XL,shopify,74,deny,manual,4799.00,,TRUE,TRUE,https://raw.githubusercontent.com/Shivam3-max/nova/main/import/images/nova-activeset-charcoal.png,,,,,,,,
nova-umbra-performance-set,,,,,,,Color,Charcoal,Size,XXL,NOVA-NOVAUMBRAP-CHA-XXL,shopify,74,deny,manual,4799.00,,TRUE,TRUE,https://raw.githubusercontent.com/Shivam3-max/nova/main/import/images/nova-activeset-charcoal.png,,,,,,,,
nova-umbra-performance-set,,,,,,,Color,Black,Size,XS,NOVA-NOVAUMBRAP-BLA-XS,shopify,74,deny,manual,4799.00,,TRUE,TRUE,https://raw.githubusercontent.com/Shivam3-max/nova/main/import/images/nova-activeset-black.png,,,,,,,,
nova-umbra-performance-set,,,,,,,Color,Black,Size,S,NOVA-NOVAUMBRAP-BLA-S,shopify,74,deny,manual,4799.00,,TRUE,TRUE,https://raw.githubusercontent.com/Shivam3-max/nova/main/import/images/nova-activeset-black.png,,,,,,,,
nova-umbra-performance-set,,,,,,,Color,Black,Size,M,NOVA-NOVAUMBRAP-BLA-M,shopify,74,deny,manual,4799.00,,TRUE,TRUE,https://raw.githubusercontent.com/Shivam3-max/nova/main/import/images/nova-activeset-black.png,,,,,,,,
nova-umbra-performance-set,,,,,,,Color,Black,Size,L,NOVA-NOVAUMBRAP-BLA-L,shopify,74,deny,manual,4799.00,,TRUE,TRUE,https://raw.githubusercontent.com/Shivam3-max/nova/main/import/images/nova-activeset-black.png,,,,,,,,
nova-umbra-performance-set,,,,,,,Color,Black,Size,XL,NOVA-NOVAUMBRAP-BLA-XL,shopify,74,deny,manual,4799.00,,TRUE,TRUE,https://raw.githubusercontent.com/Shivam3-max/nova/main/import/images/nova-activeset-black.png,,,,,,,,
nova-umbra-performance-set,,,,,,,Color,Black,Size,XXL,NOVA-NOVAUMBRAP-BLA-XXL,shopify,0,deny,manual,4799.00,,TRUE,TRUE,https://raw.githubusercontent.com/Shivam3-max/nova/main/import/images/nova-activeset-black.png,,,,,,,,
nova-vantage-performance-set,NOVA Vantage Performance Set,"<p>A brushed compression jersey performance set. Flatlock seams that sit under a pack strap. Sweat moves out; the fabric stays put.</p><p>Made in small batches, so no two pieces read exactly alike.</p>",NØVA,Activewear,"active, train",TRUE,Color,Slate,Size,XS,NOVA-NOVAVANTAG-SLA-XS,shopify,76,deny,manual,5099.00,,TRUE,TRUE,https://raw.githubusercontent.com/Shivam3-max/nova/main/import/images/nova-activeset-slate.png,https://raw.githubusercontent.com/Shivam3-max/nova/main/import/images/nova-activeset-slate.png,1,NOVA Vantage Performance Set — Slate,active,,Knitted with a hollow-core yarn that wicks without feeling slick.,activeset,"[{""name"":""Slate"",""swatch"":""#464d57"",""art"":""nova-activeset-slate""},{""name"":""Charcoal"",""swatch"":""#2c2d32"",""art"":""nova-activeset-charcoal""},{""name"":""Black"",""swatch"":""#131316"",""art"":""nova-activeset-black""}]"
nova-vantage-performance-set,,,,,,,Color,Slate,Size,S,NOVA-NOVAVANTAG-SLA-S,shopify,76,deny,manual,5099.00,,TRUE,TRUE,https://raw.githubusercontent.com/Shivam3-max/nova/main/import/images/nova-activeset-slate.png,https://raw.githubusercontent.com/Shivam3-max/nova/main/import/images/nova-activeset-charcoal.png,2,NOVA Vantage Performance Set — Charcoal,,,,,
nova-vantage-performance-set,,,,,,,Color,Slate,Size,M,NOVA-NOVAVANTAG-SLA-M,shopify,76,deny,manual,5099.00,,TRUE,TRUE,https://raw.githubusercontent.com/Shivam3-max/nova/main/import/images/nova-activeset-slate.png,https://raw.githubusercontent.com/Shivam3-max/nova/main/import/images/nova-activeset-black.png,3,NOVA Vantage Performance Set — Black,,,,,
nova-vantage-performance-set,,,,,,,Color,Slate,Size,L,NOVA-NOVAVANTAG-SLA-L,shopify,76,deny,manual,5099.00,,TRUE,TRUE,https://raw.githubusercontent.com/Shivam3-max/nova/main/import/images/nova-activeset-slate.png,,,,,,,,
nova-vantage-performance-set,,,,,,,Color,Slate,Size,XL,NOVA-NOVAVANTAG-SLA-XL,shopify,76,deny,manual,5099.00,,TRUE,TRUE,https://raw.githubusercontent.com/Shivam3-max/nova/main/import/images/nova-activeset-slate.png,,,,,,,,
nova-vantage-performance-set,,,,,,,Color,Slate,Size,XXL,NOVA-NOVAVANTAG-SLA-XXL,shopify,76,deny,manual,5099.00,,TRUE,TRUE,https://raw.githubusercontent.com/Shivam3-max/nova/main/import/images/nova-activeset-slate.png,,,,,,,,
nova-vantage-performance-set,,,,,,,Color,Charcoal,Size,XS,NOVA-NOVAVANTAG-CHA-XS,shopify,76,deny,manual,5099.00,,TRUE,TRUE,https://raw.githubusercontent.com/Shivam3-max/nova/main/import/images/nova-activeset-charcoal.png,,,,,,,,
nova-vantage-performance-set,,,,,,,Color,Charcoal,Size,S,NOVA-NOVAVANTAG-CHA-S,shopify,76,deny,manual,5099.00,,TRUE,TRUE,https://raw.githubusercontent.com/Shivam3-max/nova/main/import/images/nova-activeset-charcoal.png,,,,,,,,
nova-vantage-performance-set,,,,,,,Color,Charcoal,Size,M,NOVA-NOVAVANTAG-CHA-M,shopify,76,deny,manual,5099.00,,TRUE,TRUE,https://raw.githubusercontent.com/Shivam3-max/nova/main/import/images/nova-activeset-charcoal.png,,,,,,,,
nova-vantage-performance-set,,,,,,,Color,Charcoal,Size,L,NOVA-NOVAVANTAG-CHA-L,shopify,76,deny,manual,5099.00,,TRUE,TRUE,https://raw.githubusercontent.com/Shivam3-max/nova/main/import/images/nova-activeset-charcoal.png,,,,,,,,
nova-vantage-performance-set,,,,,,,Color,Charcoal,Size,XL,NOVA-NOVAVANTAG-CHA-XL,shopify,76,deny,manual,5099.00,,TRUE,TRUE,https://raw.githubusercontent.com/Shivam3-max/nova/main/import/images/nova-activeset-charcoal.png,,,,,,,,
nova-vantage-performance-set,,,,,,,Color,Charcoal,Size,XXL,NOVA-NOVAVANTAG-CHA-XXL,shopify,76,deny,manual,5099.00,,TRUE,TRUE,https://raw.githubusercontent.com/Shivam3-max/nova/main/import/images/nova-activeset-charcoal.png,,,,,,,,
nova-vantage-performance-set,,,,,,,Color,Black,Size,XS,NOVA-NOVAVANTAG-BLA-XS,shopify,76,deny,manual,5099.00,,TRUE,TRUE,https://raw.githubusercontent.com/Shivam3-max/nova/main/import/images/nova-activeset-black.png,,,,,,,,
nova-vantage-performance-set,,,,,,,Color,Black,Size,S,NOVA-NOVAVANTAG-BLA-S,shopify,76,deny,manual,5099.00,,TRUE,TRUE,https://raw.githubusercontent.com/Shivam3-max/nova/main/import/images/nova-activeset-black.png,,,,,,,,
nova-vantage-performance-set,,,,,,,Color,Black,Size,M,NOVA-NOVAVANTAG-BLA-M,shopify,76,deny,manual,5099.00,,TRUE,TRUE,https://raw.githubusercontent.com/Shivam3-max/nova/main/import/images/nova-activeset-black.png,,,,,,,,
nova-vantage-performance-set,,,,,,,Color,Black,Size,L,NOVA-NOVAVANTAG-BLA-L,shopify,76,deny,manual,5099.00,,TRUE,TRUE,https://raw.githubusercontent.com/Shivam3-max/nova/main/import/images/nova-activeset-black.png,,,,,,,,
nova-vantage-performance-set,,,,,,,Color,Black,Size,XL,NOVA-NOVAVANTAG-BLA-XL,shopify,76,deny,manual,5099.00,,TRUE,TRUE,https://raw.githubusercontent.com/Shivam3-max/nova/main/import/images/nova-activeset-black.png,,,,,,,,
nova-vantage-performance-set,,,,,,,Color,Black,Size,XXL,NOVA-NOVAVANTAG-BLA-XXL,shopify,0,deny,manual,5099.00,,TRUE,TRUE,https://raw.githubusercontent.com/Shivam3-max/nova/main/import/images/nova-activeset-black.png,,,,,,,,
nova-warden-performance-set,NOVA Warden Performance Set,"<p>A hollow-core performance yarn performance set. Flatlock seams that sit under a pack strap. Sweat moves out; the fabric stays put.</p><p>Made in small batches, so no two pieces read exactly alike.</p>",NØVA,Activewear,"active, train",TRUE,Color,Slate,Size,XS,NOVA-NOVAWARDEN-SLA-XS,shopify,48,deny,manual,5399.00,,TRUE,TRUE,https://raw.githubusercontent.com/Shivam3-max/nova/main/import/images/nova-activeset-slate.png,https://raw.githubusercontent.com/Shivam3-max/nova/main/import/images/nova-activeset-slate.png,1,NOVA Warden Performance Set — Slate,active,NEW,Knitted with a hollow-core yarn that wicks without feeling slick.,activeset,"[{""name"":""Slate"",""swatch"":""#464d57"",""art"":""nova-activeset-slate""},{""name"":""Charcoal"",""swatch"":""#2c2d32"",""art"":""nova-activeset-charcoal""}]"
nova-warden-performance-set,,,,,,,Color,Slate,Size,S,NOVA-NOVAWARDEN-SLA-S,shopify,48,deny,manual,5399.00,,TRUE,TRUE,https://raw.githubusercontent.com/Shivam3-max/nova/main/import/images/nova-activeset-slate.png,https://raw.githubusercontent.com/Shivam3-max/nova/main/import/images/nova-activeset-charcoal.png,2,NOVA Warden Performance Set — Charcoal,,,,,
nova-warden-performance-set,,,,,,,Color,Slate,Size,M,NOVA-NOVAWARDEN-SLA-M,shopify,48,deny,manual,5399.00,,TRUE,TRUE,https://raw.githubusercontent.com/Shivam3-max/nova/main/import/images/nova-activeset-slate.png,,,,,,,,
nova-warden-performance-set,,,,,,,Color,Slate,Size,L,NOVA-NOVAWARDEN-SLA-L,shopify,48,deny,manual,5399.00,,TRUE,TRUE,https://raw.githubusercontent.com/Shivam3-max/nova/main/import/images/nova-activeset-slate.png,,,,,,,,
nova-warden-performance-set,,,,,,,Color,Slate,Size,XL,NOVA-NOVAWARDEN-SLA-XL,shopify,48,deny,manual,5399.00,,TRUE,TRUE,https://raw.githubusercontent.com/Shivam3-max/nova/main/import/images/nova-activeset-slate.png,,,,,,,,
nova-warden-performance-set,,,,,,,Color,Slate,Size,XXL,NOVA-NOVAWARDEN-SLA-XXL,shopify,48,deny,manual,5399.00,,TRUE,TRUE,https://raw.githubusercontent.com/Shivam3-max/nova/main/import/images/nova-activeset-slate.png,,,,,,,,
nova-warden-performance-set,,,,,,,Color,Charcoal,Size,XS,NOVA-NOVAWARDEN-CHA-XS,shopify,48,deny,manual,5399.00,,TRUE,TRUE,https://raw.githubusercontent.com/Shivam3-max/nova/main/import/images/nova-activeset-charcoal.png,,,,,,,,
nova-warden-performance-set,,,,,,,Color,Charcoal,Size,S,NOVA-NOVAWARDEN-CHA-S,shopify,48,deny,manual,5399.00,,TRUE,TRUE,https://raw.githubusercontent.com/Shivam3-max/nova/main/import/images/nova-activeset-charcoal.png,,,,,,,,
nova-warden-performance-set,,,,,,,Color,Charcoal,Size,M,NOVA-NOVAWARDEN-CHA-M,shopify,48,deny,manual,5399.00,,TRUE,TRUE,https://raw.githubusercontent.com/Shivam3-max/nova/main/import/images/nova-activeset-charcoal.png,,,,,,,,
nova-warden-performance-set,,,,,,,Color,Charcoal,Size,L,NOVA-NOVAWARDEN-CHA-L,shopify,48,deny,manual,5399.00,,TRUE,TRUE,https://raw.githubusercontent.com/Shivam3-max/nova/main/import/images/nova-activeset-charcoal.png,,,,,,,,
nova-warden-performance-set,,,,,,,Color,Charcoal,Size,XL,NOVA-NOVAWARDEN-CHA-XL,shopify,48,deny,manual,5399.00,,TRUE,TRUE,https://raw.githubusercontent.com/Shivam3-max/nova/main/import/images/nova-activeset-charcoal.png,,,,,,,,
nova-warden-performance-set,,,,,,,Color,Charcoal,Size,XXL,NOVA-NOVAWARDEN-CHA-XXL,shopify,0,deny,manual,5399.00,,TRUE,TRUE,https://raw.githubusercontent.com/Shivam3-max/nova/main/import/images/nova-activeset-charcoal.png,,,,,,,,
nova-axis-performance-set,NOVA Axis Performance Set,"<p>A four-way stretch knit performance set. Flatlock seams that sit under a pack strap. Sweat moves out; the fabric stays put.</p><p>Made in small batches, so no two pieces read exactly alike.</p>",NØVA,Activewear,"active, train",TRUE,Color,Charcoal,Size,XS,NOVA-NOVAAXISPE-CHA-XS,shopify,64,deny,manual,4199.00,,TRUE,TRUE,https://raw.githubusercontent.com/Shivam3-max/nova/main/import/images/nova-activeset-charcoal.png,https://raw.githubusercontent.com/Shivam3-max/nova/main/import/images/nova-activeset-charcoal.png,1,NOVA Axis Performance Set — Charcoal,active,,Knitted with a hollow-core yarn that wicks without feeling slick.,activeset,"[{""name"":""Charcoal"",""swatch"":""#2c2d32"",""art"":""nova-activeset-charcoal""},{""name"":""Black"",""swatch"":""#131316"",""art"":""nova-activeset-black""}]"
nova-axis-performance-set,,,,,,,Color,Charcoal,Size,S,NOVA-NOVAAXISPE-CHA-S,shopify,64,deny,manual,4199.00,,TRUE,TRUE,https://raw.githubusercontent.com/Shivam3-max/nova/main/import/images/nova-activeset-charcoal.png,https://raw.githubusercontent.com/Shivam3-max/nova/main/import/images/nova-activeset-black.png,2,NOVA Axis Performance Set — Black,,,,,
nova-axis-performance-set,,,,,,,Color,Charcoal,Size,M,NOVA-NOVAAXISPE-CHA-M,shopify,64,deny,manual,4199.00,,TRUE,TRUE,https://raw.githubusercontent.com/Shivam3-max/nova/main/import/images/nova-activeset-charcoal.png,,,,,,,,
nova-axis-performance-set,,,,,,,Color,Charcoal,Size,L,NOVA-NOVAAXISPE-CHA-L,shopify,64,deny,manual,4199.00,,TRUE,TRUE,https://raw.githubusercontent.com/Shivam3-max/nova/main/import/images/nova-activeset-charcoal.png,,,,,,,,
nova-axis-performance-set,,,,,,,Color,Charcoal,Size,XL,NOVA-NOVAAXISPE-CHA-XL,shopify,64,deny,manual,4199.00,,TRUE,TRUE,https://raw.githubusercontent.com/Shivam3-max/nova/main/import/images/nova-activeset-charcoal.png,,,,,,,,
nova-axis-performance-set,,,,,,,Color,Charcoal,Size,XXL,NOVA-NOVAAXISPE-CHA-XXL,shopify,64,deny,manual,4199.00,,TRUE,TRUE,https://raw.githubusercontent.com/Shivam3-max/nova/main/import/images/nova-activeset-charcoal.png,,,,,,,,
nova-axis-performance-set,,,,,,,Color,Black,Size,XS,NOVA-NOVAAXISPE-BLA-XS,shopify,64,deny,manual,4199.00,,TRUE,TRUE,https://raw.githubusercontent.com/Shivam3-max/nova/main/import/images/nova-activeset-black.png,,,,,,,,
nova-axis-performance-set,,,,,,,Color,Black,Size,S,NOVA-NOVAAXISPE-BLA-S,shopify,64,deny,manual,4199.00,,TRUE,TRUE,https://raw.githubusercontent.com/Shivam3-max/nova/main/import/images/nova-activeset-black.png,,,,,,,,
nova-axis-performance-set,,,,,,,Color,Black,Size,M,NOVA-NOVAAXISPE-BLA-M,shopify,64,deny,manual,4199.00,,TRUE,TRUE,https://raw.githubusercontent.com/Shivam3-max/nova/main/import/images/nova-activeset-black.png,,,,,,,,
nova-axis-performance-set,,,,,,,Color,Black,Size,L,NOVA-NOVAAXISPE-BLA-L,shopify,64,deny,manual,4199.00,,TRUE,TRUE,https://raw.githubusercontent.com/Shivam3-max/nova/main/import/images/nova-activeset-black.png,,,,,,,,
nova-axis-performance-set,,,,,,,Color,Black,Size,XL,NOVA-NOVAAXISPE-BLA-XL,shopify,64,deny,manual,4199.00,,TRUE,TRUE,https://raw.githubusercontent.com/Shivam3-max/nova/main/import/images/nova-activeset-black.png,,,,,,,,
nova-axis-performance-set,,,,,,,Color,Black,Size,XXL,NOVA-NOVAAXISPE-BLA-XXL,shopify,0,deny,manual,4199.00,,TRUE,TRUE,https://raw.githubusercontent.com/Shivam3-max/nova/main/import/images/nova-activeset-black.png,,,,,,,,
nova-beacon-performance-set,NOVA Beacon Performance Set,"<p>A four-way stretch knit performance set. Flatlock seams that sit under a pack strap. Sweat moves out; the fabric stays put.</p><p>Made in small batches, so no two pieces read exactly alike.</p>",NØVA,Activewear,"active, train",TRUE,Color,Slate,Size,XS,NOVA-NOVABEACON-SLA-XS,shopify,42,deny,manual,5899.00,,TRUE,TRUE,https://raw.githubusercontent.com/Shivam3-max/nova/main/import/images/nova-activeset-slate.png,https://raw.githubusercontent.com/Shivam3-max/nova/main/import/images/nova-activeset-slate.png,1,NOVA Beacon Performance Set — Slate,active,,Knitted with a hollow-core yarn that wicks without feeling slick.,activeset,"[{""name"":""Slate"",""swatch"":""#464d57"",""art"":""nova-activeset-slate""},{""name"":""Charcoal"",""swatch"":""#2c2d32"",""art"":""nova-activeset-charcoal""},{""name"":""Black"",""swatch"":""#131316"",""art"":""nova-activeset-black""}]"
nova-beacon-performance-set,,,,,,,Color,Slate,Size,S,NOVA-NOVABEACON-SLA-S,shopify,42,deny,manual,5899.00,,TRUE,TRUE,https://raw.githubusercontent.com/Shivam3-max/nova/main/import/images/nova-activeset-slate.png,https://raw.githubusercontent.com/Shivam3-max/nova/main/import/images/nova-activeset-charcoal.png,2,NOVA Beacon Performance Set — Charcoal,,,,,
nova-beacon-performance-set,,,,,,,Color,Slate,Size,M,NOVA-NOVABEACON-SLA-M,shopify,42,deny,manual,5899.00,,TRUE,TRUE,https://raw.githubusercontent.com/Shivam3-max/nova/main/import/images/nova-activeset-slate.png,https://raw.githubusercontent.com/Shivam3-max/nova/main/import/images/nova-activeset-black.png,3,NOVA Beacon Performance Set — Black,,,,,
nova-beacon-performance-set,,,,,,,Color,Slate,Size,L,NOVA-NOVABEACON-SLA-L,shopify,42,deny,manual,5899.00,,TRUE,TRUE,https://raw.githubusercontent.com/Shivam3-max/nova/main/import/images/nova-activeset-slate.png,,,,,,,,
nova-beacon-performance-set,,,,,,,Color,Slate,Size,XL,NOVA-NOVABEACON-SLA-XL,shopify,42,deny,manual,5899.00,,TRUE,TRUE,https://raw.githubusercontent.com/Shivam3-max/nova/main/import/images/nova-activeset-slate.png,,,,,,,,
nova-beacon-performance-set,,,,,,,Color,Slate,Size,XXL,NOVA-NOVABEACON-SLA-XXL,shopify,42,deny,manual,5899.00,,TRUE,TRUE,https://raw.githubusercontent.com/Shivam3-max/nova/main/import/images/nova-activeset-slate.png,,,,,,,,
nova-beacon-performance-set,,,,,,,Color,Charcoal,Size,XS,NOVA-NOVABEACON-CHA-XS,shopify,42,deny,manual,5899.00,,TRUE,TRUE,https://raw.githubusercontent.com/Shivam3-max/nova/main/import/images/nova-activeset-charcoal.png,,,,,,,,
nova-beacon-performance-set,,,,,,,Color,Charcoal,Size,S,NOVA-NOVABEACON-CHA-S,shopify,42,deny,manual,5899.00,,TRUE,TRUE,https://raw.githubusercontent.com/Shivam3-max/nova/main/import/images/nova-activeset-charcoal.png,,,,,,,,
nova-beacon-performance-set,,,,,,,Color,Charcoal,Size,M,NOVA-NOVABEACON-CHA-M,shopify,42,deny,manual,5899.00,,TRUE,TRUE,https://raw.githubusercontent.com/Shivam3-max/nova/main/import/images/nova-activeset-charcoal.png,,,,,,,,
nova-beacon-performance-set,,,,,,,Color,Charcoal,Size,L,NOVA-NOVABEACON-CHA-L,shopify,42,deny,manual,5899.00,,TRUE,TRUE,https://raw.githubusercontent.com/Shivam3-max/nova/main/import/images/nova-activeset-charcoal.png,,,,,,,,
nova-beacon-performance-set,,,,,,,Color,Charcoal,Size,XL,NOVA-NOVABEACON-CHA-XL,shopify,42,deny,manual,5899.00,,TRUE,TRUE,https://raw.githubusercontent.com/Shivam3-max/nova/main/import/images/nova-activeset-charcoal.png,,,,,,,,
nova-beacon-performance-set,,,,,,,Color,Charcoal,Size,XXL,NOVA-NOVABEACON-CHA-XXL,shopify,42,deny,manual,5899.00,,TRUE,TRUE,https://raw.githubusercontent.com/Shivam3-max/nova/main/import/images/nova-activeset-charcoal.png,,,,,,,,
nova-beacon-performance-set,,,,,,,Color,Black,Size,XS,NOVA-NOVABEACON-BLA-XS,shopify,42,deny,manual,5899.00,,TRUE,TRUE,https://raw.githubusercontent.com/Shivam3-max/nova/main/import/images/nova-activeset-black.png,,,,,,,,
nova-beacon-performance-set,,,,,,,Color,Black,Size,S,NOVA-NOVABEACON-BLA-S,shopify,42,deny,manual,5899.00,,TRUE,TRUE,https://raw.githubusercontent.com/Shivam3-max/nova/main/import/images/nova-activeset-black.png,,,,,,,,
nova-beacon-performance-set,,,,,,,Color,Black,Size,M,NOVA-NOVABEACON-BLA-M,shopify,42,deny,manual,5899.00,,TRUE,TRUE,https://raw.githubusercontent.com/Shivam3-max/nova/main/import/images/nova-activeset-black.png,,,,,,,,
nova-beacon-performance-set,,,,,,,Color,Black,Size,L,NOVA-NOVABEACON-BLA-L,shopify,42,deny,manual,5899.00,,TRUE,TRUE,https://raw.githubusercontent.com/Shivam3-max/nova/main/import/images/nova-activeset-black.png,,,,,,,,
nova-beacon-performance-set,,,,,,,Color,Black,Size,XL,NOVA-NOVABEACON-BLA-XL,shopify,42,deny,manual,5899.00,,TRUE,TRUE,https://raw.githubusercontent.com/Shivam3-max/nova/main/import/images/nova-activeset-black.png,,,,,,,,
nova-beacon-performance-set,,,,,,,Color,Black,Size,XXL,NOVA-NOVABEACON-BLA-XXL,shopify,0,deny,manual,5899.00,,TRUE,TRUE,https://raw.githubusercontent.com/Shivam3-max/nova/main/import/images/nova-activeset-black.png,,,,,,,,
nova-contour-tee,NOVA Contour Tee,"<p>A 240 GSM combed cotton tee. Tubular body, ribbed collar that stays flat, cut boxy but never cropped.</p><p>Made in small batches, so no two pieces read exactly alike.</p>",NØVA,T-Shirt,"active, run, limited",TRUE,Color,Black,Size,XS,NOVA-NOVACONTOU-BLA-XS,shopify,30,deny,manual,2299.00,2899.00,TRUE,TRUE,https://raw.githubusercontent.com/Shivam3-max/nova/main/import/images/nova-tee-black.png,https://raw.githubusercontent.com/Shivam3-max/nova/main/import/images/nova-tee-black.png,1,NOVA Contour Tee — Black,active,LIMITED,"Combed and ring-spun, pre-shrunk twice, so the length you buy is the length you keep.",tee,"[{""name"":""Black"",""swatch"":""#131316"",""art"":""nova-tee-black""},{""name"":""Slate"",""swatch"":""#464d57"",""art"":""nova-tee-slate""},{""name"":""Grey"",""swatch"":""#8a8c92"",""art"":""nova-tee-grey""}]"
nova-contour-tee,,,,,,,Color,Black,Size,S,NOVA-NOVACONTOU-BLA-S,shopify,30,deny,manual,2299.00,2899.00,TRUE,TRUE,https://raw.githubusercontent.com/Shivam3-max/nova/main/import/images/nova-tee-black.png,https://raw.githubusercontent.com/Shivam3-max/nova/main/import/images/nova-tee-slate.png,2,NOVA Contour Tee — Slate,,,,,
nova-contour-tee,,,,,,,Color,Black,Size,M,NOVA-NOVACONTOU-BLA-M,shopify,30,deny,manual,2299.00,2899.00,TRUE,TRUE,https://raw.githubusercontent.com/Shivam3-max/nova/main/import/images/nova-tee-black.png,https://raw.githubusercontent.com/Shivam3-max/nova/main/import/images/nova-tee-grey.png,3,NOVA Contour Tee — Grey,,,,,
nova-contour-tee,,,,,,,Color,Black,Size,L,NOVA-NOVACONTOU-BLA-L,shopify,30,deny,manual,2299.00,2899.00,TRUE,TRUE,https://raw.githubusercontent.com/Shivam3-max/nova/main/import/images/nova-tee-black.png,,,,,,,,
nova-contour-tee,,,,,,,Color,Black,Size,XL,NOVA-NOVACONTOU-BLA-XL,shopify,30,deny,manual,2299.00,2899.00,TRUE,TRUE,https://raw.githubusercontent.com/Shivam3-max/nova/main/import/images/nova-tee-black.png,,,,,,,,
nova-contour-tee,,,,,,,Color,Black,Size,XXL,NOVA-NOVACONTOU-BLA-XXL,shopify,30,deny,manual,2299.00,2899.00,TRUE,TRUE,https://raw.githubusercontent.com/Shivam3-max/nova/main/import/images/nova-tee-black.png,,,,,,,,
nova-contour-tee,,,,,,,Color,Slate,Size,XS,NOVA-NOVACONTOU-SLA-XS,shopify,30,deny,manual,2299.00,2899.00,TRUE,TRUE,https://raw.githubusercontent.com/Shivam3-max/nova/main/import/images/nova-tee-slate.png,,,,,,,,
nova-contour-tee,,,,,,,Color,Slate,Size,S,NOVA-NOVACONTOU-SLA-S,shopify,30,deny,manual,2299.00,2899.00,TRUE,TRUE,https://raw.githubusercontent.com/Shivam3-max/nova/main/import/images/nova-tee-slate.png,,,,,,,,
nova-contour-tee,,,,,,,Color,Slate,Size,M,NOVA-NOVACONTOU-SLA-M,shopify,30,deny,manual,2299.00,2899.00,TRUE,TRUE,https://raw.githubusercontent.com/Shivam3-max/nova/main/import/images/nova-tee-slate.png,,,,,,,,
nova-contour-tee,,,,,,,Color,Slate,Size,L,NOVA-NOVACONTOU-SLA-L,shopify,30,deny,manual,2299.00,2899.00,TRUE,TRUE,https://raw.githubusercontent.com/Shivam3-max/nova/main/import/images/nova-tee-slate.png,,,,,,,,
nova-contour-tee,,,,,,,Color,Slate,Size,XL,NOVA-NOVACONTOU-SLA-XL,shopify,30,deny,manual,2299.00,2899.00,TRUE,TRUE,https://raw.githubusercontent.com/Shivam3-max/nova/main/import/images/nova-tee-slate.png,,,,,,,,
nova-contour-tee,,,,,,,Color,Slate,Size,XXL,NOVA-NOVACONTOU-SLA-XXL,shopify,30,deny,manual,2299.00,2899.00,TRUE,TRUE,https://raw.githubusercontent.com/Shivam3-max/nova/main/import/images/nova-tee-slate.png,,,,,,,,
nova-contour-tee,,,,,,,Color,Grey,Size,XS,NOVA-NOVACONTOU-GRE-XS,shopify,30,deny,manual,2299.00,2899.00,TRUE,TRUE,https://raw.githubusercontent.com/Shivam3-max/nova/main/import/images/nova-tee-grey.png,,,,,,,,
nova-contour-tee,,,,,,,Color,Grey,Size,S,NOVA-NOVACONTOU-GRE-S,shopify,30,deny,manual,2299.00,2899.00,TRUE,TRUE,https://raw.githubusercontent.com/Shivam3-max/nova/main/import/images/nova-tee-grey.png,,,,,,,,
nova-contour-tee,,,,,,,Color,Grey,Size,M,NOVA-NOVACONTOU-GRE-M,shopify,30,deny,manual,2299.00,2899.00,TRUE,TRUE,https://raw.githubusercontent.com/Shivam3-max/nova/main/import/images/nova-tee-grey.png,,,,,,,,
nova-contour-tee,,,,,,,Color,Grey,Size,L,NOVA-NOVACONTOU-GRE-L,shopify,30,deny,manual,2299.00,2899.00,TRUE,TRUE,https://raw.githubusercontent.com/Shivam3-max/nova/main/import/images/nova-tee-grey.png,,,,,,,,
nova-contour-tee,,,,,,,Color,Grey,Size,XL,NOVA-NOVACONTOU-GRE-XL,shopify,30,deny,manual,2299.00,2899.00,TRUE,TRUE,https://raw.githubusercontent.com/Shivam3-max/nova/main/import/images/nova-tee-grey.png,,,,,,,,
nova-contour-tee,,,,,,,Color,Grey,Size,XXL,NOVA-NOVACONTOU-GRE-XXL,shopify,0,deny,manual,2299.00,2899.00,TRUE,TRUE,https://raw.githubusercontent.com/Shivam3-max/nova/main/import/images/nova-tee-grey.png,,,,,,,,
nova-datum-tee,NOVA Datum Tee,"<p>A compact-spun supima tee. Tubular body, ribbed collar that stays flat, cut boxy but never cropped.</p><p>Made in small batches, so no two pieces read exactly alike.</p>",NØVA,T-Shirt,"active, run",TRUE,Color,Black,Size,XS,NOVA-NOVADATUMT-BLA-XS,shopify,82,deny,manual,2299.00,2899.00,TRUE,TRUE,https://raw.githubusercontent.com/Shivam3-max/nova/main/import/images/nova-tee-black.png,https://raw.githubusercontent.com/Shivam3-max/nova/main/import/images/nova-tee-black.png,1,NOVA Datum Tee — Black,active,,"Combed and ring-spun, pre-shrunk twice, so the length you buy is the length you keep.",tee,"[{""name"":""Black"",""swatch"":""#131316"",""art"":""nova-tee-black""},{""name"":""Slate"",""swatch"":""#464d57"",""art"":""nova-tee-slate""}]"
nova-datum-tee,,,,,,,Color,Black,Size,S,NOVA-NOVADATUMT-BLA-S,shopify,82,deny,manual,2299.00,2899.00,TRUE,TRUE,https://raw.githubusercontent.com/Shivam3-max/nova/main/import/images/nova-tee-black.png,https://raw.githubusercontent.com/Shivam3-max/nova/main/import/images/nova-tee-slate.png,2,NOVA Datum Tee — Slate,,,,,
nova-datum-tee,,,,,,,Color,Black,Size,M,NOVA-NOVADATUMT-BLA-M,shopify,82,deny,manual,2299.00,2899.00,TRUE,TRUE,https://raw.githubusercontent.com/Shivam3-max/nova/main/import/images/nova-tee-black.png,,,,,,,,
nova-datum-tee,,,,,,,Color,Black,Size,L,NOVA-NOVADATUMT-BLA-L,shopify,82,deny,manual,2299.00,2899.00,TRUE,TRUE,https://raw.githubusercontent.com/Shivam3-max/nova/main/import/images/nova-tee-black.png,,,,,,,,
nova-datum-tee,,,,,,,Color,Black,Size,XL,NOVA-NOVADATUMT-BLA-XL,shopify,82,deny,manual,2299.00,2899.00,TRUE,TRUE,https://raw.githubusercontent.com/Shivam3-max/nova/main/import/images/nova-tee-black.png,,,,,,,,
nova-datum-tee,,,,,,,Color,Black,Size,XXL,NOVA-NOVADATUMT-BLA-XXL,shopify,82,deny,manual,2299.00,2899.00,TRUE,TRUE,https://raw.githubusercontent.com/Shivam3-max/nova/main/import/images/nova-tee-black.png,,,,,,,,
nova-datum-tee,,,,,,,Color,Slate,Size,XS,NOVA-NOVADATUMT-SLA-XS,shopify,82,deny,manual,2299.00,2899.00,TRUE,TRUE,https://raw.githubusercontent.com/Shivam3-max/nova/main/import/images/nova-tee-slate.png,,,,,,,,
nova-datum-tee,,,,,,,Color,Slate,Size,S,NOVA-NOVADATUMT-SLA-S,shopify,82,deny,manual,2299.00,2899.00,TRUE,TRUE,https://raw.githubusercontent.com/Shivam3-max/nova/main/import/images/nova-tee-slate.png,,,,,,,,
nova-datum-tee,,,,,,,Color,Slate,Size,M,NOVA-NOVADATUMT-SLA-M,shopify,82,deny,manual,2299.00,2899.00,TRUE,TRUE,https://raw.githubusercontent.com/Shivam3-max/nova/main/import/images/nova-tee-slate.png,,,,,,,,
nova-datum-tee,,,,,,,Color,Slate,Size,L,NOVA-NOVADATUMT-SLA-L,shopify,82,deny,manual,2299.00,2899.00,TRUE,TRUE,https://raw.githubusercontent.com/Shivam3-max/nova/main/import/images/nova-tee-slate.png,,,,,,,,
nova-datum-tee,,,,,,,Color,Slate,Size,XL,NOVA-NOVADATUMT-SLA-XL,shopify,82,deny,manual,2299.00,2899.00,TRUE,TRUE,https://raw.githubusercontent.com/Shivam3-max/nova/main/import/images/nova-tee-slate.png,,,,,,,,
nova-datum-tee,,,,,,,Color,Slate,Size,XXL,NOVA-NOVADATUMT-SLA-XXL,shopify,0,deny,manual,2299.00,2899.00,TRUE,TRUE,https://raw.githubusercontent.com/Shivam3-max/nova/main/import/images/nova-tee-slate.png,,,,,,,,
nova-element-tee,NOVA Element Tee,"<p>A 210 GSM slub jersey tee. Tubular body, ribbed collar that stays flat, cut boxy but never cropped.</p><p>Made in small batches, so no two pieces read exactly alike.</p>",NØVA,T-Shirt,"active, run, drop",TRUE,Color,Grey,Size,XS,NOVA-NOVAELEMEN-GRE-XS,shopify,98,deny,manual,1999.00,2499.00,TRUE,TRUE,https://raw.githubusercontent.com/Shivam3-max/nova/main/import/images/nova-tee-grey.png,https://raw.githubusercontent.com/Shivam3-max/nova/main/import/images/nova-tee-grey.png,1,NOVA Element Tee — Grey,active,DROP 01,"Combed and ring-spun, pre-shrunk twice, so the length you buy is the length you keep.",tee,"[{""name"":""Grey"",""swatch"":""#8a8c92"",""art"":""nova-tee-grey""},{""name"":""Black"",""swatch"":""#131316"",""art"":""nova-tee-black""},{""name"":""Slate"",""swatch"":""#464d57"",""art"":""nova-tee-slate""}]"
nova-element-tee,,,,,,,Color,Grey,Size,S,NOVA-NOVAELEMEN-GRE-S,shopify,98,deny,manual,1999.00,2499.00,TRUE,TRUE,https://raw.githubusercontent.com/Shivam3-max/nova/main/import/images/nova-tee-grey.png,https://raw.githubusercontent.com/Shivam3-max/nova/main/import/images/nova-tee-black.png,2,NOVA Element Tee — Black,,,,,
nova-element-tee,,,,,,,Color,Grey,Size,M,NOVA-NOVAELEMEN-GRE-M,shopify,98,deny,manual,1999.00,2499.00,TRUE,TRUE,https://raw.githubusercontent.com/Shivam3-max/nova/main/import/images/nova-tee-grey.png,https://raw.githubusercontent.com/Shivam3-max/nova/main/import/images/nova-tee-slate.png,3,NOVA Element Tee — Slate,,,,,
nova-element-tee,,,,,,,Color,Grey,Size,L,NOVA-NOVAELEMEN-GRE-L,shopify,98,deny,manual,1999.00,2499.00,TRUE,TRUE,https://raw.githubusercontent.com/Shivam3-max/nova/main/import/images/nova-tee-grey.png,,,,,,,,
nova-element-tee,,,,,,,Color,Grey,Size,XL,NOVA-NOVAELEMEN-GRE-XL,shopify,98,deny,manual,1999.00,2499.00,TRUE,TRUE,https://raw.githubusercontent.com/Shivam3-max/nova/main/import/images/nova-tee-grey.png,,,,,,,,
nova-element-tee,,,,,,,Color,Grey,Size,XXL,NOVA-NOVAELEMEN-GRE-XXL,shopify,98,deny,manual,1999.00,2499.00,TRUE,TRUE,https://raw.githubusercontent.com/Shivam3-max/nova/main/import/images/nova-tee-grey.png,,,,,,,,
nova-element-tee,,,,,,,Color,Black,Size,XS,NOVA-NOVAELEMEN-BLA-XS,shopify,98,deny,manual,1999.00,2499.00,TRUE,TRUE,https://raw.githubusercontent.com/Shivam3-max/nova/main/import/images/nova-tee-black.png,,,,,,,,
nova-element-tee,,,,,,,Color,Black,Size,S,NOVA-NOVAELEMEN-BLA-S,shopify,98,deny,manual,1999.00,2499.00,TRUE,TRUE,https://raw.githubusercontent.com/Shivam3-max/nova/main/import/images/nova-tee-black.png,,,,,,,,
nova-element-tee,,,,,,,Color,Black,Size,M,NOVA-NOVAELEMEN-BLA-M,shopify,98,deny,manual,1999.00,2499.00,TRUE,TRUE,https://raw.githubusercontent.com/Shivam3-max/nova/main/import/images/nova-tee-black.png,,,,,,,,
nova-element-tee,,,,,,,Color,Black,Size,L,NOVA-NOVAELEMEN-BLA-L,shopify,98,deny,manual,1999.00,2499.00,TRUE,TRUE,https://raw.githubusercontent.com/Shivam3-max/nova/main/import/images/nova-tee-black.png,,,,,,,,
nova-element-tee,,,,,,,Color,Black,Size,XL,NOVA-NOVAELEMEN-BLA-XL,shopify,98,deny,manual,1999.00,2499.00,TRUE,TRUE,https://raw.githubusercontent.com/Shivam3-max/nova/main/import/images/nova-tee-black.png,,,,,,,,
nova-element-tee,,,,,,,Color,Black,Size,XXL,NOVA-NOVAELEMEN-BLA-XXL,shopify,98,deny,manual,1999.00,2499.00,TRUE,TRUE,https://raw.githubusercontent.com/Shivam3-max/nova/main/import/images/nova-tee-black.png,,,,,,,,
nova-element-tee,,,,,,,Color,Slate,Size,XS,NOVA-NOVAELEMEN-SLA-XS,shopify,98,deny,manual,1999.00,2499.00,TRUE,TRUE,https://raw.githubusercontent.com/Shivam3-max/nova/main/import/images/nova-tee-slate.png,,,,,,,,
nova-element-tee,,,,,,,Color,Slate,Size,S,NOVA-NOVAELEMEN-SLA-S,shopify,98,deny,manual,1999.00,2499.00,TRUE,TRUE,https://raw.githubusercontent.com/Shivam3-max/nova/main/import/images/nova-tee-slate.png,,,,,,,,
nova-element-tee,,,,,,,Color,Slate,Size,M,NOVA-NOVAELEMEN-SLA-M,shopify,98,deny,manual,1999.00,2499.00,TRUE,TRUE,https://raw.githubusercontent.com/Shivam3-max/nova/main/import/images/nova-tee-slate.png,,,,,,,,
nova-element-tee,,,,,,,Color,Slate,Size,L,NOVA-NOVAELEMEN-SLA-L,shopify,98,deny,manual,1999.00,2499.00,TRUE,TRUE,https://raw.githubusercontent.com/Shivam3-max/nova/main/import/images/nova-tee-slate.png,,,,,,,,
nova-element-tee,,,,,,,Color,Slate,Size,XL,NOVA-NOVAELEMEN-SLA-XL,shopify,98,deny,manual,1999.00,2499.00,TRUE,TRUE,https://raw.githubusercontent.com/Shivam3-max/nova/main/import/images/nova-tee-slate.png,,,,,,,,
nova-element-tee,,,,,,,Color,Slate,Size,XXL,NOVA-NOVAELEMEN-SLA-XXL,shopify,0,deny,manual,1999.00,2499.00,TRUE,TRUE,https://raw.githubusercontent.com/Shivam3-max/nova/main/import/images/nova-tee-slate.png,,,,,,,,
nova-fathom-tee,NOVA Fathom Tee,"<p>A 210 GSM slub jersey tee. Tubular body, ribbed collar that stays flat, cut boxy but never cropped.</p><p>Made in small batches, so no two pieces read exactly alike.</p>",NØVA,T-Shirt,"active, run",TRUE,Color,Grey,Size,XS,NOVA-NOVAFATHOM-GRE-XS,shopify,93,deny,manual,2399.00,,TRUE,TRUE,https://raw.githubusercontent.com/Shivam3-max/nova/main/import/images/nova-tee-grey.png,https://raw.githubusercontent.com/Shivam3-max/nova/main/import/images/nova-tee-grey.png,1,NOVA Fathom Tee — Grey,active,,"Combed and ring-spun, pre-shrunk twice, so the length you buy is the length you keep.",tee,"[{""name"":""Grey"",""swatch"":""#8a8c92"",""art"":""nova-tee-grey""},{""name"":""Black"",""swatch"":""#131316"",""art"":""nova-tee-black""}]"
nova-fathom-tee,,,,,,,Color,Grey,Size,S,NOVA-NOVAFATHOM-GRE-S,shopify,93,deny,manual,2399.00,,TRUE,TRUE,https://raw.githubusercontent.com/Shivam3-max/nova/main/import/images/nova-tee-grey.png,https://raw.githubusercontent.com/Shivam3-max/nova/main/import/images/nova-tee-black.png,2,NOVA Fathom Tee — Black,,,,,
nova-fathom-tee,,,,,,,Color,Grey,Size,M,NOVA-NOVAFATHOM-GRE-M,shopify,93,deny,manual,2399.00,,TRUE,TRUE,https://raw.githubusercontent.com/Shivam3-max/nova/main/import/images/nova-tee-grey.png,,,,,,,,
nova-fathom-tee,,,,,,,Color,Grey,Size,L,NOVA-NOVAFATHOM-GRE-L,shopify,93,deny,manual,2399.00,,TRUE,TRUE,https://raw.githubusercontent.com/Shivam3-max/nova/main/import/images/nova-tee-grey.png,,,,,,,,
nova-fathom-tee,,,,,,,Color,Grey,Size,XL,NOVA-NOVAFATHOM-GRE-XL,shopify,93,deny,manual,2399.00,,TRUE,TRUE,https://raw.githubusercontent.com/Shivam3-max/nova/main/import/images/nova-tee-grey.png,,,,,,,,
nova-fathom-tee,,,,,,,Color,Grey,Size,XXL,NOVA-NOVAFATHOM-GRE-XXL,shopify,93,deny,manual,2399.00,,TRUE,TRUE,https://raw.githubusercontent.com/Shivam3-max/nova/main/import/images/nova-tee-grey.png,,,,,,,,
nova-fathom-tee,,,,,,,Color,Black,Size,XS,NOVA-NOVAFATHOM-BLA-XS,shopify,93,deny,manual,2399.00,,TRUE,TRUE,https://raw.githubusercontent.com/Shivam3-max/nova/main/import/images/nova-tee-black.png,,,,,,,,
nova-fathom-tee,,,,,,,Color,Black,Size,S,NOVA-NOVAFATHOM-BLA-S,shopify,93,deny,manual,2399.00,,TRUE,TRUE,https://raw.githubusercontent.com/Shivam3-max/nova/main/import/images/nova-tee-black.png,,,,,,,,
nova-fathom-tee,,,,,,,Color,Black,Size,M,NOVA-NOVAFATHOM-BLA-M,shopify,93,deny,manual,2399.00,,TRUE,TRUE,https://raw.githubusercontent.com/Shivam3-max/nova/main/import/images/nova-tee-black.png,,,,,,,,
nova-fathom-tee,,,,,,,Color,Black,Size,L,NOVA-NOVAFATHOM-BLA-L,shopify,93,deny,manual,2399.00,,TRUE,TRUE,https://raw.githubusercontent.com/Shivam3-max/nova/main/import/images/nova-tee-black.png,,,,,,,,
nova-fathom-tee,,,,,,,Color,Black,Size,XL,NOVA-NOVAFATHOM-BLA-XL,shopify,93,deny,manual,2399.00,,TRUE,TRUE,https://raw.githubusercontent.com/Shivam3-max/nova/main/import/images/nova-tee-black.png,,,,,,,,
nova-fathom-tee,,,,,,,Color,Black,Size,XXL,NOVA-NOVAFATHOM-BLA-XXL,shopify,0,deny,manual,2399.00,,TRUE,TRUE,https://raw.githubusercontent.com/Shivam3-max/nova/main/import/images/nova-tee-black.png,,,,,,,,
nova-gradient-trouser,NOVA Gradient Trouser,"<p>A pressed cotton drill trouser. Hidden elastic back, pressed front crease set with heat so it survives the wash.</p><p>Made in small batches, so no two pieces read exactly alike.</p>",NØVA,Trouser,"active, recover",TRUE,Color,Charcoal,Size,28,NOVA-NOVAGRADIE-CHA-28,shopify,50,deny,manual,3699.00,,TRUE,TRUE,https://raw.githubusercontent.com/Shivam3-max/nova/main/import/images/nova-trouser-charcoal.png,https://raw.githubusercontent.com/Shivam3-max/nova/main/import/images/nova-trouser-charcoal.png,1,NOVA Gradient Trouser — Charcoal,active,NEW,"Two per cent stretch through the warp, so it holds a crease and still sits down comfortably.",trouser,"[{""name"":""Charcoal"",""swatch"":""#2c2d32"",""art"":""nova-trouser-charcoal""},{""name"":""Black"",""swatch"":""#131316"",""art"":""nova-trouser-black""}]"
nova-gradient-trouser,,,,,,,Color,Charcoal,Size,30,NOVA-NOVAGRADIE-CHA-30,shopify,50,deny,manual,3699.00,,TRUE,TRUE,https://raw.githubusercontent.com/Shivam3-max/nova/main/import/images/nova-trouser-charcoal.png,https://raw.githubusercontent.com/Shivam3-max/nova/main/import/images/nova-trouser-black.png,2,NOVA Gradient Trouser — Black,,,,,
nova-gradient-trouser,,,,,,,Color,Charcoal,Size,32,NOVA-NOVAGRADIE-CHA-32,shopify,50,deny,manual,3699.00,,TRUE,TRUE,https://raw.githubusercontent.com/Shivam3-max/nova/main/import/images/nova-trouser-charcoal.png,,,,,,,,
nova-gradient-trouser,,,,,,,Color,Charcoal,Size,34,NOVA-NOVAGRADIE-CHA-34,shopify,50,deny,manual,3699.00,,TRUE,TRUE,https://raw.githubusercontent.com/Shivam3-max/nova/main/import/images/nova-trouser-charcoal.png,,,,,,,,
nova-gradient-trouser,,,,,,,Color,Charcoal,Size,36,NOVA-NOVAGRADIE-CHA-36,shopify,50,deny,manual,3699.00,,TRUE,TRUE,https://raw.githubusercontent.com/Shivam3-max/nova/main/import/images/nova-trouser-charcoal.png,,,,,,,,
nova-gradient-trouser,,,,,,,Color,Black,Size,28,NOVA-NOVAGRADIE-BLA-28,shopify,50,deny,manual,3699.00,,TRUE,TRUE,https://raw.githubusercontent.com/Shivam3-max/nova/main/import/images/nova-trouser-black.png,,,,,,,,
nova-gradient-trouser,,,,,,,Color,Black,Size,30,NOVA-NOVAGRADIE-BLA-30,shopify,50,deny,manual,3699.00,,TRUE,TRUE,https://raw.githubusercontent.com/Shivam3-max/nova/main/import/images/nova-trouser-black.png,,,,,,,,
nova-gradient-trouser,,,,,,,Color,Black,Size,32,NOVA-NOVAGRADIE-BLA-32,shopify,50,deny,manual,3699.00,,TRUE,TRUE,https://raw.githubusercontent.com/Shivam3-max/nova/main/import/images/nova-trouser-black.png,,,,,,,,
nova-gradient-trouser,,,,,,,Color,Black,Size,34,NOVA-NOVAGRADIE-BLA-34,shopify,50,deny,manual,3699.00,,TRUE,TRUE,https://raw.githubusercontent.com/Shivam3-max/nova/main/import/images/nova-trouser-black.png,,,,,,,,
nova-gradient-trouser,,,,,,,Color,Black,Size,36,NOVA-NOVAGRADIE-BLA-36,shopify,0,deny,manual,3699.00,,TRUE,TRUE,https://raw.githubusercontent.com/Shivam3-max/nova/main/import/images/nova-trouser-black.png,,,,,,,,
nova-horizon-trouser,NOVA Horizon Trouser,"<p>A pressed cotton drill trouser. Hidden elastic back, pressed front crease set with heat so it survives the wash.</p><p>Made in small batches, so no two pieces read exactly alike.</p>",NØVA,Trouser,"active, recover",TRUE,Color,Charcoal,Size,28,NOVA-NOVAHORIZO-CHA-28,shopify,88,deny,manual,3799.00,,TRUE,TRUE,https://raw.githubusercontent.com/Shivam3-max/nova/main/import/images/nova-trouser-charcoal.png,https://raw.githubusercontent.com/Shivam3-max/nova/main/import/images/nova-trouser-charcoal.png,1,NOVA Horizon Trouser — Charcoal,active,,"Two per cent stretch through the warp, so it holds a crease and still sits down comfortably.",trouser,"[{""name"":""Charcoal"",""swatch"":""#2c2d32"",""art"":""nova-trouser-charcoal""},{""name"":""Black"",""swatch"":""#131316"",""art"":""nova-trouser-black""}]"
nova-horizon-trouser,,,,,,,Color,Charcoal,Size,30,NOVA-NOVAHORIZO-CHA-30,shopify,88,deny,manual,3799.00,,TRUE,TRUE,https://raw.githubusercontent.com/Shivam3-max/nova/main/import/images/nova-trouser-charcoal.png,https://raw.githubusercontent.com/Shivam3-max/nova/main/import/images/nova-trouser-black.png,2,NOVA Horizon Trouser — Black,,,,,
nova-horizon-trouser,,,,,,,Color,Charcoal,Size,32,NOVA-NOVAHORIZO-CHA-32,shopify,88,deny,manual,3799.00,,TRUE,TRUE,https://raw.githubusercontent.com/Shivam3-max/nova/main/import/images/nova-trouser-charcoal.png,,,,,,,,
nova-horizon-trouser,,,,,,,Color,Charcoal,Size,34,NOVA-NOVAHORIZO-CHA-34,shopify,88,deny,manual,3799.00,,TRUE,TRUE,https://raw.githubusercontent.com/Shivam3-max/nova/main/import/images/nova-trouser-charcoal.png,,,,,,,,
nova-horizon-trouser,,,,,,,Color,Charcoal,Size,36,NOVA-NOVAHORIZO-CHA-36,shopify,88,deny,manual,3799.00,,TRUE,TRUE,https://raw.githubusercontent.com/Shivam3-max/nova/main/import/images/nova-trouser-charcoal.png,,,,,,,,
nova-horizon-trouser,,,,,,,Color,Black,Size,28,NOVA-NOVAHORIZO-BLA-28,shopify,88,deny,manual,3799.00,,TRUE,TRUE,https://raw.githubusercontent.com/Shivam3-max/nova/main/import/images/nova-trouser-black.png,,,,,,,,
nova-horizon-trouser,,,,,,,Color,Black,Size,30,NOVA-NOVAHORIZO-BLA-30,shopify,88,deny,manual,3799.00,,TRUE,TRUE,https://raw.githubusercontent.com/Shivam3-max/nova/main/import/images/nova-trouser-black.png,,,,,,,,
nova-horizon-trouser,,,,,,,Color,Black,Size,32,NOVA-NOVAHORIZO-BLA-32,shopify,88,deny,manual,3799.00,,TRUE,TRUE,https://raw.githubusercontent.com/Shivam3-max/nova/main/import/images/nova-trouser-black.png,,,,,,,,
nova-horizon-trouser,,,,,,,Color,Black,Size,34,NOVA-NOVAHORIZO-BLA-34,shopify,88,deny,manual,3799.00,,TRUE,TRUE,https://raw.githubusercontent.com/Shivam3-max/nova/main/import/images/nova-trouser-black.png,,,,,,,,
nova-horizon-trouser,,,,,,,Color,Black,Size,36,NOVA-NOVAHORIZO-BLA-36,shopify,0,deny,manual,3799.00,,TRUE,TRUE,https://raw.githubusercontent.com/Shivam3-max/nova/main/import/images/nova-trouser-black.png,,,,,,,,
nova-inlet-trouser,NOVA Inlet Trouser,"<p>A stretch twill trouser. Hidden elastic back, pressed front crease set with heat so it survives the wash.</p><p>Made in small batches, so no two pieces read exactly alike.</p>",NØVA,Trouser,"active, recover",TRUE,Color,Charcoal,Size,28,NOVA-NOVAINLETT-CHA-28,shopify,57,deny,manual,4199.00,,TRUE,TRUE,https://raw.githubusercontent.com/Shivam3-max/nova/main/import/images/nova-trouser-charcoal.png,https://raw.githubusercontent.com/Shivam3-max/nova/main/import/images/nova-trouser-charcoal.png,1,NOVA Inlet Trouser — Charcoal,active,,"Two per cent stretch through the warp, so it holds a crease and still sits down comfortably.",trouser,"[{""name"":""Charcoal"",""swatch"":""#2c2d32"",""art"":""nova-trouser-charcoal""},{""name"":""Black"",""swatch"":""#131316"",""art"":""nova-trouser-black""}]"
nova-inlet-trouser,,,,,,,Color,Charcoal,Size,30,NOVA-NOVAINLETT-CHA-30,shopify,57,deny,manual,4199.00,,TRUE,TRUE,https://raw.githubusercontent.com/Shivam3-max/nova/main/import/images/nova-trouser-charcoal.png,https://raw.githubusercontent.com/Shivam3-max/nova/main/import/images/nova-trouser-black.png,2,NOVA Inlet Trouser — Black,,,,,
nova-inlet-trouser,,,,,,,Color,Charcoal,Size,32,NOVA-NOVAINLETT-CHA-32,shopify,57,deny,manual,4199.00,,TRUE,TRUE,https://raw.githubusercontent.com/Shivam3-max/nova/main/import/images/nova-trouser-charcoal.png,,,,,,,,
nova-inlet-trouser,,,,,,,Color,Charcoal,Size,34,NOVA-NOVAINLETT-CHA-34,shopify,57,deny,manual,4199.00,,TRUE,TRUE,https://raw.githubusercontent.com/Shivam3-max/nova/main/import/images/nova-trouser-charcoal.png,,,,,,,,
nova-inlet-trouser,,,,,,,Color,Charcoal,Size,36,NOVA-NOVAINLETT-CHA-36,shopify,57,deny,manual,4199.00,,TRUE,TRUE,https://raw.githubusercontent.com/Shivam3-max/nova/main/import/images/nova-trouser-charcoal.png,,,,,,,,
nova-inlet-trouser,,,,,,,Color,Black,Size,28,NOVA-NOVAINLETT-BLA-28,shopify,57,deny,manual,4199.00,,TRUE,TRUE,https://raw.githubusercontent.com/Shivam3-max/nova/main/import/images/nova-trouser-black.png,,,,,,,,
nova-inlet-trouser,,,,,,,Color,Black,Size,30,NOVA-NOVAINLETT-BLA-30,shopify,57,deny,manual,4199.00,,TRUE,TRUE,https://raw.githubusercontent.com/Shivam3-max/nova/main/import/images/nova-trouser-black.png,,,,,,,,
nova-inlet-trouser,,,,,,,Color,Black,Size,32,NOVA-NOVAINLETT-BLA-32,shopify,57,deny,manual,4199.00,,TRUE,TRUE,https://raw.githubusercontent.com/Shivam3-max/nova/main/import/images/nova-trouser-black.png,,,,,,,,
nova-inlet-trouser,,,,,,,Color,Black,Size,34,NOVA-NOVAINLETT-BLA-34,shopify,57,deny,manual,4199.00,,TRUE,TRUE,https://raw.githubusercontent.com/Shivam3-max/nova/main/import/images/nova-trouser-black.png,,,,,,,,
nova-inlet-trouser,,,,,,,Color,Black,Size,36,NOVA-NOVAINLETT-BLA-36,shopify,0,deny,manual,4199.00,,TRUE,TRUE,https://raw.githubusercontent.com/Shivam3-max/nova/main/import/images/nova-trouser-black.png,,,,,,,,
nova-structured-jacket,NOVA Structured Jacket,"<p>A dry-finish gabardine jacket. Soft shoulder, lengthened body, unlined through the back for movement.</p><p>Made in small batches, so no two pieces read exactly alike.</p>",NØVA,Jacket,"luxury, tailored",TRUE,Color,Black,Size,XS,NOVA-NOVASTRUCT-BLA-XS,shopify,75,deny,manual,13199.00,,TRUE,TRUE,https://raw.githubusercontent.com/Shivam3-max/nova/main/import/images/nova-jacket-black.png,https://raw.githubusercontent.com/Shivam3-max/nova/main/import/images/nova-jacket-black.png,1,NOVA Structured Jacket — Black,active,,Half-canvas construction with the sleeve set by hand. The shoulder is left unpadded.,jacket,"[{""name"":""Black"",""swatch"":""#131316"",""art"":""nova-jacket-black""},{""name"":""Slate"",""swatch"":""#464d57"",""art"":""nova-jacket-slate""},{""name"":""Ink"",""swatch"":""#1a1d24"",""art"":""nova-jacket-ink""}]"
nova-structured-jacket,,,,,,,Color,Black,Size,S,NOVA-NOVASTRUCT-BLA-S,shopify,75,deny,manual,13199.00,,TRUE,TRUE,https://raw.githubusercontent.com/Shivam3-max/nova/main/import/images/nova-jacket-black.png,https://raw.githubusercontent.com/Shivam3-max/nova/main/import/images/nova-jacket-slate.png,2,NOVA Structured Jacket — Slate,,,,,
nova-structured-jacket,,,,,,,Color,Black,Size,M,NOVA-NOVASTRUCT-BLA-M,shopify,75,deny,manual,13199.00,,TRUE,TRUE,https://raw.githubusercontent.com/Shivam3-max/nova/main/import/images/nova-jacket-black.png,https://raw.githubusercontent.com/Shivam3-max/nova/main/import/images/nova-jacket-ink.png,3,NOVA Structured Jacket — Ink,,,,,
nova-structured-jacket,,,,,,,Color,Black,Size,L,NOVA-NOVASTRUCT-BLA-L,shopify,75,deny,manual,13199.00,,TRUE,TRUE,https://raw.githubusercontent.com/Shivam3-max/nova/main/import/images/nova-jacket-black.png,,,,,,,,
nova-structured-jacket,,,,,,,Color,Black,Size,XL,NOVA-NOVASTRUCT-BLA-XL,shopify,75,deny,manual,13199.00,,TRUE,TRUE,https://raw.githubusercontent.com/Shivam3-max/nova/main/import/images/nova-jacket-black.png,,,,,,,,
nova-structured-jacket,,,,,,,Color,Black,Size,XXL,NOVA-NOVASTRUCT-BLA-XXL,shopify,75,deny,manual,13199.00,,TRUE,TRUE,https://raw.githubusercontent.com/Shivam3-max/nova/main/import/images/nova-jacket-black.png,,,,,,,,
nova-structured-jacket,,,,,,,Color,Slate,Size,XS,NOVA-NOVASTRUCT-SLA-XS,shopify,75,deny,manual,13199.00,,TRUE,TRUE,https://raw.githubusercontent.com/Shivam3-max/nova/main/import/images/nova-jacket-slate.png,,,,,,,,
nova-structured-jacket,,,,,,,Color,Slate,Size,S,NOVA-NOVASTRUCT-SLA-S,shopify,75,deny,manual,13199.00,,TRUE,TRUE,https://raw.githubusercontent.com/Shivam3-max/nova/main/import/images/nova-jacket-slate.png,,,,,,,,
nova-structured-jacket,,,,,,,Color,Slate,Size,M,NOVA-NOVASTRUCT-SLA-M,shopify,75,deny,manual,13199.00,,TRUE,TRUE,https://raw.githubusercontent.com/Shivam3-max/nova/main/import/images/nova-jacket-slate.png,,,,,,,,
nova-structured-jacket,,,,,,,Color,Slate,Size,L,NOVA-NOVASTRUCT-SLA-L,shopify,75,deny,manual,13199.00,,TRUE,TRUE,https://raw.githubusercontent.com/Shivam3-max/nova/main/import/images/nova-jacket-slate.png,,,,,,,,
nova-structured-jacket,,,,,,,Color,Slate,Size,XL,NOVA-NOVASTRUCT-SLA-XL,shopify,75,deny,manual,13199.00,,TRUE,TRUE,https://raw.githubusercontent.com/Shivam3-max/nova/main/import/images/nova-jacket-slate.png,,,,,,,,
nova-structured-jacket,,,,,,,Color,Slate,Size,XXL,NOVA-NOVASTRUCT-SLA-XXL,shopify,75,deny,manual,13199.00,,TRUE,TRUE,https://raw.githubusercontent.com/Shivam3-max/nova/main/import/images/nova-jacket-slate.png,,,,,,,,
nova-structured-jacket,,,,,,,Color,Ink,Size,XS,NOVA-NOVASTRUCT-INK-XS,shopify,75,deny,manual,13199.00,,TRUE,TRUE,https://raw.githubusercontent.com/Shivam3-max/nova/main/import/images/nova-jacket-ink.png,,,,,,,,
nova-structured-jacket,,,,,,,Color,Ink,Size,S,NOVA-NOVASTRUCT-INK-S,shopify,75,deny,manual,13199.00,,TRUE,TRUE,https://raw.githubusercontent.com/Shivam3-max/nova/main/import/images/nova-jacket-ink.png,,,,,,,,
nova-structured-jacket,,,,,,,Color,Ink,Size,M,NOVA-NOVASTRUCT-INK-M,shopify,75,deny,manual,13199.00,,TRUE,TRUE,https://raw.githubusercontent.com/Shivam3-max/nova/main/import/images/nova-jacket-ink.png,,,,,,,,
nova-structured-jacket,,,,,,,Color,Ink,Size,L,NOVA-NOVASTRUCT-INK-L,shopify,75,deny,manual,13199.00,,TRUE,TRUE,https://raw.githubusercontent.com/Shivam3-max/nova/main/import/images/nova-jacket-ink.png,,,,,,,,
nova-structured-jacket,,,,,,,Color,Ink,Size,XL,NOVA-NOVASTRUCT-INK-XL,shopify,75,deny,manual,13199.00,,TRUE,TRUE,https://raw.githubusercontent.com/Shivam3-max/nova/main/import/images/nova-jacket-ink.png,,,,,,,,
nova-structured-jacket,,,,,,,Color,Ink,Size,XXL,NOVA-NOVASTRUCT-INK-XXL,shopify,0,deny,manual,13199.00,,TRUE,TRUE,https://raw.githubusercontent.com/Shivam3-max/nova/main/import/images/nova-jacket-ink.png,,,,,,,,
nova-juniper-jacket,NOVA Juniper Jacket,"<p>A dry-finish gabardine jacket. Soft shoulder, lengthened body, unlined through the back for movement.</p><p>Made in small batches, so no two pieces read exactly alike.</p>",NØVA,Jacket,"luxury, tailored",TRUE,Color,Ink,Size,XS,NOVA-NOVAJUNIPE-INK-XS,shopify,56,deny,manual,13899.00,17399.00,TRUE,TRUE,https://raw.githubusercontent.com/Shivam3-max/nova/main/import/images/nova-jacket-ink.png,https://raw.githubusercontent.com/Shivam3-max/nova/main/import/images/nova-jacket-ink.png,1,NOVA Juniper Jacket — Ink,active,,Half-canvas construction with the sleeve set by hand. The shoulder is left unpadded.,jacket,"[{""name"":""Ink"",""swatch"":""#1a1d24"",""art"":""nova-jacket-ink""},{""name"":""Black"",""swatch"":""#131316"",""art"":""nova-jacket-black""},{""name"":""Slate"",""swatch"":""#464d57"",""art"":""nova-jacket-slate""}]"
nova-juniper-jacket,,,,,,,Color,Ink,Size,S,NOVA-NOVAJUNIPE-INK-S,shopify,56,deny,manual,13899.00,17399.00,TRUE,TRUE,https://raw.githubusercontent.com/Shivam3-max/nova/main/import/images/nova-jacket-ink.png,https://raw.githubusercontent.com/Shivam3-max/nova/main/import/images/nova-jacket-black.png,2,NOVA Juniper Jacket — Black,,,,,
nova-juniper-jacket,,,,,,,Color,Ink,Size,M,NOVA-NOVAJUNIPE-INK-M,shopify,56,deny,manual,13899.00,17399.00,TRUE,TRUE,https://raw.githubusercontent.com/Shivam3-max/nova/main/import/images/nova-jacket-ink.png,https://raw.githubusercontent.com/Shivam3-max/nova/main/import/images/nova-jacket-slate.png,3,NOVA Juniper Jacket — Slate,,,,,
nova-juniper-jacket,,,,,,,Color,Ink,Size,L,NOVA-NOVAJUNIPE-INK-L,shopify,56,deny,manual,13899.00,17399.00,TRUE,TRUE,https://raw.githubusercontent.com/Shivam3-max/nova/main/import/images/nova-jacket-ink.png,,,,,,,,
nova-juniper-jacket,,,,,,,Color,Ink,Size,XL,NOVA-NOVAJUNIPE-INK-XL,shopify,56,deny,manual,13899.00,17399.00,TRUE,TRUE,https://raw.githubusercontent.com/Shivam3-max/nova/main/import/images/nova-jacket-ink.png,,,,,,,,
nova-juniper-jacket,,,,,,,Color,Ink,Size,XXL,NOVA-NOVAJUNIPE-INK-XXL,shopify,56,deny,manual,13899.00,17399.00,TRUE,TRUE,https://raw.githubusercontent.com/Shivam3-max/nova/main/import/images/nova-jacket-ink.png,,,,,,,,
nova-juniper-jacket,,,,,,,Color,Black,Size,XS,NOVA-NOVAJUNIPE-BLA-XS,shopify,56,deny,manual,13899.00,17399.00,TRUE,TRUE,https://raw.githubusercontent.com/Shivam3-max/nova/main/import/images/nova-jacket-black.png,,,,,,,,
nova-juniper-jacket,,,,,,,Color,Black,Size,S,NOVA-NOVAJUNIPE-BLA-S,shopify,56,deny,manual,13899.00,17399.00,TRUE,TRUE,https://raw.githubusercontent.com/Shivam3-max/nova/main/import/images/nova-jacket-black.png,,,,,,,,
nova-juniper-jacket,,,,,,,Color,Black,Size,M,NOVA-NOVAJUNIPE-BLA-M,shopify,56,deny,manual,13899.00,17399.00,TRUE,TRUE,https://raw.githubusercontent.com/Shivam3-max/nova/main/import/images/nova-jacket-black.png,,,,,,,,
nova-juniper-jacket,,,,,,,Color,Black,Size,L,NOVA-NOVAJUNIPE-BLA-L,shopify,56,deny,manual,13899.00,17399.00,TRUE,TRUE,https://raw.githubusercontent.com/Shivam3-max/nova/main/import/images/nova-jacket-black.png,,,,,,,,
nova-juniper-jacket,,,,,,,Color,Black,Size,XL,NOVA-NOVAJUNIPE-BLA-XL,shopify,56,deny,manual,13899.00,17399.00,TRUE,TRUE,https://raw.githubusercontent.com/Shivam3-max/nova/main/import/images/nova-jacket-black.png,,,,,,,,
nova-juniper-jacket,,,,,,,Color,Black,Size,XXL,NOVA-NOVAJUNIPE-BLA-XXL,shopify,56,deny,manual,13899.00,17399.00,TRUE,TRUE,https://raw.githubusercontent.com/Shivam3-max/nova/main/import/images/nova-jacket-black.png,,,,,,,,
nova-juniper-jacket,,,,,,,Color,Slate,Size,XS,NOVA-NOVAJUNIPE-SLA-XS,shopify,56,deny,manual,13899.00,17399.00,TRUE,TRUE,https://raw.githubusercontent.com/Shivam3-max/nova/main/import/images/nova-jacket-slate.png,,,,,,,,
nova-juniper-jacket,,,,,,,Color,Slate,Size,S,NOVA-NOVAJUNIPE-SLA-S,shopify,56,deny,manual,13899.00,17399.00,TRUE,TRUE,https://raw.githubusercontent.com/Shivam3-max/nova/main/import/images/nova-jacket-slate.png,,,,,,,,
nova-juniper-jacket,,,,,,,Color,Slate,Size,M,NOVA-NOVAJUNIPE-SLA-M,shopify,56,deny,manual,13899.00,17399.00,TRUE,TRUE,https://raw.githubusercontent.com/Shivam3-max/nova/main/import/images/nova-jacket-slate.png,,,,,,,,
nova-juniper-jacket,,,,,,,Color,Slate,Size,L,NOVA-NOVAJUNIPE-SLA-L,shopify,56,deny,manual,13899.00,17399.00,TRUE,TRUE,https://raw.githubusercontent.com/Shivam3-max/nova/main/import/images/nova-jacket-slate.png,,,,,,,,
nova-juniper-jacket,,,,,,,Color,Slate,Size,XL,NOVA-NOVAJUNIPE-SLA-XL,shopify,56,deny,manual,13899.00,17399.00,TRUE,TRUE,https://raw.githubusercontent.com/Shivam3-max/nova/main/import/images/nova-jacket-slate.png,,,,,,,,
nova-juniper-jacket,,,,,,,Color,Slate,Size,XXL,NOVA-NOVAJUNIPE-SLA-XXL,shopify,0,deny,manual,13899.00,17399.00,TRUE,TRUE,https://raw.githubusercontent.com/Shivam3-max/nova/main/import/images/nova-jacket-slate.png,,,,,,,,
nova-keystone-jacket,NOVA Keystone Jacket,"<p>A half-canvassed wool jacket. Soft shoulder, lengthened body, unlined through the back for movement.</p><p>Made in small batches, so no two pieces read exactly alike.</p>",NØVA,Jacket,"luxury, tailored",TRUE,Color,Ink,Size,XS,NOVA-NOVAKEYSTO-INK-XS,shopify,33,deny,manual,14899.00,,TRUE,TRUE,https://raw.githubusercontent.com/Shivam3-max/nova/main/import/images/nova-jacket-ink.png,https://raw.githubusercontent.com/Shivam3-max/nova/main/import/images/nova-jacket-ink.png,1,NOVA Keystone Jacket — Ink,active,,Half-canvas construction with the sleeve set by hand. The shoulder is left unpadded.,jacket,"[{""name"":""Ink"",""swatch"":""#1a1d24"",""art"":""nova-jacket-ink""},{""name"":""Black"",""swatch"":""#131316"",""art"":""nova-jacket-black""}]"
nova-keystone-jacket,,,,,,,Color,Ink,Size,S,NOVA-NOVAKEYSTO-INK-S,shopify,33,deny,manual,14899.00,,TRUE,TRUE,https://raw.githubusercontent.com/Shivam3-max/nova/main/import/images/nova-jacket-ink.png,https://raw.githubusercontent.com/Shivam3-max/nova/main/import/images/nova-jacket-black.png,2,NOVA Keystone Jacket — Black,,,,,
nova-keystone-jacket,,,,,,,Color,Ink,Size,M,NOVA-NOVAKEYSTO-INK-M,shopify,33,deny,manual,14899.00,,TRUE,TRUE,https://raw.githubusercontent.com/Shivam3-max/nova/main/import/images/nova-jacket-ink.png,,,,,,,,
nova-keystone-jacket,,,,,,,Color,Ink,Size,L,NOVA-NOVAKEYSTO-INK-L,shopify,33,deny,manual,14899.00,,TRUE,TRUE,https://raw.githubusercontent.com/Shivam3-max/nova/main/import/images/nova-jacket-ink.png,,,,,,,,
nova-keystone-jacket,,,,,,,Color,Ink,Size,XL,NOVA-NOVAKEYSTO-INK-XL,shopify,33,deny,manual,14899.00,,TRUE,TRUE,https://raw.githubusercontent.com/Shivam3-max/nova/main/import/images/nova-jacket-ink.png,,,,,,,,
nova-keystone-jacket,,,,,,,Color,Ink,Size,XXL,NOVA-NOVAKEYSTO-INK-XXL,shopify,33,deny,manual,14899.00,,TRUE,TRUE,https://raw.githubusercontent.com/Shivam3-max/nova/main/import/images/nova-jacket-ink.png,,,,,,,,
nova-keystone-jacket,,,,,,,Color,Black,Size,XS,NOVA-NOVAKEYSTO-BLA-XS,shopify,33,deny,manual,14899.00,,TRUE,TRUE,https://raw.githubusercontent.com/Shivam3-max/nova/main/import/images/nova-jacket-black.png,,,,,,,,
nova-keystone-jacket,,,,,,,Color,Black,Size,S,NOVA-NOVAKEYSTO-BLA-S,shopify,33,deny,manual,14899.00,,TRUE,TRUE,https://raw.githubusercontent.com/Shivam3-max/nova/main/import/images/nova-jacket-black.png,,,,,,,,
nova-keystone-jacket,,,,,,,Color,Black,Size,M,NOVA-NOVAKEYSTO-BLA-M,shopify,33,deny,manual,14899.00,,TRUE,TRUE,https://raw.githubusercontent.com/Shivam3-max/nova/main/import/images/nova-jacket-black.png,,,,,,,,
nova-keystone-jacket,,,,,,,Color,Black,Size,L,NOVA-NOVAKEYSTO-BLA-L,shopify,33,deny,manual,14899.00,,TRUE,TRUE,https://raw.githubusercontent.com/Shivam3-max/nova/main/import/images/nova-jacket-black.png,,,,,,,,
nova-keystone-jacket,,,,,,,Color,Black,Size,XL,NOVA-NOVAKEYSTO-BLA-XL,shopify,33,deny,manual,14899.00,,TRUE,TRUE,https://raw.githubusercontent.com/Shivam3-max/nova/main/import/images/nova-jacket-black.png,,,,,,,,
nova-keystone-jacket,,,,,,,Color,Black,Size,XXL,NOVA-NOVAKEYSTO-BLA-XXL,shopify,0,deny,manual,14899.00,,TRUE,TRUE,https://raw.githubusercontent.com/Shivam3-max/nova/main/import/images/nova-jacket-black.png,,,,,,,,
nova-ledger-jacket,NOVA Ledger Jacket,"<p>A dry-finish gabardine jacket. Soft shoulder, lengthened body, unlined through the back for movement.</p><p>Made in small batches, so no two pieces read exactly alike.</p>",NØVA,Jacket,"luxury, tailored",TRUE,Color,Black,Size,XS,NOVA-NOVALEDGER-BLA-XS,shopify,37,deny,manual,9799.00,,TRUE,TRUE,https://raw.githubusercontent.com/Shivam3-max/nova/main/import/images/nova-jacket-black.png,https://raw.githubusercontent.com/Shivam3-max/nova/main/import/images/nova-jacket-black.png,1,NOVA Ledger Jacket — Black,active,,Half-canvas construction with the sleeve set by hand. The shoulder is left unpadded.,jacket,"[{""name"":""Black"",""swatch"":""#131316"",""art"":""nova-jacket-black""},{""name"":""Slate"",""swatch"":""#464d57"",""art"":""nova-jacket-slate""}]"
nova-ledger-jacket,,,,,,,Color,Black,Size,S,NOVA-NOVALEDGER-BLA-S,shopify,37,deny,manual,9799.00,,TRUE,TRUE,https://raw.githubusercontent.com/Shivam3-max/nova/main/import/images/nova-jacket-black.png,https://raw.githubusercontent.com/Shivam3-max/nova/main/import/images/nova-jacket-slate.png,2,NOVA Ledger Jacket — Slate,,,,,
nova-ledger-jacket,,,,,,,Color,Black,Size,M,NOVA-NOVALEDGER-BLA-M,shopify,37,deny,manual,9799.00,,TRUE,TRUE,https://raw.githubusercontent.com/Shivam3-max/nova/main/import/images/nova-jacket-black.png,,,,,,,,
nova-ledger-jacket,,,,,,,Color,Black,Size,L,NOVA-NOVALEDGER-BLA-L,shopify,37,deny,manual,9799.00,,TRUE,TRUE,https://raw.githubusercontent.com/Shivam3-max/nova/main/import/images/nova-jacket-black.png,,,,,,,,
nova-ledger-jacket,,,,,,,Color,Black,Size,XL,NOVA-NOVALEDGER-BLA-XL,shopify,37,deny,manual,9799.00,,TRUE,TRUE,https://raw.githubusercontent.com/Shivam3-max/nova/main/import/images/nova-jacket-black.png,,,,,,,,
nova-ledger-jacket,,,,,,,Color,Black,Size,XXL,NOVA-NOVALEDGER-BLA-XXL,shopify,37,deny,manual,9799.00,,TRUE,TRUE,https://raw.githubusercontent.com/Shivam3-max/nova/main/import/images/nova-jacket-black.png,,,,,,,,
nova-ledger-jacket,,,,,,,Color,Slate,Size,XS,NOVA-NOVALEDGER-SLA-XS,shopify,37,deny,manual,9799.00,,TRUE,TRUE,https://raw.githubusercontent.com/Shivam3-max/nova/main/import/images/nova-jacket-slate.png,,,,,,,,
nova-ledger-jacket,,,,,,,Color,Slate,Size,S,NOVA-NOVALEDGER-SLA-S,shopify,37,deny,manual,9799.00,,TRUE,TRUE,https://raw.githubusercontent.com/Shivam3-max/nova/main/import/images/nova-jacket-slate.png,,,,,,,,
nova-ledger-jacket,,,,,,,Color,Slate,Size,M,NOVA-NOVALEDGER-SLA-M,shopify,37,deny,manual,9799.00,,TRUE,TRUE,https://raw.githubusercontent.com/Shivam3-max/nova/main/import/images/nova-jacket-slate.png,,,,,,,,
nova-ledger-jacket,,,,,,,Color,Slate,Size,L,NOVA-NOVALEDGER-SLA-L,shopify,37,deny,manual,9799.00,,TRUE,TRUE,https://raw.githubusercontent.com/Shivam3-max/nova/main/import/images/nova-jacket-slate.png,,,,,,,,
nova-ledger-jacket,,,,,,,Color,Slate,Size,XL,NOVA-NOVALEDGER-SLA-XL,shopify,37,deny,manual,9799.00,,TRUE,TRUE,https://raw.githubusercontent.com/Shivam3-max/nova/main/import/images/nova-jacket-slate.png,,,,,,,,
nova-ledger-jacket,,,,,,,Color,Slate,Size,XXL,NOVA-NOVALEDGER-SLA-XXL,shopify,0,deny,manual,9799.00,,TRUE,TRUE,https://raw.githubusercontent.com/Shivam3-max/nova/main/import/images/nova-jacket-slate.png,,,,,,,,
nova-marrow-jacket,NOVA Marrow Jacket,"<p>A half-canvassed wool jacket. Soft shoulder, lengthened body, unlined through the back for movement.</p><p>Made in small batches, so no two pieces read exactly alike.</p>",NØVA,Jacket,"luxury, tailored, drop",TRUE,Color,Black,Size,XS,NOVA-NOVAMARROW-BLA-XS,shopify,36,deny,manual,12499.00,15599.00,TRUE,TRUE,https://raw.githubusercontent.com/Shivam3-max/nova/main/import/images/nova-jacket-black.png,https://raw.githubusercontent.com/Shivam3-max/nova/main/import/images/nova-jacket-black.png,1,NOVA Marrow Jacket — Black,active,DROP 01,Half-canvas construction with the sleeve set by hand. The shoulder is left unpadded.,jacket,"[{""name"":""Black"",""swatch"":""#131316"",""art"":""nova-jacket-black""},{""name"":""Slate"",""swatch"":""#464d57"",""art"":""nova-jacket-slate""}]"
nova-marrow-jacket,,,,,,,Color,Black,Size,S,NOVA-NOVAMARROW-BLA-S,shopify,36,deny,manual,12499.00,15599.00,TRUE,TRUE,https://raw.githubusercontent.com/Shivam3-max/nova/main/import/images/nova-jacket-black.png,https://raw.githubusercontent.com/Shivam3-max/nova/main/import/images/nova-jacket-slate.png,2,NOVA Marrow Jacket — Slate,,,,,
nova-marrow-jacket,,,,,,,Color,Black,Size,M,NOVA-NOVAMARROW-BLA-M,shopify,36,deny,manual,12499.00,15599.00,TRUE,TRUE,https://raw.githubusercontent.com/Shivam3-max/nova/main/import/images/nova-jacket-black.png,,,,,,,,
nova-marrow-jacket,,,,,,,Color,Black,Size,L,NOVA-NOVAMARROW-BLA-L,shopify,36,deny,manual,12499.00,15599.00,TRUE,TRUE,https://raw.githubusercontent.com/Shivam3-max/nova/main/import/images/nova-jacket-black.png,,,,,,,,
nova-marrow-jacket,,,,,,,Color,Black,Size,XL,NOVA-NOVAMARROW-BLA-XL,shopify,36,deny,manual,12499.00,15599.00,TRUE,TRUE,https://raw.githubusercontent.com/Shivam3-max/nova/main/import/images/nova-jacket-black.png,,,,,,,,
nova-marrow-jacket,,,,,,,Color,Black,Size,XXL,NOVA-NOVAMARROW-BLA-XXL,shopify,36,deny,manual,12499.00,15599.00,TRUE,TRUE,https://raw.githubusercontent.com/Shivam3-max/nova/main/import/images/nova-jacket-black.png,,,,,,,,
nova-marrow-jacket,,,,,,,Color,Slate,Size,XS,NOVA-NOVAMARROW-SLA-XS,shopify,36,deny,manual,12499.00,15599.00,TRUE,TRUE,https://raw.githubusercontent.com/Shivam3-max/nova/main/import/images/nova-jacket-slate.png,,,,,,,,
nova-marrow-jacket,,,,,,,Color,Slate,Size,S,NOVA-NOVAMARROW-SLA-S,shopify,36,deny,manual,12499.00,15599.00,TRUE,TRUE,https://raw.githubusercontent.com/Shivam3-max/nova/main/import/images/nova-jacket-slate.png,,,,,,,,
nova-marrow-jacket,,,,,,,Color,Slate,Size,M,NOVA-NOVAMARROW-SLA-M,shopify,36,deny,manual,12499.00,15599.00,TRUE,TRUE,https://raw.githubusercontent.com/Shivam3-max/nova/main/import/images/nova-jacket-slate.png,,,,,,,,
nova-marrow-jacket,,,,,,,Color,Slate,Size,L,NOVA-NOVAMARROW-SLA-L,shopify,36,deny,manual,12499.00,15599.00,TRUE,TRUE,https://raw.githubusercontent.com/Shivam3-max/nova/main/import/images/nova-jacket-slate.png,,,,,,,,
nova-marrow-jacket,,,,,,,Color,Slate,Size,XL,NOVA-NOVAMARROW-SLA-XL,shopify,36,deny,manual,12499.00,15599.00,TRUE,TRUE,https://raw.githubusercontent.com/Shivam3-max/nova/main/import/images/nova-jacket-slate.png,,,,,,,,
nova-marrow-jacket,,,,,,,Color,Slate,Size,XXL,NOVA-NOVAMARROW-SLA-XXL,shopify,0,deny,manual,12499.00,15599.00,TRUE,TRUE,https://raw.githubusercontent.com/Shivam3-max/nova/main/import/images/nova-jacket-slate.png,,,,,,,,
nova-nocturne-jacket,NOVA Nocturne Jacket,"<p>A half-canvassed wool jacket. Soft shoulder, lengthened body, unlined through the back for movement.</p><p>Made in small batches, so no two pieces read exactly alike.</p>",NØVA,Jacket,"luxury, tailored",TRUE,Color,Slate,Size,XS,NOVA-NOVANOCTUR-SLA-XS,shopify,61,deny,manual,9199.00,,TRUE,TRUE,https://raw.githubusercontent.com/Shivam3-max/nova/main/import/images/nova-jacket-slate.png,https://raw.githubusercontent.com/Shivam3-max/nova/main/import/images/nova-jacket-slate.png,1,NOVA Nocturne Jacket — Slate,active,,Half-canvas construction with the sleeve set by hand. The shoulder is left unpadded.,jacket,"[{""name"":""Slate"",""swatch"":""#464d57"",""art"":""nova-jacket-slate""},{""name"":""Ink"",""swatch"":""#1a1d24"",""art"":""nova-jacket-ink""},{""name"":""Black"",""swatch"":""#131316"",""art"":""nova-jacket-black""}]"
nova-nocturne-jacket,,,,,,,Color,Slate,Size,S,NOVA-NOVANOCTUR-SLA-S,shopify,61,deny,manual,9199.00,,TRUE,TRUE,https://raw.githubusercontent.com/Shivam3-max/nova/main/import/images/nova-jacket-slate.png,https://raw.githubusercontent.com/Shivam3-max/nova/main/import/images/nova-jacket-ink.png,2,NOVA Nocturne Jacket — Ink,,,,,
nova-nocturne-jacket,,,,,,,Color,Slate,Size,M,NOVA-NOVANOCTUR-SLA-M,shopify,61,deny,manual,9199.00,,TRUE,TRUE,https://raw.githubusercontent.com/Shivam3-max/nova/main/import/images/nova-jacket-slate.png,https://raw.githubusercontent.com/Shivam3-max/nova/main/import/images/nova-jacket-black.png,3,NOVA Nocturne Jacket — Black,,,,,
nova-nocturne-jacket,,,,,,,Color,Slate,Size,L,NOVA-NOVANOCTUR-SLA-L,shopify,61,deny,manual,9199.00,,TRUE,TRUE,https://raw.githubusercontent.com/Shivam3-max/nova/main/import/images/nova-jacket-slate.png,,,,,,,,
nova-nocturne-jacket,,,,,,,Color,Slate,Size,XL,NOVA-NOVANOCTUR-SLA-XL,shopify,61,deny,manual,9199.00,,TRUE,TRUE,https://raw.githubusercontent.com/Shivam3-max/nova/main/import/images/nova-jacket-slate.png,,,,,,,,
nova-nocturne-jacket,,,,,,,Color,Slate,Size,XXL,NOVA-NOVANOCTUR-SLA-XXL,shopify,61,deny,manual,9199.00,,TRUE,TRUE,https://raw.githubusercontent.com/Shivam3-max/nova/main/import/images/nova-jacket-slate.png,,,,,,,,
nova-nocturne-jacket,,,,,,,Color,Ink,Size,XS,NOVA-NOVANOCTUR-INK-XS,shopify,61,deny,manual,9199.00,,TRUE,TRUE,https://raw.githubusercontent.com/Shivam3-max/nova/main/import/images/nova-jacket-ink.png,,,,,,,,
nova-nocturne-jacket,,,,,,,Color,Ink,Size,S,NOVA-NOVANOCTUR-INK-S,shopify,61,deny,manual,9199.00,,TRUE,TRUE,https://raw.githubusercontent.com/Shivam3-max/nova/main/import/images/nova-jacket-ink.png,,,,,,,,
nova-nocturne-jacket,,,,,,,Color,Ink,Size,M,NOVA-NOVANOCTUR-INK-M,shopify,61,deny,manual,9199.00,,TRUE,TRUE,https://raw.githubusercontent.com/Shivam3-max/nova/main/import/images/nova-jacket-ink.png,,,,,,,,
nova-nocturne-jacket,,,,,,,Color,Ink,Size,L,NOVA-NOVANOCTUR-INK-L,shopify,61,deny,manual,9199.00,,TRUE,TRUE,https://raw.githubusercontent.com/Shivam3-max/nova/main/import/images/nova-jacket-ink.png,,,,,,,,
nova-nocturne-jacket,,,,,,,Color,Ink,Size,XL,NOVA-NOVANOCTUR-INK-XL,shopify,61,deny,manual,9199.00,,TRUE,TRUE,https://raw.githubusercontent.com/Shivam3-max/nova/main/import/images/nova-jacket-ink.png,,,,,,,,
nova-nocturne-jacket,,,,,,,Color,Ink,Size,XXL,NOVA-NOVANOCTUR-INK-XXL,shopify,61,deny,manual,9199.00,,TRUE,TRUE,https://raw.githubusercontent.com/Shivam3-max/nova/main/import/images/nova-jacket-ink.png,,,,,,,,
nova-nocturne-jacket,,,,,,,Color,Black,Size,XS,NOVA-NOVANOCTUR-BLA-XS,shopify,61,deny,manual,9199.00,,TRUE,TRUE,https://raw.githubusercontent.com/Shivam3-max/nova/main/import/images/nova-jacket-black.png,,,,,,,,
nova-nocturne-jacket,,,,,,,Color,Black,Size,S,NOVA-NOVANOCTUR-BLA-S,shopify,61,deny,manual,9199.00,,TRUE,TRUE,https://raw.githubusercontent.com/Shivam3-max/nova/main/import/images/nova-jacket-black.png,,,,,,,,
nova-nocturne-jacket,,,,,,,Color,Black,Size,M,NOVA-NOVANOCTUR-BLA-M,shopify,61,deny,manual,9199.00,,TRUE,TRUE,https://raw.githubusercontent.com/Shivam3-max/nova/main/import/images/nova-jacket-black.png,,,,,,,,
nova-nocturne-jacket,,,,,,,Color,Black,Size,L,NOVA-NOVANOCTUR-BLA-L,shopify,61,deny,manual,9199.00,,TRUE,TRUE,https://raw.githubusercontent.com/Shivam3-max/nova/main/import/images/nova-jacket-black.png,,,,,,,,
nova-nocturne-jacket,,,,,,,Color,Black,Size,XL,NOVA-NOVANOCTUR-BLA-XL,shopify,61,deny,manual,9199.00,,TRUE,TRUE,https://raw.githubusercontent.com/Shivam3-max/nova/main/import/images/nova-jacket-black.png,,,,,,,,
nova-nocturne-jacket,,,,,,,Color,Black,Size,XXL,NOVA-NOVANOCTUR-BLA-XXL,shopify,0,deny,manual,9199.00,,TRUE,TRUE,https://raw.githubusercontent.com/Shivam3-max/nova/main/import/images/nova-jacket-black.png,,,,,,,,
nova-obsidian-trouser,NOVA Obsidian Trouser,"<p>A stretch twill trouser. Hidden elastic back, pressed front crease set with heat so it survives the wash.</p><p>Made in small batches, so no two pieces read exactly alike.</p>",NØVA,Trouser,"luxury, tailored, limited",TRUE,Color,Black,Size,28,NOVA-NOVAOBSIDI-BLA-28,shopify,12,deny,manual,6999.00,,TRUE,TRUE,https://raw.githubusercontent.com/Shivam3-max/nova/main/import/images/nova-trouser-black.png,https://raw.githubusercontent.com/Shivam3-max/nova/main/import/images/nova-trouser-black.png,1,NOVA Obsidian Trouser — Black,active,LIMITED,"Two per cent stretch through the warp, so it holds a crease and still sits down comfortably.",trouser,"[{""name"":""Black"",""swatch"":""#131316"",""art"":""nova-trouser-black""},{""name"":""Charcoal"",""swatch"":""#2c2d32"",""art"":""nova-trouser-charcoal""}]"
nova-obsidian-trouser,,,,,,,Color,Black,Size,30,NOVA-NOVAOBSIDI-BLA-30,shopify,12,deny,manual,6999.00,,TRUE,TRUE,https://raw.githubusercontent.com/Shivam3-max/nova/main/import/images/nova-trouser-black.png,https://raw.githubusercontent.com/Shivam3-max/nova/main/import/images/nova-trouser-charcoal.png,2,NOVA Obsidian Trouser — Charcoal,,,,,
nova-obsidian-trouser,,,,,,,Color,Black,Size,32,NOVA-NOVAOBSIDI-BLA-32,shopify,12,deny,manual,6999.00,,TRUE,TRUE,https://raw.githubusercontent.com/Shivam3-max/nova/main/import/images/nova-trouser-black.png,,,,,,,,
nova-obsidian-trouser,,,,,,,Color,Black,Size,34,NOVA-NOVAOBSIDI-BLA-34,shopify,12,deny,manual,6999.00,,TRUE,TRUE,https://raw.githubusercontent.com/Shivam3-max/nova/main/import/images/nova-trouser-black.png,,,,,,,,
nova-obsidian-trouser,,,,,,,Color,Black,Size,36,NOVA-NOVAOBSIDI-BLA-36,shopify,12,deny,manual,6999.00,,TRUE,TRUE,https://raw.githubusercontent.com/Shivam3-max/nova/main/import/images/nova-trouser-black.png,,,,,,,,
nova-obsidian-trouser,,,,,,,Color,Charcoal,Size,28,NOVA-NOVAOBSIDI-CHA-28,shopify,12,deny,manual,6999.00,,TRUE,TRUE,https://raw.githubusercontent.com/Shivam3-max/nova/main/import/images/nova-trouser-charcoal.png,,,,,,,,
nova-obsidian-trouser,,,,,,,Color,Charcoal,Size,30,NOVA-NOVAOBSIDI-CHA-30,shopify,12,deny,manual,6999.00,,TRUE,TRUE,https://raw.githubusercontent.com/Shivam3-max/nova/main/import/images/nova-trouser-charcoal.png,,,,,,,,
nova-obsidian-trouser,,,,,,,Color,Charcoal,Size,32,NOVA-NOVAOBSIDI-CHA-32,shopify,12,deny,manual,6999.00,,TRUE,TRUE,https://raw.githubusercontent.com/Shivam3-max/nova/main/import/images/nova-trouser-charcoal.png,,,,,,,,
nova-obsidian-trouser,,,,,,,Color,Charcoal,Size,34,NOVA-NOVAOBSIDI-CHA-34,shopify,12,deny,manual,6999.00,,TRUE,TRUE,https://raw.githubusercontent.com/Shivam3-max/nova/main/import/images/nova-trouser-charcoal.png,,,,,,,,
nova-obsidian-trouser,,,,,,,Color,Charcoal,Size,36,NOVA-NOVAOBSIDI-CHA-36,shopify,0,deny,manual,6999.00,,TRUE,TRUE,https://raw.githubusercontent.com/Shivam3-max/nova/main/import/images/nova-trouser-charcoal.png,,,,,,,,
nova-plateau-trouser,NOVA Plateau Trouser,"<p>A pressed cotton drill trouser. Hidden elastic back, pressed front crease set with heat so it survives the wash.</p><p>Made in small batches, so no two pieces read exactly alike.</p>",NØVA,Trouser,"luxury, tailored",TRUE,Color,Black,Size,28,NOVA-NOVAPLATEA-BLA-28,shopify,71,deny,manual,6799.00,,TRUE,TRUE,https://raw.githubusercontent.com/Shivam3-max/nova/main/import/images/nova-trouser-black.png,https://raw.githubusercontent.com/Shivam3-max/nova/main/import/images/nova-trouser-black.png,1,NOVA Plateau Trouser — Black,active,,"Two per cent stretch through the warp, so it holds a crease and still sits down comfortably.",trouser,"[{""name"":""Black"",""swatch"":""#131316"",""art"":""nova-trouser-black""},{""name"":""Charcoal"",""swatch"":""#2c2d32"",""art"":""nova-trouser-charcoal""},{""name"":""Slate"",""swatch"":""#464d57"",""art"":""nova-trouser-slate""}]"
nova-plateau-trouser,,,,,,,Color,Black,Size,30,NOVA-NOVAPLATEA-BLA-30,shopify,71,deny,manual,6799.00,,TRUE,TRUE,https://raw.githubusercontent.com/Shivam3-max/nova/main/import/images/nova-trouser-black.png,https://raw.githubusercontent.com/Shivam3-max/nova/main/import/images/nova-trouser-charcoal.png,2,NOVA Plateau Trouser — Charcoal,,,,,
nova-plateau-trouser,,,,,,,Color,Black,Size,32,NOVA-NOVAPLATEA-BLA-32,shopify,71,deny,manual,6799.00,,TRUE,TRUE,https://raw.githubusercontent.com/Shivam3-max/nova/main/import/images/nova-trouser-black.png,https://raw.githubusercontent.com/Shivam3-max/nova/main/import/images/nova-trouser-slate.png,3,NOVA Plateau Trouser — Slate,,,,,
nova-plateau-trouser,,,,,,,Color,Black,Size,34,NOVA-NOVAPLATEA-BLA-34,shopify,71,deny,manual,6799.00,,TRUE,TRUE,https://raw.githubusercontent.com/Shivam3-max/nova/main/import/images/nova-trouser-black.png,,,,,,,,
nova-plateau-trouser,,,,,,,Color,Black,Size,36,NOVA-NOVAPLATEA-BLA-36,shopify,71,deny,manual,6799.00,,TRUE,TRUE,https://raw.githubusercontent.com/Shivam3-max/nova/main/import/images/nova-trouser-black.png,,,,,,,,
nova-plateau-trouser,,,,,,,Color,Charcoal,Size,28,NOVA-NOVAPLATEA-CHA-28,shopify,71,deny,manual,6799.00,,TRUE,TRUE,https://raw.githubusercontent.com/Shivam3-max/nova/main/import/images/nova-trouser-charcoal.png,,,,,,,,
nova-plateau-trouser,,,,,,,Color,Charcoal,Size,30,NOVA-NOVAPLATEA-CHA-30,shopify,71,deny,manual,6799.00,,TRUE,TRUE,https://raw.githubusercontent.com/Shivam3-max/nova/main/import/images/nova-trouser-charcoal.png,,,,,,,,
nova-plateau-trouser,,,,,,,Color,Charcoal,Size,32,NOVA-NOVAPLATEA-CHA-32,shopify,71,deny,manual,6799.00,,TRUE,TRUE,https://raw.githubusercontent.com/Shivam3-max/nova/main/import/images/nova-trouser-charcoal.png,,,,,,,,
nova-plateau-trouser,,,,,,,Color,Charcoal,Size,34,NOVA-NOVAPLATEA-CHA-34,shopify,71,deny,manual,6799.00,,TRUE,TRUE,https://raw.githubusercontent.com/Shivam3-max/nova/main/import/images/nova-trouser-charcoal.png,,,,,,,,
nova-plateau-trouser,,,,,,,Color,Charcoal,Size,36,NOVA-NOVAPLATEA-CHA-36,shopify,71,deny,manual,6799.00,,TRUE,TRUE,https://raw.githubusercontent.com/Shivam3-max/nova/main/import/images/nova-trouser-charcoal.png,,,,,,,,
nova-plateau-trouser,,,,,,,Color,Slate,Size,28,NOVA-NOVAPLATEA-SLA-28,shopify,71,deny,manual,6799.00,,TRUE,TRUE,https://raw.githubusercontent.com/Shivam3-max/nova/main/import/images/nova-trouser-slate.png,,,,,,,,
nova-plateau-trouser,,,,,,,Color,Slate,Size,30,NOVA-NOVAPLATEA-SLA-30,shopify,71,deny,manual,6799.00,,TRUE,TRUE,https://raw.githubusercontent.com/Shivam3-max/nova/main/import/images/nova-trouser-slate.png,,,,,,,,
nova-plateau-trouser,,,,,,,Color,Slate,Size,32,NOVA-NOVAPLATEA-SLA-32,shopify,71,deny,manual,6799.00,,TRUE,TRUE,https://raw.githubusercontent.com/Shivam3-max/nova/main/import/images/nova-trouser-slate.png,,,,,,,,
nova-plateau-trouser,,,,,,,Color,Slate,Size,34,NOVA-NOVAPLATEA-SLA-34,shopify,71,deny,manual,6799.00,,TRUE,TRUE,https://raw.githubusercontent.com/Shivam3-max/nova/main/import/images/nova-trouser-slate.png,,,,,,,,
nova-plateau-trouser,,,,,,,Color,Slate,Size,36,NOVA-NOVAPLATEA-SLA-36,shopify,0,deny,manual,6799.00,,TRUE,TRUE,https://raw.githubusercontent.com/Shivam3-max/nova/main/import/images/nova-trouser-slate.png,,,,,,,,
nova-quiet-trouser,NOVA Quiet Trouser,"<p>A tropical wool trouser. Hidden elastic back, pressed front crease set with heat so it survives the wash.</p><p>Made in small batches, so no two pieces read exactly alike.</p>",NØVA,Trouser,"luxury, tailored",TRUE,Color,Slate,Size,28,NOVA-NOVAQUIETT-SLA-28,shopify,34,deny,manual,4999.00,,TRUE,TRUE,https://raw.githubusercontent.com/Shivam3-max/nova/main/import/images/nova-trouser-slate.png,https://raw.githubusercontent.com/Shivam3-max/nova/main/import/images/nova-trouser-slate.png,1,NOVA Quiet Trouser — Slate,active,,"Two per cent stretch through the warp, so it holds a crease and still sits down comfortably.",trouser,"[{""name"":""Slate"",""swatch"":""#464d57"",""art"":""nova-trouser-slate""},{""name"":""Black"",""swatch"":""#131316"",""art"":""nova-trouser-black""},{""name"":""Charcoal"",""swatch"":""#2c2d32"",""art"":""nova-trouser-charcoal""}]"
nova-quiet-trouser,,,,,,,Color,Slate,Size,30,NOVA-NOVAQUIETT-SLA-30,shopify,34,deny,manual,4999.00,,TRUE,TRUE,https://raw.githubusercontent.com/Shivam3-max/nova/main/import/images/nova-trouser-slate.png,https://raw.githubusercontent.com/Shivam3-max/nova/main/import/images/nova-trouser-black.png,2,NOVA Quiet Trouser — Black,,,,,
nova-quiet-trouser,,,,,,,Color,Slate,Size,32,NOVA-NOVAQUIETT-SLA-32,shopify,34,deny,manual,4999.00,,TRUE,TRUE,https://raw.githubusercontent.com/Shivam3-max/nova/main/import/images/nova-trouser-slate.png,https://raw.githubusercontent.com/Shivam3-max/nova/main/import/images/nova-trouser-charcoal.png,3,NOVA Quiet Trouser — Charcoal,,,,,
nova-quiet-trouser,,,,,,,Color,Slate,Size,34,NOVA-NOVAQUIETT-SLA-34,shopify,34,deny,manual,4999.00,,TRUE,TRUE,https://raw.githubusercontent.com/Shivam3-max/nova/main/import/images/nova-trouser-slate.png,,,,,,,,
nova-quiet-trouser,,,,,,,Color,Slate,Size,36,NOVA-NOVAQUIETT-SLA-36,shopify,34,deny,manual,4999.00,,TRUE,TRUE,https://raw.githubusercontent.com/Shivam3-max/nova/main/import/images/nova-trouser-slate.png,,,,,,,,
nova-quiet-trouser,,,,,,,Color,Black,Size,28,NOVA-NOVAQUIETT-BLA-28,shopify,34,deny,manual,4999.00,,TRUE,TRUE,https://raw.githubusercontent.com/Shivam3-max/nova/main/import/images/nova-trouser-black.png,,,,,,,,
nova-quiet-trouser,,,,,,,Color,Black,Size,30,NOVA-NOVAQUIETT-BLA-30,shopify,34,deny,manual,4999.00,,TRUE,TRUE,https://raw.githubusercontent.com/Shivam3-max/nova/main/import/images/nova-trouser-black.png,,,,,,,,
nova-quiet-trouser,,,,,,,Color,Black,Size,32,NOVA-NOVAQUIETT-BLA-32,shopify,34,deny,manual,4999.00,,TRUE,TRUE,https://raw.githubusercontent.com/Shivam3-max/nova/main/import/images/nova-trouser-black.png,,,,,,,,
nova-quiet-trouser,,,,,,,Color,Black,Size,34,NOVA-NOVAQUIETT-BLA-34,shopify,34,deny,manual,4999.00,,TRUE,TRUE,https://raw.githubusercontent.com/Shivam3-max/nova/main/import/images/nova-trouser-black.png,,,,,,,,
nova-quiet-trouser,,,,,,,Color,Black,Size,36,NOVA-NOVAQUIETT-BLA-36,shopify,34,deny,manual,4999.00,,TRUE,TRUE,https://raw.githubusercontent.com/Shivam3-max/nova/main/import/images/nova-trouser-black.png,,,,,,,,
nova-quiet-trouser,,,,,,,Color,Charcoal,Size,28,NOVA-NOVAQUIETT-CHA-28,shopify,34,deny,manual,4999.00,,TRUE,TRUE,https://raw.githubusercontent.com/Shivam3-max/nova/main/import/images/nova-trouser-charcoal.png,,,,,,,,
nova-quiet-trouser,,,,,,,Color,Charcoal,Size,30,NOVA-NOVAQUIETT-CHA-30,shopify,34,deny,manual,4999.00,,TRUE,TRUE,https://raw.githubusercontent.com/Shivam3-max/nova/main/import/images/nova-trouser-charcoal.png,,,,,,,,
nova-quiet-trouser,,,,,,,Color,Charcoal,Size,32,NOVA-NOVAQUIETT-CHA-32,shopify,34,deny,manual,4999.00,,TRUE,TRUE,https://raw.githubusercontent.com/Shivam3-max/nova/main/import/images/nova-trouser-charcoal.png,,,,,,,,
nova-quiet-trouser,,,,,,,Color,Charcoal,Size,34,NOVA-NOVAQUIETT-CHA-34,shopify,34,deny,manual,4999.00,,TRUE,TRUE,https://raw.githubusercontent.com/Shivam3-max/nova/main/import/images/nova-trouser-charcoal.png,,,,,,,,
nova-quiet-trouser,,,,,,,Color,Charcoal,Size,36,NOVA-NOVAQUIETT-CHA-36,shopify,0,deny,manual,4999.00,,TRUE,TRUE,https://raw.githubusercontent.com/Shivam3-max/nova/main/import/images/nova-trouser-charcoal.png,,,,,,,,
nova-rampart-trouser,NOVA Rampart Trouser,"<p>A stretch twill trouser. Hidden elastic back, pressed front crease set with heat so it survives the wash.</p><p>Made in small batches, so no two pieces read exactly alike.</p>",NØVA,Trouser,"luxury, tailored",TRUE,Color,Slate,Size,28,NOVA-NOVARAMPAR-SLA-28,shopify,59,deny,manual,7199.00,,TRUE,TRUE,https://raw.githubusercontent.com/Shivam3-max/nova/main/import/images/nova-trouser-slate.png,https://raw.githubusercontent.com/Shivam3-max/nova/main/import/images/nova-trouser-slate.png,1,NOVA Rampart Trouser — Slate,active,,"Two per cent stretch through the warp, so it holds a crease and still sits down comfortably.",trouser,"[{""name"":""Slate"",""swatch"":""#464d57"",""art"":""nova-trouser-slate""},{""name"":""Black"",""swatch"":""#131316"",""art"":""nova-trouser-black""},{""name"":""Charcoal"",""swatch"":""#2c2d32"",""art"":""nova-trouser-charcoal""}]"
nova-rampart-trouser,,,,,,,Color,Slate,Size,30,NOVA-NOVARAMPAR-SLA-30,shopify,59,deny,manual,7199.00,,TRUE,TRUE,https://raw.githubusercontent.com/Shivam3-max/nova/main/import/images/nova-trouser-slate.png,https://raw.githubusercontent.com/Shivam3-max/nova/main/import/images/nova-trouser-black.png,2,NOVA Rampart Trouser — Black,,,,,
nova-rampart-trouser,,,,,,,Color,Slate,Size,32,NOVA-NOVARAMPAR-SLA-32,shopify,59,deny,manual,7199.00,,TRUE,TRUE,https://raw.githubusercontent.com/Shivam3-max/nova/main/import/images/nova-trouser-slate.png,https://raw.githubusercontent.com/Shivam3-max/nova/main/import/images/nova-trouser-charcoal.png,3,NOVA Rampart Trouser — Charcoal,,,,,
nova-rampart-trouser,,,,,,,Color,Slate,Size,34,NOVA-NOVARAMPAR-SLA-34,shopify,59,deny,manual,7199.00,,TRUE,TRUE,https://raw.githubusercontent.com/Shivam3-max/nova/main/import/images/nova-trouser-slate.png,,,,,,,,
nova-rampart-trouser,,,,,,,Color,Slate,Size,36,NOVA-NOVARAMPAR-SLA-36,shopify,59,deny,manual,7199.00,,TRUE,TRUE,https://raw.githubusercontent.com/Shivam3-max/nova/main/import/images/nova-trouser-slate.png,,,,,,,,
nova-rampart-trouser,,,,,,,Color,Black,Size,28,NOVA-NOVARAMPAR-BLA-28,shopify,59,deny,manual,7199.00,,TRUE,TRUE,https://raw.githubusercontent.com/Shivam3-max/nova/main/import/images/nova-trouser-black.png,,,,,,,,
nova-rampart-trouser,,,,,,,Color,Black,Size,30,NOVA-NOVARAMPAR-BLA-30,shopify,59,deny,manual,7199.00,,TRUE,TRUE,https://raw.githubusercontent.com/Shivam3-max/nova/main/import/images/nova-trouser-black.png,,,,,,,,
nova-rampart-trouser,,,,,,,Color,Black,Size,32,NOVA-NOVARAMPAR-BLA-32,shopify,59,deny,manual,7199.00,,TRUE,TRUE,https://raw.githubusercontent.com/Shivam3-max/nova/main/import/images/nova-trouser-black.png,,,,,,,,
nova-rampart-trouser,,,,,,,Color,Black,Size,34,NOVA-NOVARAMPAR-BLA-34,shopify,59,deny,manual,7199.00,,TRUE,TRUE,https://raw.githubusercontent.com/Shivam3-max/nova/main/import/images/nova-trouser-black.png,,,,,,,,
nova-rampart-trouser,,,,,,,Color,Black,Size,36,NOVA-NOVARAMPAR-BLA-36,shopify,59,deny,manual,7199.00,,TRUE,TRUE,https://raw.githubusercontent.com/Shivam3-max/nova/main/import/images/nova-trouser-black.png,,,,,,,,
nova-rampart-trouser,,,,,,,Color,Charcoal,Size,28,NOVA-NOVARAMPAR-CHA-28,shopify,59,deny,manual,7199.00,,TRUE,TRUE,https://raw.githubusercontent.com/Shivam3-max/nova/main/import/images/nova-trouser-charcoal.png,,,,,,,,
nova-rampart-trouser,,,,,,,Color,Charcoal,Size,30,NOVA-NOVARAMPAR-CHA-30,shopify,59,deny,manual,7199.00,,TRUE,TRUE,https://raw.githubusercontent.com/Shivam3-max/nova/main/import/images/nova-trouser-charcoal.png,,,,,,,,
nova-rampart-trouser,,,,,,,Color,Charcoal,Size,32,NOVA-NOVARAMPAR-CHA-32,shopify,59,deny,manual,7199.00,,TRUE,TRUE,https://raw.githubusercontent.com/Shivam3-max/nova/main/import/images/nova-trouser-charcoal.png,,,,,,,,
nova-rampart-trouser,,,,,,,Color,Charcoal,Size,34,NOVA-NOVARAMPAR-CHA-34,shopify,59,deny,manual,7199.00,,TRUE,TRUE,https://raw.githubusercontent.com/Shivam3-max/nova/main/import/images/nova-trouser-charcoal.png,,,,,,,,
nova-rampart-trouser,,,,,,,Color,Charcoal,Size,36,NOVA-NOVARAMPAR-CHA-36,shopify,0,deny,manual,7199.00,,TRUE,TRUE,https://raw.githubusercontent.com/Shivam3-max/nova/main/import/images/nova-trouser-charcoal.png,,,,,,,,
nova-stratum-shirt,NOVA Stratum Shirt,"<p>A linen-cotton canvas shirt. Camp collar, straight hem, relaxed through the chest and meant to be worn open.</p><p>Made in small batches, so no two pieces read exactly alike.</p>",NØVA,Shirt,luxury,TRUE,Color,Off White,Size,XS,NOVA-NOVASTRATU-OFF-XS,shopify,59,deny,manual,5799.00,,TRUE,TRUE,https://raw.githubusercontent.com/Shivam3-max/nova/main/import/images/nova-shirt-offwhite.png,https://raw.githubusercontent.com/Shivam3-max/nova/main/import/images/nova-shirt-offwhite.png,1,NOVA Stratum Shirt — Off White,active,,Poplin washed twice for softness. The collar is interlined lightly so it rolls instead of standing.,shirt,"[{""name"":""Off White"",""swatch"":""#f0eeea"",""art"":""nova-shirt-offwhite""},{""name"":""Bone"",""swatch"":""#e3ded4"",""art"":""nova-shirt-bone""}]"
nova-stratum-shirt,,,,,,,Color,Off White,Size,S,NOVA-NOVASTRATU-OFF-S,shopify,59,deny,manual,5799.00,,TRUE,TRUE,https://raw.githubusercontent.com/Shivam3-max/nova/main/import/images/nova-shirt-offwhite.png,https://raw.githubusercontent.com/Shivam3-max/nova/main/import/images/nova-shirt-bone.png,2,NOVA Stratum Shirt — Bone,,,,,
nova-stratum-shirt,,,,,,,Color,Off White,Size,M,NOVA-NOVASTRATU-OFF-M,shopify,59,deny,manual,5799.00,,TRUE,TRUE,https://raw.githubusercontent.com/Shivam3-max/nova/main/import/images/nova-shirt-offwhite.png,,,,,,,,
nova-stratum-shirt,,,,,,,Color,Off White,Size,L,NOVA-NOVASTRATU-OFF-L,shopify,59,deny,manual,5799.00,,TRUE,TRUE,https://raw.githubusercontent.com/Shivam3-max/nova/main/import/images/nova-shirt-offwhite.png,,,,,,,,
nova-stratum-shirt,,,,,,,Color,Off White,Size,XL,NOVA-NOVASTRATU-OFF-XL,shopify,59,deny,manual,5799.00,,TRUE,TRUE,https://raw.githubusercontent.com/Shivam3-max/nova/main/import/images/nova-shirt-offwhite.png,,,,,,,,
nova-stratum-shirt,,,,,,,Color,Off White,Size,XXL,NOVA-NOVASTRATU-OFF-XXL,shopify,59,deny,manual,5799.00,,TRUE,TRUE,https://raw.githubusercontent.com/Shivam3-max/nova/main/import/images/nova-shirt-offwhite.png,,,,,,,,
nova-stratum-shirt,,,,,,,Color,Bone,Size,XS,NOVA-NOVASTRATU-BON-XS,shopify,59,deny,manual,5799.00,,TRUE,TRUE,https://raw.githubusercontent.com/Shivam3-max/nova/main/import/images/nova-shirt-bone.png,,,,,,,,
nova-stratum-shirt,,,,,,,Color,Bone,Size,S,NOVA-NOVASTRATU-BON-S,shopify,59,deny,manual,5799.00,,TRUE,TRUE,https://raw.githubusercontent.com/Shivam3-max/nova/main/import/images/nova-shirt-bone.png,,,,,,,,
nova-stratum-shirt,,,,,,,Color,Bone,Size,M,NOVA-NOVASTRATU-BON-M,shopify,59,deny,manual,5799.00,,TRUE,TRUE,https://raw.githubusercontent.com/Shivam3-max/nova/main/import/images/nova-shirt-bone.png,,,,,,,,
nova-stratum-shirt,,,,,,,Color,Bone,Size,L,NOVA-NOVASTRATU-BON-L,shopify,59,deny,manual,5799.00,,TRUE,TRUE,https://raw.githubusercontent.com/Shivam3-max/nova/main/import/images/nova-shirt-bone.png,,,,,,,,
nova-stratum-shirt,,,,,,,Color,Bone,Size,XL,NOVA-NOVASTRATU-BON-XL,shopify,59,deny,manual,5799.00,,TRUE,TRUE,https://raw.githubusercontent.com/Shivam3-max/nova/main/import/images/nova-shirt-bone.png,,,,,,,,
nova-stratum-shirt,,,,,,,Color,Bone,Size,XXL,NOVA-NOVASTRATU-BON-XXL,shopify,0,deny,manual,5799.00,,TRUE,TRUE,https://raw.githubusercontent.com/Shivam3-max/nova/main/import/images/nova-shirt-bone.png,,,,,,,,
nova-threshold-shirt,NOVA Threshold Shirt,"<p>A washed cotton poplin shirt. Camp collar, straight hem, relaxed through the chest and meant to be worn open.</p><p>Made in small batches, so no two pieces read exactly alike.</p>",NØVA,Shirt,luxury,TRUE,Color,Bone,Size,XS,NOVA-NOVATHRESH-BON-XS,shopify,49,deny,manual,6399.00,,TRUE,TRUE,https://raw.githubusercontent.com/Shivam3-max/nova/main/import/images/nova-shirt-bone.png,https://raw.githubusercontent.com/Shivam3-max/nova/main/import/images/nova-shirt-bone.png,1,NOVA Threshold Shirt — Bone,active,NEW,Poplin washed twice for softness. The collar is interlined lightly so it rolls instead of standing.,shirt,"[{""name"":""Bone"",""swatch"":""#e3ded4"",""art"":""nova-shirt-bone""},{""name"":""Off White"",""swatch"":""#f0eeea"",""art"":""nova-shirt-offwhite""}]"
nova-threshold-shirt,,,,,,,Color,Bone,Size,S,NOVA-NOVATHRESH-BON-S,shopify,49,deny,manual,6399.00,,TRUE,TRUE,https://raw.githubusercontent.com/Shivam3-max/nova/main/import/images/nova-shirt-bone.png,https://raw.githubusercontent.com/Shivam3-max/nova/main/import/images/nova-shirt-offwhite.png,2,NOVA Threshold Shirt — Off White,,,,,
nova-threshold-shirt,,,,,,,Color,Bone,Size,M,NOVA-NOVATHRESH-BON-M,shopify,49,deny,manual,6399.00,,TRUE,TRUE,https://raw.githubusercontent.com/Shivam3-max/nova/main/import/images/nova-shirt-bone.png,,,,,,,,
nova-threshold-shirt,,,,,,,Color,Bone,Size,L,NOVA-NOVATHRESH-BON-L,shopify,49,deny,manual,6399.00,,TRUE,TRUE,https://raw.githubusercontent.com/Shivam3-max/nova/main/import/images/nova-shirt-bone.png,,,,,,,,
nova-threshold-shirt,,,,,,,Color,Bone,Size,XL,NOVA-NOVATHRESH-BON-XL,shopify,49,deny,manual,6399.00,,TRUE,TRUE,https://raw.githubusercontent.com/Shivam3-max/nova/main/import/images/nova-shirt-bone.png,,,,,,,,
nova-threshold-shirt,,,,,,,Color,Bone,Size,XXL,NOVA-NOVATHRESH-BON-XXL,shopify,49,deny,manual,6399.00,,TRUE,TRUE,https://raw.githubusercontent.com/Shivam3-max/nova/main/import/images/nova-shirt-bone.png,,,,,,,,
nova-threshold-shirt,,,,,,,Color,Off White,Size,XS,NOVA-NOVATHRESH-OFF-XS,shopify,49,deny,manual,6399.00,,TRUE,TRUE,https://raw.githubusercontent.com/Shivam3-max/nova/main/import/images/nova-shirt-offwhite.png,,,,,,,,
nova-threshold-shirt,,,,,,,Color,Off White,Size,S,NOVA-NOVATHRESH-OFF-S,shopify,49,deny,manual,6399.00,,TRUE,TRUE,https://raw.githubusercontent.com/Shivam3-max/nova/main/import/images/nova-shirt-offwhite.png,,,,,,,,
nova-threshold-shirt,,,,,,,Color,Off White,Size,M,NOVA-NOVATHRESH-OFF-M,shopify,49,deny,manual,6399.00,,TRUE,TRUE,https://raw.githubusercontent.com/Shivam3-max/nova/main/import/images/nova-shirt-offwhite.png,,,,,,,,
nova-threshold-shirt,,,,,,,Color,Off White,Size,L,NOVA-NOVATHRESH-OFF-L,shopify,49,deny,manual,6399.00,,TRUE,TRUE,https://raw.githubusercontent.com/Shivam3-max/nova/main/import/images/nova-shirt-offwhite.png,,,,,,,,
nova-threshold-shirt,,,,,,,Color,Off White,Size,XL,NOVA-NOVATHRESH-OFF-XL,shopify,49,deny,manual,6399.00,,TRUE,TRUE,https://raw.githubusercontent.com/Shivam3-max/nova/main/import/images/nova-shirt-offwhite.png,,,,,,,,
nova-threshold-shirt,,,,,,,Color,Off White,Size,XXL,NOVA-NOVATHRESH-OFF-XXL,shopify,0,deny,manual,6399.00,,TRUE,TRUE,https://raw.githubusercontent.com/Shivam3-max/nova/main/import/images/nova-shirt-offwhite.png,,,,,,,,
nova-underline-shirt,NOVA Underline Shirt,"<p>A linen-cotton canvas shirt. Camp collar, straight hem, relaxed through the chest and meant to be worn open.</p><p>Made in small batches, so no two pieces read exactly alike.</p>",NØVA,Shirt,luxury,TRUE,Color,Bone,Size,XS,NOVA-NOVAUNDERL-BON-XS,shopify,59,deny,manual,5099.00,6399.00,TRUE,TRUE,https://raw.githubusercontent.com/Shivam3-max/nova/main/import/images/nova-shirt-bone.png,https://raw.githubusercontent.com/Shivam3-max/nova/main/import/images/nova-shirt-bone.png,1,NOVA Underline Shirt — Bone,active,,Poplin washed twice for softness. The collar is interlined lightly so it rolls instead of standing.,shirt,"[{""name"":""Bone"",""swatch"":""#e3ded4"",""art"":""nova-shirt-bone""},{""name"":""Off White"",""swatch"":""#f0eeea"",""art"":""nova-shirt-offwhite""}]"
nova-underline-shirt,,,,,,,Color,Bone,Size,S,NOVA-NOVAUNDERL-BON-S,shopify,59,deny,manual,5099.00,6399.00,TRUE,TRUE,https://raw.githubusercontent.com/Shivam3-max/nova/main/import/images/nova-shirt-bone.png,https://raw.githubusercontent.com/Shivam3-max/nova/main/import/images/nova-shirt-offwhite.png,2,NOVA Underline Shirt — Off White,,,,,
nova-underline-shirt,,,,,,,Color,Bone,Size,M,NOVA-NOVAUNDERL-BON-M,shopify,59,deny,manual,5099.00,6399.00,TRUE,TRUE,https://raw.githubusercontent.com/Shivam3-max/nova/main/import/images/nova-shirt-bone.png,,,,,,,,
nova-underline-shirt,,,,,,,Color,Bone,Size,L,NOVA-NOVAUNDERL-BON-L,shopify,59,deny,manual,5099.00,6399.00,TRUE,TRUE,https://raw.githubusercontent.com/Shivam3-max/nova/main/import/images/nova-shirt-bone.png,,,,,,,,
nova-underline-shirt,,,,,,,Color,Bone,Size,XL,NOVA-NOVAUNDERL-BON-XL,shopify,59,deny,manual,5099.00,6399.00,TRUE,TRUE,https://raw.githubusercontent.com/Shivam3-max/nova/main/import/images/nova-shirt-bone.png,,,,,,,,
nova-underline-shirt,,,,,,,Color,Bone,Size,XXL,NOVA-NOVAUNDERL-BON-XXL,shopify,59,deny,manual,5099.00,6399.00,TRUE,TRUE,https://raw.githubusercontent.com/Shivam3-max/nova/main/import/images/nova-shirt-bone.png,,,,,,,,
nova-underline-shirt,,,,,,,Color,Off White,Size,XS,NOVA-NOVAUNDERL-OFF-XS,shopify,59,deny,manual,5099.00,6399.00,TRUE,TRUE,https://raw.githubusercontent.com/Shivam3-max/nova/main/import/images/nova-shirt-offwhite.png,,,,,,,,
nova-underline-shirt,,,,,,,Color,Off White,Size,S,NOVA-NOVAUNDERL-OFF-S,shopify,59,deny,manual,5099.00,6399.00,TRUE,TRUE,https://raw.githubusercontent.com/Shivam3-max/nova/main/import/images/nova-shirt-offwhite.png,,,,,,,,
nova-underline-shirt,,,,,,,Color,Off White,Size,M,NOVA-NOVAUNDERL-OFF-M,shopify,59,deny,manual,5099.00,6399.00,TRUE,TRUE,https://raw.githubusercontent.com/Shivam3-max/nova/main/import/images/nova-shirt-offwhite.png,,,,,,,,
nova-underline-shirt,,,,,,,Color,Off White,Size,L,NOVA-NOVAUNDERL-OFF-L,shopify,59,deny,manual,5099.00,6399.00,TRUE,TRUE,https://raw.githubusercontent.com/Shivam3-max/nova/main/import/images/nova-shirt-offwhite.png,,,,,,,,
nova-underline-shirt,,,,,,,Color,Off White,Size,XL,NOVA-NOVAUNDERL-OFF-XL,shopify,59,deny,manual,5099.00,6399.00,TRUE,TRUE,https://raw.githubusercontent.com/Shivam3-max/nova/main/import/images/nova-shirt-offwhite.png,,,,,,,,
nova-underline-shirt,,,,,,,Color,Off White,Size,XXL,NOVA-NOVAUNDERL-OFF-XXL,shopify,0,deny,manual,5099.00,6399.00,TRUE,TRUE,https://raw.githubusercontent.com/Shivam3-max/nova/main/import/images/nova-shirt-offwhite.png,,,,,,,,
nova-column-dress,NOVA Column Dress,"<p>A satin-back crepe dress. Falls straight from the shoulder with no closure, hem hand-rolled.</p><p>Made in small batches, so no two pieces read exactly alike.</p>",NØVA,Dress,"women, luxury, drop",TRUE,Color,Black,Size,XS,NOVA-NOVACOLUMN-BLA-XS,shopify,66,deny,manual,5799.00,,TRUE,TRUE,https://raw.githubusercontent.com/Shivam3-max/nova/main/import/images/nova-dress-black.png,https://raw.githubusercontent.com/Shivam3-max/nova/main/import/images/nova-dress-black.png,1,NOVA Column Dress — Black,active,DROP 01,Cut on the true bias so the fabric moves with the body rather than against it.,dress,"[{""name"":""Black"",""swatch"":""#131316"",""art"":""nova-dress-black""},{""name"":""Bone"",""swatch"":""#e3ded4"",""art"":""nova-dress-bone""},{""name"":""Ink"",""swatch"":""#1a1d24"",""art"":""nova-dress-ink""}]"
nova-column-dress,,,,,,,Color,Black,Size,S,NOVA-NOVACOLUMN-BLA-S,shopify,66,deny,manual,5799.00,,TRUE,TRUE,https://raw.githubusercontent.com/Shivam3-max/nova/main/import/images/nova-dress-black.png,https://raw.githubusercontent.com/Shivam3-max/nova/main/import/images/nova-dress-bone.png,2,NOVA Column Dress — Bone,,,,,
nova-column-dress,,,,,,,Color,Black,Size,M,NOVA-NOVACOLUMN-BLA-M,shopify,66,deny,manual,5799.00,,TRUE,TRUE,https://raw.githubusercontent.com/Shivam3-max/nova/main/import/images/nova-dress-black.png,https://raw.githubusercontent.com/Shivam3-max/nova/main/import/images/nova-dress-ink.png,3,NOVA Column Dress — Ink,,,,,
nova-column-dress,,,,,,,Color,Black,Size,L,NOVA-NOVACOLUMN-BLA-L,shopify,66,deny,manual,5799.00,,TRUE,TRUE,https://raw.githubusercontent.com/Shivam3-max/nova/main/import/images/nova-dress-black.png,,,,,,,,
nova-column-dress,,,,,,,Color,Black,Size,XL,NOVA-NOVACOLUMN-BLA-XL,shopify,66,deny,manual,5799.00,,TRUE,TRUE,https://raw.githubusercontent.com/Shivam3-max/nova/main/import/images/nova-dress-black.png,,,,,,,,
nova-column-dress,,,,,,,Color,Black,Size,XXL,NOVA-NOVACOLUMN-BLA-XXL,shopify,66,deny,manual,5799.00,,TRUE,TRUE,https://raw.githubusercontent.com/Shivam3-max/nova/main/import/images/nova-dress-black.png,,,,,,,,
nova-column-dress,,,,,,,Color,Bone,Size,XS,NOVA-NOVACOLUMN-BON-XS,shopify,66,deny,manual,5799.00,,TRUE,TRUE,https://raw.githubusercontent.com/Shivam3-max/nova/main/import/images/nova-dress-bone.png,,,,,,,,
nova-column-dress,,,,,,,Color,Bone,Size,S,NOVA-NOVACOLUMN-BON-S,shopify,66,deny,manual,5799.00,,TRUE,TRUE,https://raw.githubusercontent.com/Shivam3-max/nova/main/import/images/nova-dress-bone.png,,,,,,,,
nova-column-dress,,,,,,,Color,Bone,Size,M,NOVA-NOVACOLUMN-BON-M,shopify,66,deny,manual,5799.00,,TRUE,TRUE,https://raw.githubusercontent.com/Shivam3-max/nova/main/import/images/nova-dress-bone.png,,,,,,,,
nova-column-dress,,,,,,,Color,Bone,Size,L,NOVA-NOVACOLUMN-BON-L,shopify,66,deny,manual,5799.00,,TRUE,TRUE,https://raw.githubusercontent.com/Shivam3-max/nova/main/import/images/nova-dress-bone.png,,,,,,,,
nova-column-dress,,,,,,,Color,Bone,Size,XL,NOVA-NOVACOLUMN-BON-XL,shopify,66,deny,manual,5799.00,,TRUE,TRUE,https://raw.githubusercontent.com/Shivam3-max/nova/main/import/images/nova-dress-bone.png,,,,,,,,
nova-column-dress,,,,,,,Color,Bone,Size,XXL,NOVA-NOVACOLUMN-BON-XXL,shopify,66,deny,manual,5799.00,,TRUE,TRUE,https://raw.githubusercontent.com/Shivam3-max/nova/main/import/images/nova-dress-bone.png,,,,,,,,
nova-column-dress,,,,,,,Color,Ink,Size,XS,NOVA-NOVACOLUMN-INK-XS,shopify,66,deny,manual,5799.00,,TRUE,TRUE,https://raw.githubusercontent.com/Shivam3-max/nova/main/import/images/nova-dress-ink.png,,,,,,,,
nova-column-dress,,,,,,,Color,Ink,Size,S,NOVA-NOVACOLUMN-INK-S,shopify,66,deny,manual,5799.00,,TRUE,TRUE,https://raw.githubusercontent.com/Shivam3-max/nova/main/import/images/nova-dress-ink.png,,,,,,,,
nova-column-dress,,,,,,,Color,Ink,Size,M,NOVA-NOVACOLUMN-INK-M,shopify,66,deny,manual,5799.00,,TRUE,TRUE,https://raw.githubusercontent.com/Shivam3-max/nova/main/import/images/nova-dress-ink.png,,,,,,,,
nova-column-dress,,,,,,,Color,Ink,Size,L,NOVA-NOVACOLUMN-INK-L,shopify,66,deny,manual,5799.00,,TRUE,TRUE,https://raw.githubusercontent.com/Shivam3-max/nova/main/import/images/nova-dress-ink.png,,,,,,,,
nova-column-dress,,,,,,,Color,Ink,Size,XL,NOVA-NOVACOLUMN-INK-XL,shopify,66,deny,manual,5799.00,,TRUE,TRUE,https://raw.githubusercontent.com/Shivam3-max/nova/main/import/images/nova-dress-ink.png,,,,,,,,
nova-column-dress,,,,,,,Color,Ink,Size,XXL,NOVA-NOVACOLUMN-INK-XXL,shopify,0,deny,manual,5799.00,,TRUE,TRUE,https://raw.githubusercontent.com/Shivam3-max/nova/main/import/images/nova-dress-ink.png,,,,,,,,
nova-vellum-dress,NOVA Vellum Dress,"<p>A heavy matte georgette dress. Falls straight from the shoulder with no closure, hem hand-rolled.</p><p>Made in small batches, so no two pieces read exactly alike.</p>",NØVA,Dress,"women, luxury",TRUE,Color,Black,Size,XS,NOVA-NOVAVELLUM-BLA-XS,shopify,42,deny,manual,5699.00,,TRUE,TRUE,https://raw.githubusercontent.com/Shivam3-max/nova/main/import/images/nova-dress-black.png,https://raw.githubusercontent.com/Shivam3-max/nova/main/import/images/nova-dress-black.png,1,NOVA Vellum Dress — Black,active,,Cut on the true bias so the fabric moves with the body rather than against it.,dress,"[{""name"":""Black"",""swatch"":""#131316"",""art"":""nova-dress-black""},{""name"":""Bone"",""swatch"":""#e3ded4"",""art"":""nova-dress-bone""}]"
nova-vellum-dress,,,,,,,Color,Black,Size,S,NOVA-NOVAVELLUM-BLA-S,shopify,42,deny,manual,5699.00,,TRUE,TRUE,https://raw.githubusercontent.com/Shivam3-max/nova/main/import/images/nova-dress-black.png,https://raw.githubusercontent.com/Shivam3-max/nova/main/import/images/nova-dress-bone.png,2,NOVA Vellum Dress — Bone,,,,,
nova-vellum-dress,,,,,,,Color,Black,Size,M,NOVA-NOVAVELLUM-BLA-M,shopify,42,deny,manual,5699.00,,TRUE,TRUE,https://raw.githubusercontent.com/Shivam3-max/nova/main/import/images/nova-dress-black.png,,,,,,,,
nova-vellum-dress,,,,,,,Color,Black,Size,L,NOVA-NOVAVELLUM-BLA-L,shopify,42,deny,manual,5699.00,,TRUE,TRUE,https://raw.githubusercontent.com/Shivam3-max/nova/main/import/images/nova-dress-black.png,,,,,,,,
nova-vellum-dress,,,,,,,Color,Black,Size,XL,NOVA-NOVAVELLUM-BLA-XL,shopify,42,deny,manual,5699.00,,TRUE,TRUE,https://raw.githubusercontent.com/Shivam3-max/nova/main/import/images/nova-dress-black.png,,,,,,,,
nova-vellum-dress,,,,,,,Color,Black,Size,XXL,NOVA-NOVAVELLUM-BLA-XXL,shopify,42,deny,manual,5699.00,,TRUE,TRUE,https://raw.githubusercontent.com/Shivam3-max/nova/main/import/images/nova-dress-black.png,,,,,,,,
nova-vellum-dress,,,,,,,Color,Bone,Size,XS,NOVA-NOVAVELLUM-BON-XS,shopify,42,deny,manual,5699.00,,TRUE,TRUE,https://raw.githubusercontent.com/Shivam3-max/nova/main/import/images/nova-dress-bone.png,,,,,,,,
nova-vellum-dress,,,,,,,Color,Bone,Size,S,NOVA-NOVAVELLUM-BON-S,shopify,42,deny,manual,5699.00,,TRUE,TRUE,https://raw.githubusercontent.com/Shivam3-max/nova/main/import/images/nova-dress-bone.png,,,,,,,,
nova-vellum-dress,,,,,,,Color,Bone,Size,M,NOVA-NOVAVELLUM-BON-M,shopify,42,deny,manual,5699.00,,TRUE,TRUE,https://raw.githubusercontent.com/Shivam3-max/nova/main/import/images/nova-dress-bone.png,,,,,,,,
nova-vellum-dress,,,,,,,Color,Bone,Size,L,NOVA-NOVAVELLUM-BON-L,shopify,42,deny,manual,5699.00,,TRUE,TRUE,https://raw.githubusercontent.com/Shivam3-max/nova/main/import/images/nova-dress-bone.png,,,,,,,,
nova-vellum-dress,,,,,,,Color,Bone,Size,XL,NOVA-NOVAVELLUM-BON-XL,shopify,42,deny,manual,5699.00,,TRUE,TRUE,https://raw.githubusercontent.com/Shivam3-max/nova/main/import/images/nova-dress-bone.png,,,,,,,,
nova-vellum-dress,,,,,,,Color,Bone,Size,XXL,NOVA-NOVAVELLUM-BON-XXL,shopify,0,deny,manual,5699.00,,TRUE,TRUE,https://raw.githubusercontent.com/Shivam3-max/nova/main/import/images/nova-dress-bone.png,,,,,,,,
nova-wick-dress,NOVA Wick Dress,"<p>A heavy matte georgette dress. Falls straight from the shoulder with no closure, hem hand-rolled.</p><p>Made in small batches, so no two pieces read exactly alike.</p>",NØVA,Dress,"women, luxury",TRUE,Color,Ink,Size,XS,NOVA-NOVAWICKDR-INK-XS,shopify,90,deny,manual,5399.00,6699.00,TRUE,TRUE,https://raw.githubusercontent.com/Shivam3-max/nova/main/import/images/nova-dress-ink.png,https://raw.githubusercontent.com/Shivam3-max/nova/main/import/images/nova-dress-ink.png,1,NOVA Wick Dress — Ink,active,,Cut on the true bias so the fabric moves with the body rather than against it.,dress,"[{""name"":""Ink"",""swatch"":""#1a1d24"",""art"":""nova-dress-ink""},{""name"":""Sand"",""swatch"":""#c6bcab"",""art"":""nova-dress-sand""},{""name"":""Black"",""swatch"":""#131316"",""art"":""nova-dress-black""}]"
nova-wick-dress,,,,,,,Color,Ink,Size,S,NOVA-NOVAWICKDR-INK-S,shopify,90,deny,manual,5399.00,6699.00,TRUE,TRUE,https://raw.githubusercontent.com/Shivam3-max/nova/main/import/images/nova-dress-ink.png,https://raw.githubusercontent.com/Shivam3-max/nova/main/import/images/nova-dress-sand.png,2,NOVA Wick Dress — Sand,,,,,
nova-wick-dress,,,,,,,Color,Ink,Size,M,NOVA-NOVAWICKDR-INK-M,shopify,90,deny,manual,5399.00,6699.00,TRUE,TRUE,https://raw.githubusercontent.com/Shivam3-max/nova/main/import/images/nova-dress-ink.png,https://raw.githubusercontent.com/Shivam3-max/nova/main/import/images/nova-dress-black.png,3,NOVA Wick Dress — Black,,,,,
nova-wick-dress,,,,,,,Color,Ink,Size,L,NOVA-NOVAWICKDR-INK-L,shopify,90,deny,manual,5399.00,6699.00,TRUE,TRUE,https://raw.githubusercontent.com/Shivam3-max/nova/main/import/images/nova-dress-ink.png,,,,,,,,
nova-wick-dress,,,,,,,Color,Ink,Size,XL,NOVA-NOVAWICKDR-INK-XL,shopify,90,deny,manual,5399.00,6699.00,TRUE,TRUE,https://raw.githubusercontent.com/Shivam3-max/nova/main/import/images/nova-dress-ink.png,,,,,,,,
nova-wick-dress,,,,,,,Color,Ink,Size,XXL,NOVA-NOVAWICKDR-INK-XXL,shopify,90,deny,manual,5399.00,6699.00,TRUE,TRUE,https://raw.githubusercontent.com/Shivam3-max/nova/main/import/images/nova-dress-ink.png,,,,,,,,
nova-wick-dress,,,,,,,Color,Sand,Size,XS,NOVA-NOVAWICKDR-SAN-XS,shopify,90,deny,manual,5399.00,6699.00,TRUE,TRUE,https://raw.githubusercontent.com/Shivam3-max/nova/main/import/images/nova-dress-sand.png,,,,,,,,
nova-wick-dress,,,,,,,Color,Sand,Size,S,NOVA-NOVAWICKDR-SAN-S,shopify,90,deny,manual,5399.00,6699.00,TRUE,TRUE,https://raw.githubusercontent.com/Shivam3-max/nova/main/import/images/nova-dress-sand.png,,,,,,,,
nova-wick-dress,,,,,,,Color,Sand,Size,M,NOVA-NOVAWICKDR-SAN-M,shopify,90,deny,manual,5399.00,6699.00,TRUE,TRUE,https://raw.githubusercontent.com/Shivam3-max/nova/main/import/images/nova-dress-sand.png,,,,,,,,
nova-wick-dress,,,,,,,Color,Sand,Size,L,NOVA-NOVAWICKDR-SAN-L,shopify,90,deny,manual,5399.00,6699.00,TRUE,TRUE,https://raw.githubusercontent.com/Shivam3-max/nova/main/import/images/nova-dress-sand.png,,,,,,,,
nova-wick-dress,,,,,,,Color,Sand,Size,XL,NOVA-NOVAWICKDR-SAN-XL,shopify,90,deny,manual,5399.00,6699.00,TRUE,TRUE,https://raw.githubusercontent.com/Shivam3-max/nova/main/import/images/nova-dress-sand.png,,,,,,,,
nova-wick-dress,,,,,,,Color,Sand,Size,XXL,NOVA-NOVAWICKDR-SAN-XXL,shopify,90,deny,manual,5399.00,6699.00,TRUE,TRUE,https://raw.githubusercontent.com/Shivam3-max/nova/main/import/images/nova-dress-sand.png,,,,,,,,
nova-wick-dress,,,,,,,Color,Black,Size,XS,NOVA-NOVAWICKDR-BLA-XS,shopify,90,deny,manual,5399.00,6699.00,TRUE,TRUE,https://raw.githubusercontent.com/Shivam3-max/nova/main/import/images/nova-dress-black.png,,,,,,,,
nova-wick-dress,,,,,,,Color,Black,Size,S,NOVA-NOVAWICKDR-BLA-S,shopify,90,deny,manual,5399.00,6699.00,TRUE,TRUE,https://raw.githubusercontent.com/Shivam3-max/nova/main/import/images/nova-dress-black.png,,,,,,,,
nova-wick-dress,,,,,,,Color,Black,Size,M,NOVA-NOVAWICKDR-BLA-M,shopify,90,deny,manual,5399.00,6699.00,TRUE,TRUE,https://raw.githubusercontent.com/Shivam3-max/nova/main/import/images/nova-dress-black.png,,,,,,,,
nova-wick-dress,,,,,,,Color,Black,Size,L,NOVA-NOVAWICKDR-BLA-L,shopify,90,deny,manual,5399.00,6699.00,TRUE,TRUE,https://raw.githubusercontent.com/Shivam3-max/nova/main/import/images/nova-dress-black.png,,,,,,,,
nova-wick-dress,,,,,,,Color,Black,Size,XL,NOVA-NOVAWICKDR-BLA-XL,shopify,90,deny,manual,5399.00,6699.00,TRUE,TRUE,https://raw.githubusercontent.com/Shivam3-max/nova/main/import/images/nova-dress-black.png,,,,,,,,
nova-wick-dress,,,,,,,Color,Black,Size,XXL,NOVA-NOVAWICKDR-BLA-XXL,shopify,0,deny,manual,5399.00,6699.00,TRUE,TRUE,https://raw.githubusercontent.com/Shivam3-max/nova/main/import/images/nova-dress-black.png,,,,,,,,
nova-xenon-dress,NOVA Xenon Dress,"<p>A heavy matte georgette dress. Falls straight from the shoulder with no closure, hem hand-rolled.</p><p>Made in small batches, so no two pieces read exactly alike.</p>",NØVA,Dress,"women, luxury",TRUE,Color,Ink,Size,XS,NOVA-NOVAXENOND-INK-XS,shopify,97,deny,manual,8499.00,,TRUE,TRUE,https://raw.githubusercontent.com/Shivam3-max/nova/main/import/images/nova-dress-ink.png,https://raw.githubusercontent.com/Shivam3-max/nova/main/import/images/nova-dress-ink.png,1,NOVA Xenon Dress — Ink,active,,Cut on the true bias so the fabric moves with the body rather than against it.,dress,"[{""name"":""Ink"",""swatch"":""#1a1d24"",""art"":""nova-dress-ink""},{""name"":""Sand"",""swatch"":""#c6bcab"",""art"":""nova-dress-sand""}]"
nova-xenon-dress,,,,,,,Color,Ink,Size,S,NOVA-NOVAXENOND-INK-S,shopify,97,deny,manual,8499.00,,TRUE,TRUE,https://raw.githubusercontent.com/Shivam3-max/nova/main/import/images/nova-dress-ink.png,https://raw.githubusercontent.com/Shivam3-max/nova/main/import/images/nova-dress-sand.png,2,NOVA Xenon Dress — Sand,,,,,
nova-xenon-dress,,,,,,,Color,Ink,Size,M,NOVA-NOVAXENOND-INK-M,shopify,97,deny,manual,8499.00,,TRUE,TRUE,https://raw.githubusercontent.com/Shivam3-max/nova/main/import/images/nova-dress-ink.png,,,,,,,,
nova-xenon-dress,,,,,,,Color,Ink,Size,L,NOVA-NOVAXENOND-INK-L,shopify,97,deny,manual,8499.00,,TRUE,TRUE,https://raw.githubusercontent.com/Shivam3-max/nova/main/import/images/nova-dress-ink.png,,,,,,,,
nova-xenon-dress,,,,,,,Color,Ink,Size,XL,NOVA-NOVAXENOND-INK-XL,shopify,97,deny,manual,8499.00,,TRUE,TRUE,https://raw.githubusercontent.com/Shivam3-max/nova/main/import/images/nova-dress-ink.png,,,,,,,,
nova-xenon-dress,,,,,,,Color,Ink,Size,XXL,NOVA-NOVAXENOND-INK-XXL,shopify,97,deny,manual,8499.00,,TRUE,TRUE,https://raw.githubusercontent.com/Shivam3-max/nova/main/import/images/nova-dress-ink.png,,,,,,,,
nova-xenon-dress,,,,,,,Color,Sand,Size,XS,NOVA-NOVAXENOND-SAN-XS,shopify,97,deny,manual,8499.00,,TRUE,TRUE,https://raw.githubusercontent.com/Shivam3-max/nova/main/import/images/nova-dress-sand.png,,,,,,,,
nova-xenon-dress,,,,,,,Color,Sand,Size,S,NOVA-NOVAXENOND-SAN-S,shopify,97,deny,manual,8499.00,,TRUE,TRUE,https://raw.githubusercontent.com/Shivam3-max/nova/main/import/images/nova-dress-sand.png,,,,,,,,
nova-xenon-dress,,,,,,,Color,Sand,Size,M,NOVA-NOVAXENOND-SAN-M,shopify,97,deny,manual,8499.00,,TRUE,TRUE,https://raw.githubusercontent.com/Shivam3-max/nova/main/import/images/nova-dress-sand.png,,,,,,,,
nova-xenon-dress,,,,,,,Color,Sand,Size,L,NOVA-NOVAXENOND-SAN-L,shopify,97,deny,manual,8499.00,,TRUE,TRUE,https://raw.githubusercontent.com/Shivam3-max/nova/main/import/images/nova-dress-sand.png,,,,,,,,
nova-xenon-dress,,,,,,,Color,Sand,Size,XL,NOVA-NOVAXENOND-SAN-XL,shopify,97,deny,manual,8499.00,,TRUE,TRUE,https://raw.githubusercontent.com/Shivam3-max/nova/main/import/images/nova-dress-sand.png,,,,,,,,
nova-xenon-dress,,,,,,,Color,Sand,Size,XXL,NOVA-NOVAXENOND-SAN-XXL,shopify,0,deny,manual,8499.00,,TRUE,TRUE,https://raw.githubusercontent.com/Shivam3-max/nova/main/import/images/nova-dress-sand.png,,,,,,,,
nova-yield-dress,NOVA Yield Dress,"<p>A heavy matte georgette dress. Falls straight from the shoulder with no closure, hem hand-rolled.</p><p>Made in small batches, so no two pieces read exactly alike.</p>",NØVA,Dress,"women, luxury",TRUE,Color,Black,Size,XS,NOVA-NOVAYIELDD-BLA-XS,shopify,66,deny,manual,5599.00,6999.00,TRUE,TRUE,https://raw.githubusercontent.com/Shivam3-max/nova/main/import/images/nova-dress-black.png,https://raw.githubusercontent.com/Shivam3-max/nova/main/import/images/nova-dress-black.png,1,NOVA Yield Dress — Black,active,,Cut on the true bias so the fabric moves with the body rather than against it.,dress,"[{""name"":""Black"",""swatch"":""#131316"",""art"":""nova-dress-black""},{""name"":""Bone"",""swatch"":""#e3ded4"",""art"":""nova-dress-bone""}]"
nova-yield-dress,,,,,,,Color,Black,Size,S,NOVA-NOVAYIELDD-BLA-S,shopify,66,deny,manual,5599.00,6999.00,TRUE,TRUE,https://raw.githubusercontent.com/Shivam3-max/nova/main/import/images/nova-dress-black.png,https://raw.githubusercontent.com/Shivam3-max/nova/main/import/images/nova-dress-bone.png,2,NOVA Yield Dress — Bone,,,,,
nova-yield-dress,,,,,,,Color,Black,Size,M,NOVA-NOVAYIELDD-BLA-M,shopify,66,deny,manual,5599.00,6999.00,TRUE,TRUE,https://raw.githubusercontent.com/Shivam3-max/nova/main/import/images/nova-dress-black.png,,,,,,,,
nova-yield-dress,,,,,,,Color,Black,Size,L,NOVA-NOVAYIELDD-BLA-L,shopify,66,deny,manual,5599.00,6999.00,TRUE,TRUE,https://raw.githubusercontent.com/Shivam3-max/nova/main/import/images/nova-dress-black.png,,,,,,,,
nova-yield-dress,,,,,,,Color,Black,Size,XL,NOVA-NOVAYIELDD-BLA-XL,shopify,66,deny,manual,5599.00,6999.00,TRUE,TRUE,https://raw.githubusercontent.com/Shivam3-max/nova/main/import/images/nova-dress-black.png,,,,,,,,
nova-yield-dress,,,,,,,Color,Black,Size,XXL,NOVA-NOVAYIELDD-BLA-XXL,shopify,66,deny,manual,5599.00,6999.00,TRUE,TRUE,https://raw.githubusercontent.com/Shivam3-max/nova/main/import/images/nova-dress-black.png,,,,,,,,
nova-yield-dress,,,,,,,Color,Bone,Size,XS,NOVA-NOVAYIELDD-BON-XS,shopify,66,deny,manual,5599.00,6999.00,TRUE,TRUE,https://raw.githubusercontent.com/Shivam3-max/nova/main/import/images/nova-dress-bone.png,,,,,,,,
nova-yield-dress,,,,,,,Color,Bone,Size,S,NOVA-NOVAYIELDD-BON-S,shopify,66,deny,manual,5599.00,6999.00,TRUE,TRUE,https://raw.githubusercontent.com/Shivam3-max/nova/main/import/images/nova-dress-bone.png,,,,,,,,
nova-yield-dress,,,,,,,Color,Bone,Size,M,NOVA-NOVAYIELDD-BON-M,shopify,66,deny,manual,5599.00,6999.00,TRUE,TRUE,https://raw.githubusercontent.com/Shivam3-max/nova/main/import/images/nova-dress-bone.png,,,,,,,,
nova-yield-dress,,,,,,,Color,Bone,Size,L,NOVA-NOVAYIELDD-BON-L,shopify,66,deny,manual,5599.00,6999.00,TRUE,TRUE,https://raw.githubusercontent.com/Shivam3-max/nova/main/import/images/nova-dress-bone.png,,,,,,,,
nova-yield-dress,,,,,,,Color,Bone,Size,XL,NOVA-NOVAYIELDD-BON-XL,shopify,66,deny,manual,5599.00,6999.00,TRUE,TRUE,https://raw.githubusercontent.com/Shivam3-max/nova/main/import/images/nova-dress-bone.png,,,,,,,,
nova-yield-dress,,,,,,,Color,Bone,Size,XXL,NOVA-NOVAYIELDD-BON-XXL,shopify,0,deny,manual,5599.00,6999.00,TRUE,TRUE,https://raw.githubusercontent.com/Shivam3-max/nova/main/import/images/nova-dress-bone.png,,,,,,,,
nova-zenith-dress,NOVA Zenith Dress,"<p>A bias-cut viscose dress. Falls straight from the shoulder with no closure, hem hand-rolled.</p><p>Made in small batches, so no two pieces read exactly alike.</p>",NØVA,Dress,"women, luxury",TRUE,Color,Sand,Size,XS,NOVA-NOVAZENITH-SAN-XS,shopify,48,deny,manual,8799.00,10999.00,TRUE,TRUE,https://raw.githubusercontent.com/Shivam3-max/nova/main/import/images/nova-dress-sand.png,https://raw.githubusercontent.com/Shivam3-max/nova/main/import/images/nova-dress-sand.png,1,NOVA Zenith Dress — Sand,active,,Cut on the true bias so the fabric moves with the body rather than against it.,dress,"[{""name"":""Sand"",""swatch"":""#c6bcab"",""art"":""nova-dress-sand""},{""name"":""Black"",""swatch"":""#131316"",""art"":""nova-dress-black""},{""name"":""Bone"",""swatch"":""#e3ded4"",""art"":""nova-dress-bone""}]"
nova-zenith-dress,,,,,,,Color,Sand,Size,S,NOVA-NOVAZENITH-SAN-S,shopify,48,deny,manual,8799.00,10999.00,TRUE,TRUE,https://raw.githubusercontent.com/Shivam3-max/nova/main/import/images/nova-dress-sand.png,https://raw.githubusercontent.com/Shivam3-max/nova/main/import/images/nova-dress-black.png,2,NOVA Zenith Dress — Black,,,,,
nova-zenith-dress,,,,,,,Color,Sand,Size,M,NOVA-NOVAZENITH-SAN-M,shopify,48,deny,manual,8799.00,10999.00,TRUE,TRUE,https://raw.githubusercontent.com/Shivam3-max/nova/main/import/images/nova-dress-sand.png,https://raw.githubusercontent.com/Shivam3-max/nova/main/import/images/nova-dress-bone.png,3,NOVA Zenith Dress — Bone,,,,,
nova-zenith-dress,,,,,,,Color,Sand,Size,L,NOVA-NOVAZENITH-SAN-L,shopify,48,deny,manual,8799.00,10999.00,TRUE,TRUE,https://raw.githubusercontent.com/Shivam3-max/nova/main/import/images/nova-dress-sand.png,,,,,,,,
nova-zenith-dress,,,,,,,Color,Sand,Size,XL,NOVA-NOVAZENITH-SAN-XL,shopify,48,deny,manual,8799.00,10999.00,TRUE,TRUE,https://raw.githubusercontent.com/Shivam3-max/nova/main/import/images/nova-dress-sand.png,,,,,,,,
nova-zenith-dress,,,,,,,Color,Sand,Size,XXL,NOVA-NOVAZENITH-SAN-XXL,shopify,48,deny,manual,8799.00,10999.00,TRUE,TRUE,https://raw.githubusercontent.com/Shivam3-max/nova/main/import/images/nova-dress-sand.png,,,,,,,,
nova-zenith-dress,,,,,,,Color,Black,Size,XS,NOVA-NOVAZENITH-BLA-XS,shopify,48,deny,manual,8799.00,10999.00,TRUE,TRUE,https://raw.githubusercontent.com/Shivam3-max/nova/main/import/images/nova-dress-black.png,,,,,,,,
nova-zenith-dress,,,,,,,Color,Black,Size,S,NOVA-NOVAZENITH-BLA-S,shopify,48,deny,manual,8799.00,10999.00,TRUE,TRUE,https://raw.githubusercontent.com/Shivam3-max/nova/main/import/images/nova-dress-black.png,,,,,,,,
nova-zenith-dress,,,,,,,Color,Black,Size,M,NOVA-NOVAZENITH-BLA-M,shopify,48,deny,manual,8799.00,10999.00,TRUE,TRUE,https://raw.githubusercontent.com/Shivam3-max/nova/main/import/images/nova-dress-black.png,,,,,,,,
nova-zenith-dress,,,,,,,Color,Black,Size,L,NOVA-NOVAZENITH-BLA-L,shopify,48,deny,manual,8799.00,10999.00,TRUE,TRUE,https://raw.githubusercontent.com/Shivam3-max/nova/main/import/images/nova-dress-black.png,,,,,,,,
nova-zenith-dress,,,,,,,Color,Black,Size,XL,NOVA-NOVAZENITH-BLA-XL,shopify,48,deny,manual,8799.00,10999.00,TRUE,TRUE,https://raw.githubusercontent.com/Shivam3-max/nova/main/import/images/nova-dress-black.png,,,,,,,,
nova-zenith-dress,,,,,,,Color,Black,Size,XXL,NOVA-NOVAZENITH-BLA-XXL,shopify,48,deny,manual,8799.00,10999.00,TRUE,TRUE,https://raw.githubusercontent.com/Shivam3-max/nova/main/import/images/nova-dress-black.png,,,,,,,,
nova-zenith-dress,,,,,,,Color,Bone,Size,XS,NOVA-NOVAZENITH-BON-XS,shopify,48,deny,manual,8799.00,10999.00,TRUE,TRUE,https://raw.githubusercontent.com/Shivam3-max/nova/main/import/images/nova-dress-bone.png,,,,,,,,
nova-zenith-dress,,,,,,,Color,Bone,Size,S,NOVA-NOVAZENITH-BON-S,shopify,48,deny,manual,8799.00,10999.00,TRUE,TRUE,https://raw.githubusercontent.com/Shivam3-max/nova/main/import/images/nova-dress-bone.png,,,,,,,,
nova-zenith-dress,,,,,,,Color,Bone,Size,M,NOVA-NOVAZENITH-BON-M,shopify,48,deny,manual,8799.00,10999.00,TRUE,TRUE,https://raw.githubusercontent.com/Shivam3-max/nova/main/import/images/nova-dress-bone.png,,,,,,,,
nova-zenith-dress,,,,,,,Color,Bone,Size,L,NOVA-NOVAZENITH-BON-L,shopify,48,deny,manual,8799.00,10999.00,TRUE,TRUE,https://raw.githubusercontent.com/Shivam3-max/nova/main/import/images/nova-dress-bone.png,,,,,,,,
nova-zenith-dress,,,,,,,Color,Bone,Size,XL,NOVA-NOVAZENITH-BON-XL,shopify,48,deny,manual,8799.00,10999.00,TRUE,TRUE,https://raw.githubusercontent.com/Shivam3-max/nova/main/import/images/nova-dress-bone.png,,,,,,,,
nova-zenith-dress,,,,,,,Color,Bone,Size,XXL,NOVA-NOVAZENITH-BON-XXL,shopify,0,deny,manual,8799.00,10999.00,TRUE,TRUE,https://raw.githubusercontent.com/Shivam3-max/nova/main/import/images/nova-dress-bone.png,,,,,,,,
nova-alloy-dress,NOVA Alloy Dress,"<p>A satin-back crepe dress. Falls straight from the shoulder with no closure, hem hand-rolled.</p><p>Made in small batches, so no two pieces read exactly alike.</p>",NØVA,Dress,"women, luxury, limited",TRUE,Color,Bone,Size,XS,NOVA-NOVAALLOYD-BON-XS,shopify,26,deny,manual,5499.00,,TRUE,TRUE,https://raw.githubusercontent.com/Shivam3-max/nova/main/import/images/nova-dress-bone.png,https://raw.githubusercontent.com/Shivam3-max/nova/main/import/images/nova-dress-bone.png,1,NOVA Alloy Dress — Bone,active,LIMITED,Cut on the true bias so the fabric moves with the body rather than against it.,dress,"[{""name"":""Bone"",""swatch"":""#e3ded4"",""art"":""nova-dress-bone""},{""name"":""Ink"",""swatch"":""#1a1d24"",""art"":""nova-dress-ink""}]"
nova-alloy-dress,,,,,,,Color,Bone,Size,S,NOVA-NOVAALLOYD-BON-S,shopify,26,deny,manual,5499.00,,TRUE,TRUE,https://raw.githubusercontent.com/Shivam3-max/nova/main/import/images/nova-dress-bone.png,https://raw.githubusercontent.com/Shivam3-max/nova/main/import/images/nova-dress-ink.png,2,NOVA Alloy Dress — Ink,,,,,
nova-alloy-dress,,,,,,,Color,Bone,Size,M,NOVA-NOVAALLOYD-BON-M,shopify,26,deny,manual,5499.00,,TRUE,TRUE,https://raw.githubusercontent.com/Shivam3-max/nova/main/import/images/nova-dress-bone.png,,,,,,,,
nova-alloy-dress,,,,,,,Color,Bone,Size,L,NOVA-NOVAALLOYD-BON-L,shopify,26,deny,manual,5499.00,,TRUE,TRUE,https://raw.githubusercontent.com/Shivam3-max/nova/main/import/images/nova-dress-bone.png,,,,,,,,
nova-alloy-dress,,,,,,,Color,Bone,Size,XL,NOVA-NOVAALLOYD-BON-XL,shopify,26,deny,manual,5499.00,,TRUE,TRUE,https://raw.githubusercontent.com/Shivam3-max/nova/main/import/images/nova-dress-bone.png,,,,,,,,
nova-alloy-dress,,,,,,,Color,Bone,Size,XXL,NOVA-NOVAALLOYD-BON-XXL,shopify,26,deny,manual,5499.00,,TRUE,TRUE,https://raw.githubusercontent.com/Shivam3-max/nova/main/import/images/nova-dress-bone.png,,,,,,,,
nova-alloy-dress,,,,,,,Color,Ink,Size,XS,NOVA-NOVAALLOYD-INK-XS,shopify,26,deny,manual,5499.00,,TRUE,TRUE,https://raw.githubusercontent.com/Shivam3-max/nova/main/import/images/nova-dress-ink.png,,,,,,,,
nova-alloy-dress,,,,,,,Color,Ink,Size,S,NOVA-NOVAALLOYD-INK-S,shopify,26,deny,manual,5499.00,,TRUE,TRUE,https://raw.githubusercontent.com/Shivam3-max/nova/main/import/images/nova-dress-ink.png,,,,,,,,
nova-alloy-dress,,,,,,,Color,Ink,Size,M,NOVA-NOVAALLOYD-INK-M,shopify,26,deny,manual,5499.00,,TRUE,TRUE,https://raw.githubusercontent.com/Shivam3-max/nova/main/import/images/nova-dress-ink.png,,,,,,,,
nova-alloy-dress,,,,,,,Color,Ink,Size,L,NOVA-NOVAALLOYD-INK-L,shopify,26,deny,manual,5499.00,,TRUE,TRUE,https://raw.githubusercontent.com/Shivam3-max/nova/main/import/images/nova-dress-ink.png,,,,,,,,
nova-alloy-dress,,,,,,,Color,Ink,Size,XL,NOVA-NOVAALLOYD-INK-XL,shopify,26,deny,manual,5499.00,,TRUE,TRUE,https://raw.githubusercontent.com/Shivam3-max/nova/main/import/images/nova-dress-ink.png,,,,,,,,
nova-alloy-dress,,,,,,,Color,Ink,Size,XXL,NOVA-NOVAALLOYD-INK-XXL,shopify,0,deny,manual,5499.00,,TRUE,TRUE,https://raw.githubusercontent.com/Shivam3-max/nova/main/import/images/nova-dress-ink.png,,,,,,,,
nova-bramble-shirt,NOVA Bramble Shirt,"<p>A washed cotton poplin shirt. Camp collar, straight hem, relaxed through the chest and meant to be worn open.</p><p>Made in small batches, so no two pieces read exactly alike.</p>",NØVA,Shirt,"women, minimal",TRUE,Color,Bone,Size,XS,NOVA-NOVABRAMBL-BON-XS,shopify,44,deny,manual,3299.00,,TRUE,TRUE,https://raw.githubusercontent.com/Shivam3-max/nova/main/import/images/nova-shirt-bone.png,https://raw.githubusercontent.com/Shivam3-max/nova/main/import/images/nova-shirt-bone.png,1,NOVA Bramble Shirt — Bone,active,,Poplin washed twice for softness. The collar is interlined lightly so it rolls instead of standing.,shirt,"[{""name"":""Bone"",""swatch"":""#e3ded4"",""art"":""nova-shirt-bone""},{""name"":""Off White"",""swatch"":""#f0eeea"",""art"":""nova-shirt-offwhite""},{""name"":""Slate"",""swatch"":""#464d57"",""art"":""nova-shirt-slate""}]"
nova-bramble-shirt,,,,,,,Color,Bone,Size,S,NOVA-NOVABRAMBL-BON-S,shopify,44,deny,manual,3299.00,,TRUE,TRUE,https://raw.githubusercontent.com/Shivam3-max/nova/main/import/images/nova-shirt-bone.png,https://raw.githubusercontent.com/Shivam3-max/nova/main/import/images/nova-shirt-offwhite.png,2,NOVA Bramble Shirt — Off White,,,,,
nova-bramble-shirt,,,,,,,Color,Bone,Size,M,NOVA-NOVABRAMBL-BON-M,shopify,44,deny,manual,3299.00,,TRUE,TRUE,https://raw.githubusercontent.com/Shivam3-max/nova/main/import/images/nova-shirt-bone.png,https://raw.githubusercontent.com/Shivam3-max/nova/main/import/images/nova-shirt-slate.png,3,NOVA Bramble Shirt — Slate,,,,,
nova-bramble-shirt,,,,,,,Color,Bone,Size,L,NOVA-NOVABRAMBL-BON-L,shopify,44,deny,manual,3299.00,,TRUE,TRUE,https://raw.githubusercontent.com/Shivam3-max/nova/main/import/images/nova-shirt-bone.png,,,,,,,,
nova-bramble-shirt,,,,,,,Color,Bone,Size,XL,NOVA-NOVABRAMBL-BON-XL,shopify,44,deny,manual,3299.00,,TRUE,TRUE,https://raw.githubusercontent.com/Shivam3-max/nova/main/import/images/nova-shirt-bone.png,,,,,,,,
nova-bramble-shirt,,,,,,,Color,Bone,Size,XXL,NOVA-NOVABRAMBL-BON-XXL,shopify,44,deny,manual,3299.00,,TRUE,TRUE,https://raw.githubusercontent.com/Shivam3-max/nova/main/import/images/nova-shirt-bone.png,,,,,,,,
nova-bramble-shirt,,,,,,,Color,Off White,Size,XS,NOVA-NOVABRAMBL-OFF-XS,shopify,44,deny,manual,3299.00,,TRUE,TRUE,https://raw.githubusercontent.com/Shivam3-max/nova/main/import/images/nova-shirt-offwhite.png,,,,,,,,
nova-bramble-shirt,,,,,,,Color,Off White,Size,S,NOVA-NOVABRAMBL-OFF-S,shopify,44,deny,manual,3299.00,,TRUE,TRUE,https://raw.githubusercontent.com/Shivam3-max/nova/main/import/images/nova-shirt-offwhite.png,,,,,,,,
nova-bramble-shirt,,,,,,,Color,Off White,Size,M,NOVA-NOVABRAMBL-OFF-M,shopify,44,deny,manual,3299.00,,TRUE,TRUE,https://raw.githubusercontent.com/Shivam3-max/nova/main/import/images/nova-shirt-offwhite.png,,,,,,,,
nova-bramble-shirt,,,,,,,Color,Off White,Size,L,NOVA-NOVABRAMBL-OFF-L,shopify,44,deny,manual,3299.00,,TRUE,TRUE,https://raw.githubusercontent.com/Shivam3-max/nova/main/import/images/nova-shirt-offwhite.png,,,,,,,,
nova-bramble-shirt,,,,,,,Color,Off White,Size,XL,NOVA-NOVABRAMBL-OFF-XL,shopify,44,deny,manual,3299.00,,TRUE,TRUE,https://raw.githubusercontent.com/Shivam3-max/nova/main/import/images/nova-shirt-offwhite.png,,,,,,,,
nova-bramble-shirt,,,,,,,Color,Off White,Size,XXL,NOVA-NOVABRAMBL-OFF-XXL,shopify,44,deny,manual,3299.00,,TRUE,TRUE,https://raw.githubusercontent.com/Shivam3-max/nova/main/import/images/nova-shirt-offwhite.png,,,,,,,,
nova-bramble-shirt,,,,,,,Color,Slate,Size,XS,NOVA-NOVABRAMBL-SLA-XS,shopify,44,deny,manual,3299.00,,TRUE,TRUE,https://raw.githubusercontent.com/Shivam3-max/nova/main/import/images/nova-shirt-slate.png,,,,,,,,
nova-bramble-shirt,,,,,,,Color,Slate,Size,S,NOVA-NOVABRAMBL-SLA-S,shopify,44,deny,manual,3299.00,,TRUE,TRUE,https://raw.githubusercontent.com/Shivam3-max/nova/main/import/images/nova-shirt-slate.png,,,,,,,,
nova-bramble-shirt,,,,,,,Color,Slate,Size,M,NOVA-NOVABRAMBL-SLA-M,shopify,44,deny,manual,3299.00,,TRUE,TRUE,https://raw.githubusercontent.com/Shivam3-max/nova/main/import/images/nova-shirt-slate.png,,,,,,,,
nova-bramble-shirt,,,,,,,Color,Slate,Size,L,NOVA-NOVABRAMBL-SLA-L,shopify,44,deny,manual,3299.00,,TRUE,TRUE,https://raw.githubusercontent.com/Shivam3-max/nova/main/import/images/nova-shirt-slate.png,,,,,,,,
nova-bramble-shirt,,,,,,,Color,Slate,Size,XL,NOVA-NOVABRAMBL-SLA-XL,shopify,44,deny,manual,3299.00,,TRUE,TRUE,https://raw.githubusercontent.com/Shivam3-max/nova/main/import/images/nova-shirt-slate.png,,,,,,,,
nova-bramble-shirt,,,,,,,Color,Slate,Size,XXL,NOVA-NOVABRAMBL-SLA-XXL,shopify,0,deny,manual,3299.00,,TRUE,TRUE,https://raw.githubusercontent.com/Shivam3-max/nova/main/import/images/nova-shirt-slate.png,,,,,,,,
nova-compass-shirt,NOVA Compass Shirt,"<p>A linen-cotton canvas shirt. Camp collar, straight hem, relaxed through the chest and meant to be worn open.</p><p>Made in small batches, so no two pieces read exactly alike.</p>",NØVA,Shirt,"women, minimal",TRUE,Color,Off White,Size,XS,NOVA-NOVACOMPAS-OFF-XS,shopify,43,deny,manual,4599.00,,TRUE,TRUE,https://raw.githubusercontent.com/Shivam3-max/nova/main/import/images/nova-shirt-offwhite.png,https://raw.githubusercontent.com/Shivam3-max/nova/main/import/images/nova-shirt-offwhite.png,1,NOVA Compass Shirt — Off White,active,,Poplin washed twice for softness. The collar is interlined lightly so it rolls instead of standing.,shirt,"[{""name"":""Off White"",""swatch"":""#f0eeea"",""art"":""nova-shirt-offwhite""},{""name"":""Slate"",""swatch"":""#464d57"",""art"":""nova-shirt-slate""}]"
nova-compass-shirt,,,,,,,Color,Off White,Size,S,NOVA-NOVACOMPAS-OFF-S,shopify,43,deny,manual,4599.00,,TRUE,TRUE,https://raw.githubusercontent.com/Shivam3-max/nova/main/import/images/nova-shirt-offwhite.png,https://raw.githubusercontent.com/Shivam3-max/nova/main/import/images/nova-shirt-slate.png,2,NOVA Compass Shirt — Slate,,,,,
nova-compass-shirt,,,,,,,Color,Off White,Size,M,NOVA-NOVACOMPAS-OFF-M,shopify,43,deny,manual,4599.00,,TRUE,TRUE,https://raw.githubusercontent.com/Shivam3-max/nova/main/import/images/nova-shirt-offwhite.png,,,,,,,,
nova-compass-shirt,,,,,,,Color,Off White,Size,L,NOVA-NOVACOMPAS-OFF-L,shopify,43,deny,manual,4599.00,,TRUE,TRUE,https://raw.githubusercontent.com/Shivam3-max/nova/main/import/images/nova-shirt-offwhite.png,,,,,,,,
nova-compass-shirt,,,,,,,Color,Off White,Size,XL,NOVA-NOVACOMPAS-OFF-XL,shopify,43,deny,manual,4599.00,,TRUE,TRUE,https://raw.githubusercontent.com/Shivam3-max/nova/main/import/images/nova-shirt-offwhite.png,,,,,,,,
nova-compass-shirt,,,,,,,Color,Off White,Size,XXL,NOVA-NOVACOMPAS-OFF-XXL,shopify,43,deny,manual,4599.00,,TRUE,TRUE,https://raw.githubusercontent.com/Shivam3-max/nova/main/import/images/nova-shirt-offwhite.png,,,,,,,,
nova-compass-shirt,,,,,,,Color,Slate,Size,XS,NOVA-NOVACOMPAS-SLA-XS,shopify,43,deny,manual,4599.00,,TRUE,TRUE,https://raw.githubusercontent.com/Shivam3-max/nova/main/import/images/nova-shirt-slate.png,,,,,,,,
nova-compass-shirt,,,,,,,Color,Slate,Size,S,NOVA-NOVACOMPAS-SLA-S,shopify,43,deny,manual,4599.00,,TRUE,TRUE,https://raw.githubusercontent.com/Shivam3-max/nova/main/import/images/nova-shirt-slate.png,,,,,,,,
nova-compass-shirt,,,,,,,Color,Slate,Size,M,NOVA-NOVACOMPAS-SLA-M,shopify,43,deny,manual,4599.00,,TRUE,TRUE,https://raw.githubusercontent.com/Shivam3-max/nova/main/import/images/nova-shirt-slate.png,,,,,,,,
nova-compass-shirt,,,,,,,Color,Slate,Size,L,NOVA-NOVACOMPAS-SLA-L,shopify,43,deny,manual,4599.00,,TRUE,TRUE,https://raw.githubusercontent.com/Shivam3-max/nova/main/import/images/nova-shirt-slate.png,,,,,,,,
nova-compass-shirt,,,,,,,Color,Slate,Size,XL,NOVA-NOVACOMPAS-SLA-XL,shopify,43,deny,manual,4599.00,,TRUE,TRUE,https://raw.githubusercontent.com/Shivam3-max/nova/main/import/images/nova-shirt-slate.png,,,,,,,,
nova-compass-shirt,,,,,,,Color,Slate,Size,XXL,NOVA-NOVACOMPAS-SLA-XXL,shopify,0,deny,manual,4599.00,,TRUE,TRUE,https://raw.githubusercontent.com/Shivam3-max/nova/main/import/images/nova-shirt-slate.png,,,,,,,,
nova-dune-shirt,NOVA Dune Shirt,"<p>A Japanese oxford shirt. Camp collar, straight hem, relaxed through the chest and meant to be worn open.</p><p>Made in small batches, so no two pieces read exactly alike.</p>",NØVA,Shirt,"women, minimal, drop",TRUE,Color,Slate,Size,XS,NOVA-NOVADUNESH-SLA-XS,shopify,58,deny,manual,3499.00,,TRUE,TRUE,https://raw.githubusercontent.com/Shivam3-max/nova/main/import/images/nova-shirt-slate.png,https://raw.githubusercontent.com/Shivam3-max/nova/main/import/images/nova-shirt-slate.png,1,NOVA Dune Shirt — Slate,active,DROP 01,Poplin washed twice for softness. The collar is interlined lightly so it rolls instead of standing.,shirt,"[{""name"":""Slate"",""swatch"":""#464d57"",""art"":""nova-shirt-slate""},{""name"":""Bone"",""swatch"":""#e3ded4"",""art"":""nova-shirt-bone""},{""name"":""Off White"",""swatch"":""#f0eeea"",""art"":""nova-shirt-offwhite""}]"
nova-dune-shirt,,,,,,,Color,Slate,Size,S,NOVA-NOVADUNESH-SLA-S,shopify,58,deny,manual,3499.00,,TRUE,TRUE,https://raw.githubusercontent.com/Shivam3-max/nova/main/import/images/nova-shirt-slate.png,https://raw.githubusercontent.com/Shivam3-max/nova/main/import/images/nova-shirt-bone.png,2,NOVA Dune Shirt — Bone,,,,,
nova-dune-shirt,,,,,,,Color,Slate,Size,M,NOVA-NOVADUNESH-SLA-M,shopify,58,deny,manual,3499.00,,TRUE,TRUE,https://raw.githubusercontent.com/Shivam3-max/nova/main/import/images/nova-shirt-slate.png,https://raw.githubusercontent.com/Shivam3-max/nova/main/import/images/nova-shirt-offwhite.png,3,NOVA Dune Shirt — Off White,,,,,
nova-dune-shirt,,,,,,,Color,Slate,Size,L,NOVA-NOVADUNESH-SLA-L,shopify,58,deny,manual,3499.00,,TRUE,TRUE,https://raw.githubusercontent.com/Shivam3-max/nova/main/import/images/nova-shirt-slate.png,,,,,,,,
nova-dune-shirt,,,,,,,Color,Slate,Size,XL,NOVA-NOVADUNESH-SLA-XL,shopify,58,deny,manual,3499.00,,TRUE,TRUE,https://raw.githubusercontent.com/Shivam3-max/nova/main/import/images/nova-shirt-slate.png,,,,,,,,
nova-dune-shirt,,,,,,,Color,Slate,Size,XXL,NOVA-NOVADUNESH-SLA-XXL,shopify,58,deny,manual,3499.00,,TRUE,TRUE,https://raw.githubusercontent.com/Shivam3-max/nova/main/import/images/nova-shirt-slate.png,,,,,,,,
nova-dune-shirt,,,,,,,Color,Bone,Size,XS,NOVA-NOVADUNESH-BON-XS,shopify,58,deny,manual,3499.00,,TRUE,TRUE,https://raw.githubusercontent.com/Shivam3-max/nova/main/import/images/nova-shirt-bone.png,,,,,,,,
nova-dune-shirt,,,,,,,Color,Bone,Size,S,NOVA-NOVADUNESH-BON-S,shopify,58,deny,manual,3499.00,,TRUE,TRUE,https://raw.githubusercontent.com/Shivam3-max/nova/main/import/images/nova-shirt-bone.png,,,,,,,,
nova-dune-shirt,,,,,,,Color,Bone,Size,M,NOVA-NOVADUNESH-BON-M,shopify,58,deny,manual,3499.00,,TRUE,TRUE,https://raw.githubusercontent.com/Shivam3-max/nova/main/import/images/nova-shirt-bone.png,,,,,,,,
nova-dune-shirt,,,,,,,Color,Bone,Size,L,NOVA-NOVADUNESH-BON-L,shopify,58,deny,manual,3499.00,,TRUE,TRUE,https://raw.githubusercontent.com/Shivam3-max/nova/main/import/images/nova-shirt-bone.png,,,,,,,,
nova-dune-shirt,,,,,,,Color,Bone,Size,XL,NOVA-NOVADUNESH-BON-XL,shopify,58,deny,manual,3499.00,,TRUE,TRUE,https://raw.githubusercontent.com/Shivam3-max/nova/main/import/images/nova-shirt-bone.png,,,,,,,,
nova-dune-shirt,,,,,,,Color,Bone,Size,XXL,NOVA-NOVADUNESH-BON-XXL,shopify,58,deny,manual,3499.00,,TRUE,TRUE,https://raw.githubusercontent.com/Shivam3-max/nova/main/import/images/nova-shirt-bone.png,,,,,,,,
nova-dune-shirt,,,,,,,Color,Off White,Size,XS,NOVA-NOVADUNESH-OFF-XS,shopify,58,deny,manual,3499.00,,TRUE,TRUE,https://raw.githubusercontent.com/Shivam3-max/nova/main/import/images/nova-shirt-offwhite.png,,,,,,,,
nova-dune-shirt,,,,,,,Color,Off White,Size,S,NOVA-NOVADUNESH-OFF-S,shopify,58,deny,manual,3499.00,,TRUE,TRUE,https://raw.githubusercontent.com/Shivam3-max/nova/main/import/images/nova-shirt-offwhite.png,,,,,,,,
nova-dune-shirt,,,,,,,Color,Off White,Size,M,NOVA-NOVADUNESH-OFF-M,shopify,58,deny,manual,3499.00,,TRUE,TRUE,https://raw.githubusercontent.com/Shivam3-max/nova/main/import/images/nova-shirt-offwhite.png,,,,,,,,
nova-dune-shirt,,,,,,,Color,Off White,Size,L,NOVA-NOVADUNESH-OFF-L,shopify,58,deny,manual,3499.00,,TRUE,TRUE,https://raw.githubusercontent.com/Shivam3-max/nova/main/import/images/nova-shirt-offwhite.png,,,,,,,,
nova-dune-shirt,,,,,,,Color,Off White,Size,XL,NOVA-NOVADUNESH-OFF-XL,shopify,58,deny,manual,3499.00,,TRUE,TRUE,https://raw.githubusercontent.com/Shivam3-max/nova/main/import/images/nova-shirt-offwhite.png,,,,,,,,
nova-dune-shirt,,,,,,,Color,Off White,Size,XXL,NOVA-NOVADUNESH-OFF-XXL,shopify,0,deny,manual,3499.00,,TRUE,TRUE,https://raw.githubusercontent.com/Shivam3-max/nova/main/import/images/nova-shirt-offwhite.png,,,,,,,,
nova-etch-trouser,NOVA Etch Trouser,"<p>A tropical wool trouser. Hidden elastic back, pressed front crease set with heat so it survives the wash.</p><p>Made in small batches, so no two pieces read exactly alike.</p>",NØVA,Trouser,"women, minimal",TRUE,Color,Sand,Size,28,NOVA-NOVAETCHTR-SAN-28,shopify,77,deny,manual,3899.00,4899.00,TRUE,TRUE,https://raw.githubusercontent.com/Shivam3-max/nova/main/import/images/nova-trouser-sand.png,https://raw.githubusercontent.com/Shivam3-max/nova/main/import/images/nova-trouser-sand.png,1,NOVA Etch Trouser — Sand,active,,"Two per cent stretch through the warp, so it holds a crease and still sits down comfortably.",trouser,"[{""name"":""Sand"",""swatch"":""#c6bcab"",""art"":""nova-trouser-sand""},{""name"":""Charcoal"",""swatch"":""#2c2d32"",""art"":""nova-trouser-charcoal""}]"
nova-etch-trouser,,,,,,,Color,Sand,Size,30,NOVA-NOVAETCHTR-SAN-30,shopify,77,deny,manual,3899.00,4899.00,TRUE,TRUE,https://raw.githubusercontent.com/Shivam3-max/nova/main/import/images/nova-trouser-sand.png,https://raw.githubusercontent.com/Shivam3-max/nova/main/import/images/nova-trouser-charcoal.png,2,NOVA Etch Trouser — Charcoal,,,,,
nova-etch-trouser,,,,,,,Color,Sand,Size,32,NOVA-NOVAETCHTR-SAN-32,shopify,77,deny,manual,3899.00,4899.00,TRUE,TRUE,https://raw.githubusercontent.com/Shivam3-max/nova/main/import/images/nova-trouser-sand.png,,,,,,,,
nova-etch-trouser,,,,,,,Color,Sand,Size,34,NOVA-NOVAETCHTR-SAN-34,shopify,77,deny,manual,3899.00,4899.00,TRUE,TRUE,https://raw.githubusercontent.com/Shivam3-max/nova/main/import/images/nova-trouser-sand.png,,,,,,,,
nova-etch-trouser,,,,,,,Color,Sand,Size,36,NOVA-NOVAETCHTR-SAN-36,shopify,77,deny,manual,3899.00,4899.00,TRUE,TRUE,https://raw.githubusercontent.com/Shivam3-max/nova/main/import/images/nova-trouser-sand.png,,,,,,,,
nova-etch-trouser,,,,,,,Color,Charcoal,Size,28,NOVA-NOVAETCHTR-CHA-28,shopify,77,deny,manual,3899.00,4899.00,TRUE,TRUE,https://raw.githubusercontent.com/Shivam3-max/nova/main/import/images/nova-trouser-charcoal.png,,,,,,,,
nova-etch-trouser,,,,,,,Color,Charcoal,Size,30,NOVA-NOVAETCHTR-CHA-30,shopify,77,deny,manual,3899.00,4899.00,TRUE,TRUE,https://raw.githubusercontent.com/Shivam3-max/nova/main/import/images/nova-trouser-charcoal.png,,,,,,,,
nova-etch-trouser,,,,,,,Color,Charcoal,Size,32,NOVA-NOVAETCHTR-CHA-32,shopify,77,deny,manual,3899.00,4899.00,TRUE,TRUE,https://raw.githubusercontent.com/Shivam3-max/nova/main/import/images/nova-trouser-charcoal.png,,,,,,,,
nova-etch-trouser,,,,,,,Color,Charcoal,Size,34,NOVA-NOVAETCHTR-CHA-34,shopify,77,deny,manual,3899.00,4899.00,TRUE,TRUE,https://raw.githubusercontent.com/Shivam3-max/nova/main/import/images/nova-trouser-charcoal.png,,,,,,,,
nova-etch-trouser,,,,,,,Color,Charcoal,Size,36,NOVA-NOVAETCHTR-CHA-36,shopify,0,deny,manual,3899.00,4899.00,TRUE,TRUE,https://raw.githubusercontent.com/Shivam3-max/nova/main/import/images/nova-trouser-charcoal.png,,,,,,,,
nova-flint-trouser,NOVA Flint Trouser,"<p>A pressed cotton drill trouser. Hidden elastic back, pressed front crease set with heat so it survives the wash.</p><p>Made in small batches, so no two pieces read exactly alike.</p>",NØVA,Trouser,"women, minimal",TRUE,Color,Charcoal,Size,28,NOVA-NOVAFLINTT-CHA-28,shopify,75,deny,manual,4399.00,,TRUE,TRUE,https://raw.githubusercontent.com/Shivam3-max/nova/main/import/images/nova-trouser-charcoal.png,https://raw.githubusercontent.com/Shivam3-max/nova/main/import/images/nova-trouser-charcoal.png,1,NOVA Flint Trouser — Charcoal,active,,"Two per cent stretch through the warp, so it holds a crease and still sits down comfortably.",trouser,"[{""name"":""Charcoal"",""swatch"":""#2c2d32"",""art"":""nova-trouser-charcoal""},{""name"":""Sand"",""swatch"":""#c6bcab"",""art"":""nova-trouser-sand""}]"
nova-flint-trouser,,,,,,,Color,Charcoal,Size,30,NOVA-NOVAFLINTT-CHA-30,shopify,75,deny,manual,4399.00,,TRUE,TRUE,https://raw.githubusercontent.com/Shivam3-max/nova/main/import/images/nova-trouser-charcoal.png,https://raw.githubusercontent.com/Shivam3-max/nova/main/import/images/nova-trouser-sand.png,2,NOVA Flint Trouser — Sand,,,,,
nova-flint-trouser,,,,,,,Color,Charcoal,Size,32,NOVA-NOVAFLINTT-CHA-32,shopify,75,deny,manual,4399.00,,TRUE,TRUE,https://raw.githubusercontent.com/Shivam3-max/nova/main/import/images/nova-trouser-charcoal.png,,,,,,,,
nova-flint-trouser,,,,,,,Color,Charcoal,Size,34,NOVA-NOVAFLINTT-CHA-34,shopify,75,deny,manual,4399.00,,TRUE,TRUE,https://raw.githubusercontent.com/Shivam3-max/nova/main/import/images/nova-trouser-charcoal.png,,,,,,,,
nova-flint-trouser,,,,,,,Color,Charcoal,Size,36,NOVA-NOVAFLINTT-CHA-36,shopify,75,deny,manual,4399.00,,TRUE,TRUE,https://raw.githubusercontent.com/Shivam3-max/nova/main/import/images/nova-trouser-charcoal.png,,,,,,,,
nova-flint-trouser,,,,,,,Color,Sand,Size,28,NOVA-NOVAFLINTT-SAN-28,shopify,75,deny,manual,4399.00,,TRUE,TRUE,https://raw.githubusercontent.com/Shivam3-max/nova/main/import/images/nova-trouser-sand.png,,,,,,,,
nova-flint-trouser,,,,,,,Color,Sand,Size,30,NOVA-NOVAFLINTT-SAN-30,shopify,75,deny,manual,4399.00,,TRUE,TRUE,https://raw.githubusercontent.com/Shivam3-max/nova/main/import/images/nova-trouser-sand.png,,,,,,,,
nova-flint-trouser,,,,,,,Color,Sand,Size,32,NOVA-NOVAFLINTT-SAN-32,shopify,75,deny,manual,4399.00,,TRUE,TRUE,https://raw.githubusercontent.com/Shivam3-max/nova/main/import/images/nova-trouser-sand.png,,,,,,,,
nova-flint-trouser,,,,,,,Color,Sand,Size,34,NOVA-NOVAFLINTT-SAN-34,shopify,75,deny,manual,4399.00,,TRUE,TRUE,https://raw.githubusercontent.com/Shivam3-max/nova/main/import/images/nova-trouser-sand.png,,,,,,,,
nova-flint-trouser,,,,,,,Color,Sand,Size,36,NOVA-NOVAFLINTT-SAN-36,shopify,0,deny,manual,4399.00,,TRUE,TRUE,https://raw.githubusercontent.com/Shivam3-max/nova/main/import/images/nova-trouser-sand.png,,,,,,,,
nova-girder-trouser,NOVA Girder Trouser,"<p>A tropical wool trouser. Hidden elastic back, pressed front crease set with heat so it survives the wash.</p><p>Made in small batches, so no two pieces read exactly alike.</p>",NØVA,Trouser,"women, minimal",TRUE,Color,Sand,Size,28,NOVA-NOVAGIRDER-SAN-28,shopify,38,deny,manual,4099.00,,TRUE,TRUE,https://raw.githubusercontent.com/Shivam3-max/nova/main/import/images/nova-trouser-sand.png,https://raw.githubusercontent.com/Shivam3-max/nova/main/import/images/nova-trouser-sand.png,1,NOVA Girder Trouser — Sand,active,NEW,"Two per cent stretch through the warp, so it holds a crease and still sits down comfortably.",trouser,"[{""name"":""Sand"",""swatch"":""#c6bcab"",""art"":""nova-trouser-sand""},{""name"":""Charcoal"",""swatch"":""#2c2d32"",""art"":""nova-trouser-charcoal""}]"
nova-girder-trouser,,,,,,,Color,Sand,Size,30,NOVA-NOVAGIRDER-SAN-30,shopify,38,deny,manual,4099.00,,TRUE,TRUE,https://raw.githubusercontent.com/Shivam3-max/nova/main/import/images/nova-trouser-sand.png,https://raw.githubusercontent.com/Shivam3-max/nova/main/import/images/nova-trouser-charcoal.png,2,NOVA Girder Trouser — Charcoal,,,,,
nova-girder-trouser,,,,,,,Color,Sand,Size,32,NOVA-NOVAGIRDER-SAN-32,shopify,38,deny,manual,4099.00,,TRUE,TRUE,https://raw.githubusercontent.com/Shivam3-max/nova/main/import/images/nova-trouser-sand.png,,,,,,,,
nova-girder-trouser,,,,,,,Color,Sand,Size,34,NOVA-NOVAGIRDER-SAN-34,shopify,38,deny,manual,4099.00,,TRUE,TRUE,https://raw.githubusercontent.com/Shivam3-max/nova/main/import/images/nova-trouser-sand.png,,,,,,,,
nova-girder-trouser,,,,,,,Color,Sand,Size,36,NOVA-NOVAGIRDER-SAN-36,shopify,38,deny,manual,4099.00,,TRUE,TRUE,https://raw.githubusercontent.com/Shivam3-max/nova/main/import/images/nova-trouser-sand.png,,,,,,,,
nova-girder-trouser,,,,,,,Color,Charcoal,Size,28,NOVA-NOVAGIRDER-CHA-28,shopify,38,deny,manual,4099.00,,TRUE,TRUE,https://raw.githubusercontent.com/Shivam3-max/nova/main/import/images/nova-trouser-charcoal.png,,,,,,,,
nova-girder-trouser,,,,,,,Color,Charcoal,Size,30,NOVA-NOVAGIRDER-CHA-30,shopify,38,deny,manual,4099.00,,TRUE,TRUE,https://raw.githubusercontent.com/Shivam3-max/nova/main/import/images/nova-trouser-charcoal.png,,,,,,,,
nova-girder-trouser,,,,,,,Color,Charcoal,Size,32,NOVA-NOVAGIRDER-CHA-32,shopify,38,deny,manual,4099.00,,TRUE,TRUE,https://raw.githubusercontent.com/Shivam3-max/nova/main/import/images/nova-trouser-charcoal.png,,,,,,,,
nova-girder-trouser,,,,,,,Color,Charcoal,Size,34,NOVA-NOVAGIRDER-CHA-34,shopify,38,deny,manual,4099.00,,TRUE,TRUE,https://raw.githubusercontent.com/Shivam3-max/nova/main/import/images/nova-trouser-charcoal.png,,,,,,,,
nova-girder-trouser,,,,,,,Color,Charcoal,Size,36,NOVA-NOVAGIRDER-CHA-36,shopify,0,deny,manual,4099.00,,TRUE,TRUE,https://raw.githubusercontent.com/Shivam3-max/nova/main/import/images/nova-trouser-charcoal.png,,,,,,,,
nova-arc-cap,NOVA Arc Cap,"<p>A washed cotton twill cap. Six panels, pre-curved brim, metal slider closure and an unstructured crown.</p><p>Made in small batches, so no two pieces read exactly alike.</p>",NØVA,Accessory,"accessories, street",TRUE,Color,Olive,Size,OS,NOVA-NOVAARCCAP-OLI-OS,shopify,71,deny,manual,1799.00,,TRUE,TRUE,https://raw.githubusercontent.com/Shivam3-max/nova/main/import/images/nova-cap-olive.png,https://raw.githubusercontent.com/Shivam3-max/nova/main/import/images/nova-cap-olive.png,1,NOVA Arc Cap — Olive,active,,Crown packs flat. Brim pre-curved on a former rather than by hand.,cap,"[{""name"":""Olive"",""swatch"":""#575a44"",""art"":""nova-cap-olive""},{""name"":""Charcoal"",""swatch"":""#2c2d32"",""art"":""nova-cap-charcoal""},{""name"":""Black"",""swatch"":""#131316"",""art"":""nova-cap-black""}]"
nova-arc-cap,,,,,,,Color,Charcoal,Size,OS,NOVA-NOVAARCCAP-CHA-OS,shopify,71,deny,manual,1799.00,,TRUE,TRUE,https://raw.githubusercontent.com/Shivam3-max/nova/main/import/images/nova-cap-charcoal.png,https://raw.githubusercontent.com/Shivam3-max/nova/main/import/images/nova-cap-charcoal.png,2,NOVA Arc Cap — Charcoal,,,,,
nova-arc-cap,,,,,,,Color,Black,Size,OS,NOVA-NOVAARCCAP-BLA-OS,shopify,0,deny,manual,1799.00,,TRUE,TRUE,https://raw.githubusercontent.com/Shivam3-max/nova/main/import/images/nova-cap-black.png,https://raw.githubusercontent.com/Shivam3-max/nova/main/import/images/nova-cap-black.png,3,NOVA Arc Cap — Black,,,,,
nova-haven-cap,NOVA Haven Cap,"<p>A washed cotton twill cap. Six panels, pre-curved brim, metal slider closure and an unstructured crown.</p><p>Made in small batches, so no two pieces read exactly alike.</p>",NØVA,Accessory,"accessories, street",TRUE,Color,Bone,Size,OS,NOVA-NOVAHAVENC-BON-OS,shopify,42,deny,manual,1899.00,,TRUE,TRUE,https://raw.githubusercontent.com/Shivam3-max/nova/main/import/images/nova-cap-bone.png,https://raw.githubusercontent.com/Shivam3-max/nova/main/import/images/nova-cap-bone.png,1,NOVA Haven Cap — Bone,active,,Crown packs flat. Brim pre-curved on a former rather than by hand.,cap,"[{""name"":""Bone"",""swatch"":""#e3ded4"",""art"":""nova-cap-bone""},{""name"":""Olive"",""swatch"":""#575a44"",""art"":""nova-cap-olive""},{""name"":""Charcoal"",""swatch"":""#2c2d32"",""art"":""nova-cap-charcoal""}]"
nova-haven-cap,,,,,,,Color,Olive,Size,OS,NOVA-NOVAHAVENC-OLI-OS,shopify,42,deny,manual,1899.00,,TRUE,TRUE,https://raw.githubusercontent.com/Shivam3-max/nova/main/import/images/nova-cap-olive.png,https://raw.githubusercontent.com/Shivam3-max/nova/main/import/images/nova-cap-olive.png,2,NOVA Haven Cap — Olive,,,,,
nova-haven-cap,,,,,,,Color,Charcoal,Size,OS,NOVA-NOVAHAVENC-CHA-OS,shopify,0,deny,manual,1899.00,,TRUE,TRUE,https://raw.githubusercontent.com/Shivam3-max/nova/main/import/images/nova-cap-charcoal.png,https://raw.githubusercontent.com/Shivam3-max/nova/main/import/images/nova-cap-charcoal.png,3,NOVA Haven Cap — Charcoal,,,,,
nova-ivory-cap,NOVA Ivory Cap,"<p>A washed cotton twill cap. Six panels, pre-curved brim, metal slider closure and an unstructured crown.</p><p>Made in small batches, so no two pieces read exactly alike.</p>",NØVA,Accessory,"accessories, street",TRUE,Color,Bone,Size,OS,NOVA-NOVAIVORYC-BON-OS,shopify,81,deny,manual,1899.00,,TRUE,TRUE,https://raw.githubusercontent.com/Shivam3-max/nova/main/import/images/nova-cap-bone.png,https://raw.githubusercontent.com/Shivam3-max/nova/main/import/images/nova-cap-bone.png,1,NOVA Ivory Cap — Bone,active,,Crown packs flat. Brim pre-curved on a former rather than by hand.,cap,"[{""name"":""Bone"",""swatch"":""#e3ded4"",""art"":""nova-cap-bone""},{""name"":""Olive"",""swatch"":""#575a44"",""art"":""nova-cap-olive""}]"
nova-ivory-cap,,,,,,,Color,Olive,Size,OS,NOVA-NOVAIVORYC-OLI-OS,shopify,0,deny,manual,1899.00,,TRUE,TRUE,https://raw.githubusercontent.com/Shivam3-max/nova/main/import/images/nova-cap-olive.png,https://raw.githubusercontent.com/Shivam3-max/nova/main/import/images/nova-cap-olive.png,2,NOVA Ivory Cap — Olive,,,,,
nova-jetty-cap,NOVA Jetty Cap,"<p>A washed cotton twill cap. Six panels, pre-curved brim, metal slider closure and an unstructured crown.</p><p>Made in small batches, so no two pieces read exactly alike.</p>",NØVA,Accessory,"accessories, street",TRUE,Color,Charcoal,Size,OS,NOVA-NOVAJETTYC-CHA-OS,shopify,78,deny,manual,1399.00,,TRUE,TRUE,https://raw.githubusercontent.com/Shivam3-max/nova/main/import/images/nova-cap-charcoal.png,https://raw.githubusercontent.com/Shivam3-max/nova/main/import/images/nova-cap-charcoal.png,1,NOVA Jetty Cap — Charcoal,active,,Crown packs flat. Brim pre-curved on a former rather than by hand.,cap,"[{""name"":""Charcoal"",""swatch"":""#2c2d32"",""art"":""nova-cap-charcoal""},{""name"":""Black"",""swatch"":""#131316"",""art"":""nova-cap-black""},{""name"":""Bone"",""swatch"":""#e3ded4"",""art"":""nova-cap-bone""}]"
nova-jetty-cap,,,,,,,Color,Black,Size,OS,NOVA-NOVAJETTYC-BLA-OS,shopify,78,deny,manual,1399.00,,TRUE,TRUE,https://raw.githubusercontent.com/Shivam3-max/nova/main/import/images/nova-cap-black.png,https://raw.githubusercontent.com/Shivam3-max/nova/main/import/images/nova-cap-black.png,2,NOVA Jetty Cap — Black,,,,,
nova-jetty-cap,,,,,,,Color,Bone,Size,OS,NOVA-NOVAJETTYC-BON-OS,shopify,0,deny,manual,1399.00,,TRUE,TRUE,https://raw.githubusercontent.com/Shivam3-max/nova/main/import/images/nova-cap-bone.png,https://raw.githubusercontent.com/Shivam3-max/nova/main/import/images/nova-cap-bone.png,3,NOVA Jetty Cap — Bone,,,,,
nova-kiln-cap,NOVA Kiln Cap,"<p>A brushed canvas cap. Six panels, pre-curved brim, metal slider closure and an unstructured crown.</p><p>Made in small batches, so no two pieces read exactly alike.</p>",NØVA,Accessory,"accessories, street",TRUE,Color,Charcoal,Size,OS,NOVA-NOVAKILNCA-CHA-OS,shopify,95,deny,manual,1399.00,,TRUE,TRUE,https://raw.githubusercontent.com/Shivam3-max/nova/main/import/images/nova-cap-charcoal.png,https://raw.githubusercontent.com/Shivam3-max/nova/main/import/images/nova-cap-charcoal.png,1,NOVA Kiln Cap — Charcoal,active,,Crown packs flat. Brim pre-curved on a former rather than by hand.,cap,"[{""name"":""Charcoal"",""swatch"":""#2c2d32"",""art"":""nova-cap-charcoal""},{""name"":""Black"",""swatch"":""#131316"",""art"":""nova-cap-black""},{""name"":""Bone"",""swatch"":""#e3ded4"",""art"":""nova-cap-bone""}]"
nova-kiln-cap,,,,,,,Color,Black,Size,OS,NOVA-NOVAKILNCA-BLA-OS,shopify,95,deny,manual,1399.00,,TRUE,TRUE,https://raw.githubusercontent.com/Shivam3-max/nova/main/import/images/nova-cap-black.png,https://raw.githubusercontent.com/Shivam3-max/nova/main/import/images/nova-cap-black.png,2,NOVA Kiln Cap — Black,,,,,
nova-kiln-cap,,,,,,,Color,Bone,Size,OS,NOVA-NOVAKILNCA-BON-OS,shopify,0,deny,manual,1399.00,,TRUE,TRUE,https://raw.githubusercontent.com/Shivam3-max/nova/main/import/images/nova-cap-bone.png,https://raw.githubusercontent.com/Shivam3-max/nova/main/import/images/nova-cap-bone.png,3,NOVA Kiln Cap — Bone,,,,,
nova-carry-tote,NOVA Carry Tote,"<p>A coated ripstop tote. Reinforced webbing handles, internal zip pocket, holds a 16-inch laptop flat.</p><p>Made in small batches, so no two pieces read exactly alike.</p>",NØVA,Accessory,"accessories, minimal, drop",TRUE,Color,Sand,Size,OS,NOVA-NOVACARRYT-SAN-OS,shopify,81,deny,manual,3399.00,4199.00,TRUE,TRUE,https://raw.githubusercontent.com/Shivam3-max/nova/main/import/images/nova-tote-sand.png,https://raw.githubusercontent.com/Shivam3-max/nova/main/import/images/nova-tote-sand.png,1,NOVA Carry Tote — Sand,active,DROP 01,"Canvas woven heavy enough to stand on its own, handles bar-tacked through four layers.",tote,"[{""name"":""Sand"",""swatch"":""#c6bcab"",""art"":""nova-tote-sand""},{""name"":""Black"",""swatch"":""#131316"",""art"":""nova-tote-black""}]"
nova-carry-tote,,,,,,,Color,Black,Size,OS,NOVA-NOVACARRYT-BLA-OS,shopify,0,deny,manual,3399.00,4199.00,TRUE,TRUE,https://raw.githubusercontent.com/Shivam3-max/nova/main/import/images/nova-tote-black.png,https://raw.githubusercontent.com/Shivam3-max/nova/main/import/images/nova-tote-black.png,2,NOVA Carry Tote — Black,,,,,
nova-loam-tote,NOVA Loam Tote,"<p>A 18oz cotton canvas tote. Reinforced webbing handles, internal zip pocket, holds a 16-inch laptop flat.</p><p>Made in small batches, so no two pieces read exactly alike.</p>",NØVA,Accessory,"accessories, minimal, limited",TRUE,Color,Sand,Size,OS,NOVA-NOVALOAMTO-SAN-OS,shopify,28,deny,manual,2999.00,,TRUE,TRUE,https://raw.githubusercontent.com/Shivam3-max/nova/main/import/images/nova-tote-sand.png,https://raw.githubusercontent.com/Shivam3-max/nova/main/import/images/nova-tote-sand.png,1,NOVA Loam Tote — Sand,active,LIMITED,"Canvas woven heavy enough to stand on its own, handles bar-tacked through four layers.",tote,"[{""name"":""Sand"",""swatch"":""#c6bcab"",""art"":""nova-tote-sand""},{""name"":""Black"",""swatch"":""#131316"",""art"":""nova-tote-black""},{""name"":""Bone"",""swatch"":""#e3ded4"",""art"":""nova-tote-bone""}]"
nova-loam-tote,,,,,,,Color,Black,Size,OS,NOVA-NOVALOAMTO-BLA-OS,shopify,28,deny,manual,2999.00,,TRUE,TRUE,https://raw.githubusercontent.com/Shivam3-max/nova/main/import/images/nova-tote-black.png,https://raw.githubusercontent.com/Shivam3-max/nova/main/import/images/nova-tote-black.png,2,NOVA Loam Tote — Black,,,,,
nova-loam-tote,,,,,,,Color,Bone,Size,OS,NOVA-NOVALOAMTO-BON-OS,shopify,0,deny,manual,2999.00,,TRUE,TRUE,https://raw.githubusercontent.com/Shivam3-max/nova/main/import/images/nova-tote-bone.png,https://raw.githubusercontent.com/Shivam3-max/nova/main/import/images/nova-tote-bone.png,3,NOVA Loam Tote — Bone,,,,,
nova-mesa-tote,NOVA Mesa Tote,"<p>A coated ripstop tote. Reinforced webbing handles, internal zip pocket, holds a 16-inch laptop flat.</p><p>Made in small batches, so no two pieces read exactly alike.</p>",NØVA,Accessory,"accessories, minimal",TRUE,Color,Sand,Size,OS,NOVA-NOVAMESATO-SAN-OS,shopify,108,deny,manual,3399.00,,TRUE,TRUE,https://raw.githubusercontent.com/Shivam3-max/nova/main/import/images/nova-tote-sand.png,https://raw.githubusercontent.com/Shivam3-max/nova/main/import/images/nova-tote-sand.png,1,NOVA Mesa Tote — Sand,active,,"Canvas woven heavy enough to stand on its own, handles bar-tacked through four layers.",tote,"[{""name"":""Sand"",""swatch"":""#c6bcab"",""art"":""nova-tote-sand""},{""name"":""Black"",""swatch"":""#131316"",""art"":""nova-tote-black""},{""name"":""Bone"",""swatch"":""#e3ded4"",""art"":""nova-tote-bone""}]"
nova-mesa-tote,,,,,,,Color,Black,Size,OS,NOVA-NOVAMESATO-BLA-OS,shopify,108,deny,manual,3399.00,,TRUE,TRUE,https://raw.githubusercontent.com/Shivam3-max/nova/main/import/images/nova-tote-black.png,https://raw.githubusercontent.com/Shivam3-max/nova/main/import/images/nova-tote-black.png,2,NOVA Mesa Tote — Black,,,,,
nova-mesa-tote,,,,,,,Color,Bone,Size,OS,NOVA-NOVAMESATO-BON-OS,shopify,0,deny,manual,3399.00,,TRUE,TRUE,https://raw.githubusercontent.com/Shivam3-max/nova/main/import/images/nova-tote-bone.png,https://raw.githubusercontent.com/Shivam3-max/nova/main/import/images/nova-tote-bone.png,3,NOVA Mesa Tote — Bone,,,,,
nova-notch-tote,NOVA Notch Tote,"<p>A coated ripstop tote. Reinforced webbing handles, internal zip pocket, holds a 16-inch laptop flat.</p><p>Made in small batches, so no two pieces read exactly alike.</p>",NØVA,Accessory,"accessories, minimal",TRUE,Color,Bone,Size,OS,NOVA-NOVANOTCHT-BON-OS,shopify,62,deny,manual,2399.00,,TRUE,TRUE,https://raw.githubusercontent.com/Shivam3-max/nova/main/import/images/nova-tote-bone.png,https://raw.githubusercontent.com/Shivam3-max/nova/main/import/images/nova-tote-bone.png,1,NOVA Notch Tote — Bone,active,,"Canvas woven heavy enough to stand on its own, handles bar-tacked through four layers.",tote,"[{""name"":""Bone"",""swatch"":""#e3ded4"",""art"":""nova-tote-bone""},{""name"":""Sand"",""swatch"":""#c6bcab"",""art"":""nova-tote-sand""},{""name"":""Black"",""swatch"":""#131316"",""art"":""nova-tote-black""}]"
nova-notch-tote,,,,,,,Color,Sand,Size,OS,NOVA-NOVANOTCHT-SAN-OS,shopify,62,deny,manual,2399.00,,TRUE,TRUE,https://raw.githubusercontent.com/Shivam3-max/nova/main/import/images/nova-tote-sand.png,https://raw.githubusercontent.com/Shivam3-max/nova/main/import/images/nova-tote-sand.png,2,NOVA Notch Tote — Sand,,,,,
nova-notch-tote,,,,,,,Color,Black,Size,OS,NOVA-NOVANOTCHT-BLA-OS,shopify,0,deny,manual,2399.00,,TRUE,TRUE,https://raw.githubusercontent.com/Shivam3-max/nova/main/import/images/nova-tote-black.png,https://raw.githubusercontent.com/Shivam3-max/nova/main/import/images/nova-tote-black.png,3,NOVA Notch Tote — Black,,,,,
nova-ochre-tote,NOVA Ochre Tote,"<p>A 18oz cotton canvas tote. Reinforced webbing handles, internal zip pocket, holds a 16-inch laptop flat.</p><p>Made in small batches, so no two pieces read exactly alike.</p>",NØVA,Accessory,"accessories, minimal",TRUE,Color,Sand,Size,OS,NOVA-NOVAOCHRET-SAN-OS,shopify,30,deny,manual,2699.00,,TRUE,TRUE,https://raw.githubusercontent.com/Shivam3-max/nova/main/import/images/nova-tote-sand.png,https://raw.githubusercontent.com/Shivam3-max/nova/main/import/images/nova-tote-sand.png,1,NOVA Ochre Tote — Sand,active,,"Canvas woven heavy enough to stand on its own, handles bar-tacked through four layers.",tote,"[{""name"":""Sand"",""swatch"":""#c6bcab"",""art"":""nova-tote-sand""},{""name"":""Black"",""swatch"":""#131316"",""art"":""nova-tote-black""}]"
nova-ochre-tote,,,,,,,Color,Black,Size,OS,NOVA-NOVAOCHRET-BLA-OS,shopify,0,deny,manual,2699.00,,TRUE,TRUE,https://raw.githubusercontent.com/Shivam3-max/nova/main/import/images/nova-tote-black.png,https://raw.githubusercontent.com/Shivam3-max/nova/main/import/images/nova-tote-black.png,2,NOVA Ochre Tote — Black,,,,,
nova-shield-sunglasses,NOVA Shield Sunglasses,"<p>A injected bio-acetate sunglasses. CAT-3 lenses, 24 grams, edges tumbled for eight hours to finish.</p><p>Made in small batches, so no two pieces read exactly alike.</p>",NØVA,Accessory,"accessories, luxury",TRUE,Color,Black,Size,OS,NOVA-NOVASHIELD-BLA-OS,shopify,82,deny,manual,3099.00,,TRUE,TRUE,https://raw.githubusercontent.com/Shivam3-max/nova/main/import/images/nova-sunglasses-black.png,https://raw.githubusercontent.com/Shivam3-max/nova/main/import/images/nova-sunglasses-black.png,1,NOVA Shield Sunglasses — Black,active,,"Acetate block milled rather than moulded, which is slower and holds an edge better.",sunglasses,"[{""name"":""Black"",""swatch"":""#131316"",""art"":""nova-sunglasses-black""},{""name"":""Slate"",""swatch"":""#464d57"",""art"":""nova-sunglasses-slate""}]"
nova-shield-sunglasses,,,,,,,Color,Slate,Size,OS,NOVA-NOVASHIELD-SLA-OS,shopify,0,deny,manual,3099.00,,TRUE,TRUE,https://raw.githubusercontent.com/Shivam3-max/nova/main/import/images/nova-sunglasses-slate.png,https://raw.githubusercontent.com/Shivam3-max/nova/main/import/images/nova-sunglasses-slate.png,2,NOVA Shield Sunglasses — Slate,,,,,
nova-pier-sunglasses,NOVA Pier Sunglasses,"<p>A milled acetate sunglasses. CAT-3 lenses, 24 grams, edges tumbled for eight hours to finish.</p><p>Made in small batches, so no two pieces read exactly alike.</p>",NØVA,Accessory,"accessories, luxury",TRUE,Color,Slate,Size,OS,NOVA-NOVAPIERSU-SLA-OS,shopify,105,deny,manual,3799.00,,TRUE,TRUE,https://raw.githubusercontent.com/Shivam3-max/nova/main/import/images/nova-sunglasses-slate.png,https://raw.githubusercontent.com/Shivam3-max/nova/main/import/images/nova-sunglasses-slate.png,1,NOVA Pier Sunglasses — Slate,active,,"Acetate block milled rather than moulded, which is slower and holds an edge better.",sunglasses,"[{""name"":""Slate"",""swatch"":""#464d57"",""art"":""nova-sunglasses-slate""},{""name"":""Ink"",""swatch"":""#1a1d24"",""art"":""nova-sunglasses-ink""},{""name"":""Black"",""swatch"":""#131316"",""art"":""nova-sunglasses-black""}]"
nova-pier-sunglasses,,,,,,,Color,Ink,Size,OS,NOVA-NOVAPIERSU-INK-OS,shopify,105,deny,manual,3799.00,,TRUE,TRUE,https://raw.githubusercontent.com/Shivam3-max/nova/main/import/images/nova-sunglasses-ink.png,https://raw.githubusercontent.com/Shivam3-max/nova/main/import/images/nova-sunglasses-ink.png,2,NOVA Pier Sunglasses — Ink,,,,,
nova-pier-sunglasses,,,,,,,Color,Black,Size,OS,NOVA-NOVAPIERSU-BLA-OS,shopify,0,deny,manual,3799.00,,TRUE,TRUE,https://raw.githubusercontent.com/Shivam3-max/nova/main/import/images/nova-sunglasses-black.png,https://raw.githubusercontent.com/Shivam3-max/nova/main/import/images/nova-sunglasses-black.png,3,NOVA Pier Sunglasses — Black,,,,,
nova-quill-sunglasses,NOVA Quill Sunglasses,"<p>A injected bio-acetate sunglasses. CAT-3 lenses, 24 grams, edges tumbled for eight hours to finish.</p><p>Made in small batches, so no two pieces read exactly alike.</p>",NØVA,Accessory,"accessories, luxury",TRUE,Color,Slate,Size,OS,NOVA-NOVAQUILLS-SLA-OS,shopify,93,deny,manual,2899.00,,TRUE,TRUE,https://raw.githubusercontent.com/Shivam3-max/nova/main/import/images/nova-sunglasses-slate.png,https://raw.githubusercontent.com/Shivam3-max/nova/main/import/images/nova-sunglasses-slate.png,1,NOVA Quill Sunglasses — Slate,active,,"Acetate block milled rather than moulded, which is slower and holds an edge better.",sunglasses,"[{""name"":""Slate"",""swatch"":""#464d57"",""art"":""nova-sunglasses-slate""},{""name"":""Ink"",""swatch"":""#1a1d24"",""art"":""nova-sunglasses-ink""}]"
nova-quill-sunglasses,,,,,,,Color,Ink,Size,OS,NOVA-NOVAQUILLS-INK-OS,shopify,0,deny,manual,2899.00,,TRUE,TRUE,https://raw.githubusercontent.com/Shivam3-max/nova/main/import/images/nova-sunglasses-ink.png,https://raw.githubusercontent.com/Shivam3-max/nova/main/import/images/nova-sunglasses-ink.png,2,NOVA Quill Sunglasses — Ink,,,,,
nova-rill-sunglasses,NOVA Rill Sunglasses,"<p>A milled acetate sunglasses. CAT-3 lenses, 24 grams, edges tumbled for eight hours to finish.</p><p>Made in small batches, so no two pieces read exactly alike.</p>",NØVA,Accessory,"accessories, luxury",TRUE,Color,Slate,Size,OS,NOVA-NOVARILLSU-SLA-OS,shopify,71,deny,manual,2499.00,,TRUE,TRUE,https://raw.githubusercontent.com/Shivam3-max/nova/main/import/images/nova-sunglasses-slate.png,https://raw.githubusercontent.com/Shivam3-max/nova/main/import/images/nova-sunglasses-slate.png,1,NOVA Rill Sunglasses — Slate,active,NEW,"Acetate block milled rather than moulded, which is slower and holds an edge better.",sunglasses,"[{""name"":""Slate"",""swatch"":""#464d57"",""art"":""nova-sunglasses-slate""},{""name"":""Ink"",""swatch"":""#1a1d24"",""art"":""nova-sunglasses-ink""},{""name"":""Black"",""swatch"":""#131316"",""art"":""nova-sunglasses-black""}]"
nova-rill-sunglasses,,,,,,,Color,Ink,Size,OS,NOVA-NOVARILLSU-INK-OS,shopify,71,deny,manual,2499.00,,TRUE,TRUE,https://raw.githubusercontent.com/Shivam3-max/nova/main/import/images/nova-sunglasses-ink.png,https://raw.githubusercontent.com/Shivam3-max/nova/main/import/images/nova-sunglasses-ink.png,2,NOVA Rill Sunglasses — Ink,,,,,
nova-rill-sunglasses,,,,,,,Color,Black,Size,OS,NOVA-NOVARILLSU-BLA-OS,shopify,0,deny,manual,2499.00,,TRUE,TRUE,https://raw.githubusercontent.com/Shivam3-max/nova/main/import/images/nova-sunglasses-black.png,https://raw.githubusercontent.com/Shivam3-max/nova/main/import/images/nova-sunglasses-black.png,3,NOVA Rill Sunglasses — Black,,,,,
nova-shale-sunglasses,NOVA Shale Sunglasses,"<p>A injected bio-acetate sunglasses. CAT-3 lenses, 24 grams, edges tumbled for eight hours to finish.</p><p>Made in small batches, so no two pieces read exactly alike.</p>",NØVA,Accessory,"accessories, luxury, drop",TRUE,Color,Black,Size,OS,NOVA-NOVASHALES-BLA-OS,shopify,74,deny,manual,3399.00,,TRUE,TRUE,https://raw.githubusercontent.com/Shivam3-max/nova/main/import/images/nova-sunglasses-black.png,https://raw.githubusercontent.com/Shivam3-max/nova/main/import/images/nova-sunglasses-black.png,1,NOVA Shale Sunglasses — Black,active,DROP 01,"Acetate block milled rather than moulded, which is slower and holds an edge better.",sunglasses,"[{""name"":""Black"",""swatch"":""#131316"",""art"":""nova-sunglasses-black""},{""name"":""Slate"",""swatch"":""#464d57"",""art"":""nova-sunglasses-slate""}]"
nova-shale-sunglasses,,,,,,,Color,Slate,Size,OS,NOVA-NOVASHALES-SLA-OS,shopify,0,deny,manual,3399.00,,TRUE,TRUE,https://raw.githubusercontent.com/Shivam3-max/nova/main/import/images/nova-sunglasses-slate.png,https://raw.githubusercontent.com/Shivam3-max/nova/main/import/images/nova-sunglasses-slate.png,2,NOVA Shale Sunglasses — Slate,,,,,
